transcript_name	transcript_id	k_size	total_kmer_windows	matched_kmer_windows	matched_kmer_ratio	unique_kmers	unique_kmers_found	unique_kmer_ratio	reference_hit_sum
HAR1A-201	ENST00000433161.2	34	1884	1363	0.723461	1884	1363	0.723461	1363
HAR1A-202	ENST00000806886.1	34	925	622	0.672432	925	622	0.672432	622
HAR1A-203	ENST00000806887.1	34	844	519	0.614929	844	519	0.614929	519
