transcript_name	transcript_id	k_size	total_kmer_windows	matched_kmer_windows	matched_kmer_ratio	unique_kmers	unique_kmers_found	unique_kmer_ratio	reference_hit_sum
HAR1A-201	ENST00000433161.2	34	1884	1662	0.882166	1884	1662	0.882166	1662
HAR1A-202	ENST00000806886.1	34	925	862	0.931892	925	862	0.931892	862
HAR1A-203	ENST00000806887.1	34	844	777	0.920616	844	777	0.920616	777
