transcript_name	transcript_id	k_size	total_kmer_windows	matched_kmer_windows	matched_kmer_ratio	unique_kmers	unique_kmers_found	unique_kmer_ratio	reference_hit_sum
HAR1A-201	ENST00000433161.2	34	1884	1722	0.914013	1884	1722	0.914013	1722
HAR1A-202	ENST00000806886.1	34	925	896	0.968649	925	896	0.968649	896
HAR1A-203	ENST00000806887.1	34	844	811	0.9609	844	811	0.9609	811
