transcript_name	transcript_id	k_size	total_kmer_windows	matched_kmer_windows	matched_kmer_ratio	unique_kmers	unique_kmers_found	unique_kmer_ratio	reference_hit_sum
HAR1A-201	ENST00000433161.2	34	1884	719	0.381635	1884	719	0.381635	719
HAR1A-202	ENST00000806886.1	34	925	544	0.588108	925	544	0.588108	544
HAR1A-203	ENST00000806887.1	34	844	567	0.671801	844	567	0.671801	567
