transcript_name	transcript_id	k_size	total_kmer_windows	matched_kmer_windows	matched_kmer_ratio	unique_kmers	unique_kmers_found	unique_kmer_ratio	reference_hit_sum
HAR1A-201	ENST00000433161.2	34	1884	632	0.335456	1884	632	0.335456	632
HAR1A-202	ENST00000806886.1	34	925	497	0.537297	925	497	0.537297	497
HAR1A-203	ENST00000806887.1	34	844	495	0.586493	844	495	0.586493	495
