transcript_name	transcript_id	k_size	total_kmer_windows	matched_kmer_windows	matched_kmer_ratio	unique_kmers	unique_kmers_found	unique_kmer_ratio	reference_hit_sum
HAR1A-201	ENST00000433161.2	34	1884	613	0.325372	1884	613	0.325372	613
HAR1A-202	ENST00000806886.1	34	925	473	0.511351	925	473	0.511351	473
HAR1A-203	ENST00000806887.1	34	844	471	0.558057	844	471	0.558057	471
