transcript_name	transcript_id	k_size	total_kmer_windows	matched_kmer_windows	matched_kmer_ratio	unique_kmers	unique_kmers_found	unique_kmer_ratio	reference_hit_sum
HAR1A-201	ENST00000433161.2	34	1884	160	0.0849257	1884	160	0.0849257	160
HAR1A-202	ENST00000806886.1	34	925	160	0.172973	925	160	0.172973	160
HAR1A-203	ENST00000806887.1	34	844	155	0.183649	844	155	0.183649	155
