transcript_name	transcript_id	k_size	total_kmer_windows	matched_kmer_windows	matched_kmer_ratio	unique_kmers	unique_kmers_found	unique_kmer_ratio	reference_hit_sum
HAR1A-201	ENST00000433161.2	34	1884	164	0.0870488	1884	164	0.0870488	164
HAR1A-202	ENST00000806886.1	34	925	164	0.177297	925	164	0.177297	164
HAR1A-203	ENST00000806887.1	34	844	159	0.188389	844	159	0.188389	159
