transcript_name	transcript_id	k_size	total_kmer_windows	matched_kmer_windows	matched_kmer_ratio	unique_kmers	unique_kmers_found	unique_kmer_ratio	reference_hit_sum
HAR1A-201	ENST00000433161.2	34	1884	1615	0.857219	1884	1615	0.857219	1615
HAR1A-202	ENST00000806886.1	34	925	794	0.858378	925	794	0.858378	794
HAR1A-203	ENST00000806887.1	34	844	709	0.840047	844	709	0.840047	709
