transcript_name	transcript_id	k_size	total_kmer_windows	matched_kmer_windows	matched_kmer_ratio	unique_kmers	unique_kmers_found	unique_kmer_ratio	reference_hit_sum
HAR1A-201	ENST00000433161.2	36	1882	1597	0.848565	1882	1597	0.848565	1597
HAR1A-202	ENST00000806886.1	36	923	784	0.849404	923	784	0.849404	784
HAR1A-203	ENST00000806887.1	36	842	699	0.830166	842	699	0.830166	699
