transcript_name	transcript_id	k_size	total_kmer_windows	matched_kmer_windows	matched_kmer_ratio	unique_kmers	unique_kmers_found	unique_kmer_ratio	reference_hit_sum
HAR1A-201	ENST00000433161.2	36	1882	152	0.0807651	1882	152	0.0807651	152
HAR1A-202	ENST00000806886.1	36	923	152	0.16468	923	152	0.16468	152
HAR1A-203	ENST00000806887.1	36	842	149	0.17696	842	149	0.17696	149
