transcript_name	transcript_id	k_size	total_kmer_windows	matched_kmer_windows	matched_kmer_ratio	unique_kmers	unique_kmers_found	unique_kmer_ratio	reference_hit_sum
HAR1A-201	ENST00000433161.2	36	1882	1333	0.708289	1882	1333	0.708289	1333
HAR1A-202	ENST00000806886.1	36	923	606	0.656555	923	606	0.656555	606
HAR1A-203	ENST00000806887.1	36	842	501	0.595012	842	501	0.595012	501
