transcript_name	transcript_id	k_size	total_kmer_windows	matched_kmer_windows	matched_kmer_ratio	unique_kmers	unique_kmers_found	unique_kmer_ratio	reference_hit_sum
HAR1A-201	ENST00000433161.2	36	1882	689	0.3661	1882	689	0.3661	689
HAR1A-202	ENST00000806886.1	36	923	524	0.567714	923	524	0.567714	524
HAR1A-203	ENST00000806887.1	36	842	549	0.652019	842	549	0.652019	549
