transcript_name	transcript_id	k_size	total_kmer_windows	matched_kmer_windows	matched_kmer_ratio	unique_kmers	unique_kmers_found	unique_kmer_ratio	reference_hit_sum
HAR1A-201	ENST00000433161.2	36	1882	1710	0.908608	1882	1710	0.908608	1710
HAR1A-202	ENST00000806886.1	36	923	892	0.966414	923	892	0.966414	892
HAR1A-203	ENST00000806887.1	36	842	807	0.958432	842	807	0.958432	807
