transcript_name	transcript_id	k_size	total_kmer_windows	matched_kmer_windows	matched_kmer_ratio	unique_kmers	unique_kmers_found	unique_kmer_ratio	reference_hit_sum
HAR1A-201	ENST00000433161.2	36	1882	585	0.31084	1882	585	0.31084	585
HAR1A-202	ENST00000806886.1	36	923	455	0.492958	923	455	0.492958	455
HAR1A-203	ENST00000806887.1	36	842	455	0.54038	842	455	0.54038	455
