transcript_name	transcript_id	k_size	total_kmer_windows	matched_kmer_windows	matched_kmer_ratio	unique_kmers	unique_kmers_found	unique_kmer_ratio	reference_hit_sum
HAR1A-201	ENST00000433161.2	36	1882	1648	0.875664	1882	1648	0.875664	1648
HAR1A-202	ENST00000806886.1	36	923	856	0.927411	923	856	0.927411	856
HAR1A-203	ENST00000806887.1	36	842	771	0.915677	842	771	0.915677	771
