transcript_name	transcript_id	k_size	total_kmer_windows	matched_kmer_windows	matched_kmer_ratio	unique_kmers	unique_kmers_found	unique_kmer_ratio	reference_hit_sum
HAR1A-201	ENST00000433161.2	37	1881	675	0.358852	1881	675	0.358852	675
HAR1A-202	ENST00000806886.1	37	922	514	0.557484	922	514	0.557484	514
HAR1A-203	ENST00000806887.1	37	841	540	0.642093	841	540	0.642093	540
