transcript_name	transcript_id	k_size	total_kmer_windows	matched_kmer_windows	matched_kmer_ratio	unique_kmers	unique_kmers_found	unique_kmer_ratio	reference_hit_sum
HAR1A-201	ENST00000433161.2	37	1881	145	0.0770867	1881	145	0.0770867	145
HAR1A-202	ENST00000806886.1	37	922	145	0.157267	922	145	0.157267	145
HAR1A-203	ENST00000806887.1	37	841	143	0.170036	841	143	0.170036	143
