transcript_name	transcript_id	k_size	total_kmer_windows	matched_kmer_windows	matched_kmer_ratio	unique_kmers	unique_kmers_found	unique_kmer_ratio	reference_hit_sum
HAR1A-201	ENST00000433161.2	37	1881	1704	0.905901	1881	1704	0.905901	1704
HAR1A-202	ENST00000806886.1	37	922	890	0.965293	922	890	0.965293	890
HAR1A-203	ENST00000806887.1	37	841	805	0.957194	841	805	0.957194	805
