transcript_name	transcript_id	k_size	total_kmer_windows	matched_kmer_windows	matched_kmer_ratio	unique_kmers	unique_kmers_found	unique_kmer_ratio	reference_hit_sum
HAR1A-201	ENST00000433161.2	37	1881	596	0.316853	1881	596	0.316853	596
HAR1A-202	ENST00000806886.1	37	922	470	0.509761	922	470	0.509761	470
HAR1A-203	ENST00000806887.1	37	841	471	0.560048	841	471	0.560048	471
