transcript_name	transcript_id	k_size	total_kmer_windows	matched_kmer_windows	matched_kmer_ratio	unique_kmers	unique_kmers_found	unique_kmer_ratio	reference_hit_sum
HAR1A-201	ENST00000433161.2	40	1878	1561	0.831203	1878	1561	0.831203	1561
HAR1A-202	ENST00000806886.1	40	919	764	0.831338	919	764	0.831338	764
HAR1A-203	ENST00000806887.1	40	838	679	0.810263	838	679	0.810263	679
