transcript_name	transcript_id	k_size	total_kmer_windows	matched_kmer_windows	matched_kmer_ratio	unique_kmers	unique_kmers_found	unique_kmer_ratio	reference_hit_sum
HAR1A-201	ENST00000433161.2	40	1878	562	0.299255	1878	562	0.299255	562
HAR1A-202	ENST00000806886.1	40	919	445	0.484222	919	445	0.484222	445
HAR1A-203	ENST00000806887.1	40	838	447	0.533413	838	447	0.533413	447
