transcript_name	transcript_id	k_size	total_kmer_windows	matched_kmer_windows	matched_kmer_ratio	unique_kmers	unique_kmers_found	unique_kmer_ratio	reference_hit_sum
HAR1A-201	ENST00000433161.2	40	1878	538	0.286475	1878	538	0.286475	538
HAR1A-202	ENST00000806886.1	40	919	421	0.458107	919	421	0.458107	421
HAR1A-203	ENST00000806887.1	40	838	423	0.504773	838	423	0.504773	423
