transcript_name	transcript_id	k_size	total_kmer_windows	matched_kmer_windows	matched_kmer_ratio	unique_kmers	unique_kmers_found	unique_kmer_ratio	reference_hit_sum
HAR1A-201	ENST00000433161.2	40	1878	131	0.0697551	1878	131	0.0697551	131
HAR1A-202	ENST00000806886.1	40	919	131	0.142546	919	131	0.142546	131
HAR1A-203	ENST00000806887.1	40	838	131	0.156325	838	131	0.156325	131
