transcript_name	transcript_id	k_size	total_kmer_windows	matched_kmer_windows	matched_kmer_ratio	unique_kmers	unique_kmers_found	unique_kmer_ratio	reference_hit_sum
HAR1A-201	ENST00000433161.2	40	1878	1686	0.897764	1878	1686	0.897764	1686
HAR1A-202	ENST00000806886.1	40	919	884	0.961915	919	884	0.961915	884
HAR1A-203	ENST00000806887.1	40	838	799	0.953461	838	799	0.953461	799
