transcript_name	transcript_id	k_size	total_kmer_windows	matched_kmer_windows	matched_kmer_ratio	unique_kmers	unique_kmers_found	unique_kmer_ratio	reference_hit_sum
HAR1A-201	ENST00000433161.2	40	1878	638	0.339723	1878	638	0.339723	638
HAR1A-202	ENST00000806886.1	40	919	486	0.528836	919	486	0.528836	486
HAR1A-203	ENST00000806887.1	40	838	513	0.612172	838	513	0.612172	513
