transcript_name	transcript_id	k_size	total_kmer_windows	matched_kmer_windows	matched_kmer_ratio	unique_kmers	unique_kmers_found	unique_kmer_ratio	reference_hit_sum
HAR1A-201	ENST00000433161.2	39	1879	549	0.292177	1879	549	0.292177	549
HAR1A-202	ENST00000806886.1	39	920	429	0.466304	920	429	0.466304	429
HAR1A-203	ENST00000806887.1	39	839	431	0.513707	839	431	0.513707	431
