transcript_name	transcript_id	k_size	total_kmer_windows	matched_kmer_windows	matched_kmer_ratio	unique_kmers	unique_kmers_found	unique_kmer_ratio	reference_hit_sum
HAR1A-201	ENST00000433161.2	39	1879	135	0.0718467	1879	135	0.0718467	135
HAR1A-202	ENST00000806886.1	39	920	135	0.146739	920	135	0.146739	135
HAR1A-203	ENST00000806887.1	39	839	135	0.160906	839	135	0.160906	135
