transcript_name	transcript_id	k_size	total_kmer_windows	matched_kmer_windows	matched_kmer_ratio	unique_kmers	unique_kmers_found	unique_kmer_ratio	reference_hit_sum
HAR1A-201	ENST00000433161.2	39	1879	573	0.304949	1879	573	0.304949	573
HAR1A-202	ENST00000806886.1	39	920	453	0.492391	920	453	0.492391	453
HAR1A-203	ENST00000806887.1	39	839	455	0.542312	839	455	0.542312	455
