transcript_name	transcript_id	k_size	total_kmer_windows	matched_kmer_windows	matched_kmer_ratio	unique_kmers	unique_kmers_found	unique_kmer_ratio	reference_hit_sum
HAR1A-201	ENST00000433161.2	39	1879	1288	0.685471	1879	1288	0.685471	1288
HAR1A-202	ENST00000806886.1	39	920	582	0.632609	920	582	0.632609	582
HAR1A-203	ENST00000806887.1	39	839	474	0.564958	839	474	0.564958	474
