transcript_name	transcript_id	k_size	total_kmer_windows	matched_kmer_windows	matched_kmer_ratio	unique_kmers	unique_kmers_found	unique_kmer_ratio	reference_hit_sum
HAR1A-201	ENST00000433161.2	39	1879	1570	0.835551	1879	1570	0.835551	1570
HAR1A-202	ENST00000806886.1	39	920	769	0.83587	920	769	0.83587	769
HAR1A-203	ENST00000806887.1	39	839	684	0.815256	839	684	0.815256	684
