transcript_name	transcript_id	k_size	total_kmer_windows	matched_kmer_windows	matched_kmer_ratio	unique_kmers	unique_kmers_found	unique_kmer_ratio	reference_hit_sum
HAR1A-201	ENST00000433161.2	39	1879	650	0.345929	1879	650	0.345929	650
HAR1A-202	ENST00000806886.1	39	920	495	0.538043	920	495	0.538043	495
HAR1A-203	ENST00000806887.1	39	839	522	0.622169	839	522	0.622169	522
