transcript_name	transcript_id	k_size	total_kmer_windows	matched_kmer_windows	matched_kmer_ratio	unique_kmers	unique_kmers_found	unique_kmer_ratio	reference_hit_sum
HAR1A-201	ENST00000433161.2	39	1879	1692	0.900479	1879	1692	0.900479	1692
HAR1A-202	ENST00000806886.1	39	920	886	0.963043	920	886	0.963043	886
HAR1A-203	ENST00000806887.1	39	839	801	0.954708	839	801	0.954708	801
