transcript_name	transcript_id	k_size	total_kmer_windows	matched_kmer_windows	matched_kmer_ratio	unique_kmers	unique_kmers_found	unique_kmer_ratio	reference_hit_sum
HAR1A-201	ENST00000433161.2	38	1880	140	0.0744681	1880	140	0.0744681	140
HAR1A-202	ENST00000806886.1	38	921	140	0.152009	921	140	0.152009	140
HAR1A-203	ENST00000806887.1	38	840	139	0.165476	840	139	0.165476	139
