transcript_name	transcript_id	k_size	total_kmer_windows	matched_kmer_windows	matched_kmer_ratio	unique_kmers	unique_kmers_found	unique_kmer_ratio	reference_hit_sum
HAR1A-201	ENST00000433161.2	38	1880	584	0.310638	1880	584	0.310638	584
HAR1A-202	ENST00000806886.1	38	921	461	0.500543	921	461	0.500543	461
HAR1A-203	ENST00000806887.1	38	840	463	0.55119	840	463	0.55119	463
