transcript_name	transcript_id	k_size	total_kmer_windows	matched_kmer_windows	matched_kmer_ratio	unique_kmers	unique_kmers_found	unique_kmer_ratio	reference_hit_sum
HAR1A-201	ENST00000433161.2	38	1880	662	0.352128	1880	662	0.352128	662
HAR1A-202	ENST00000806886.1	38	921	504	0.547231	921	504	0.547231	504
HAR1A-203	ENST00000806887.1	38	840	531	0.632143	840	531	0.632143	531
