transcript_name	transcript_id	k_size	total_kmer_windows	matched_kmer_windows	matched_kmer_ratio	unique_kmers	unique_kmers_found	unique_kmer_ratio	reference_hit_sum
HAR1A-201	ENST00000433161.2	38	1880	1698	0.903191	1880	1698	0.903191	1698
HAR1A-202	ENST00000806886.1	38	921	888	0.964169	921	888	0.964169	888
HAR1A-203	ENST00000806887.1	38	840	803	0.955952	840	803	0.955952	803
