transcript_id	gene_id	gene_name
ENST00000471766.4	ENSG00000291076.2	AADACP1
ENST00000754681.1	ENSG00000291076.2	AADACP1
ENST00000754683.1	ENSG00000291076.2	AADACP1
ENST00000754687.1	ENSG00000291076.2	AADACP1
ENST00000754689.1	ENSG00000291076.2	AADACP1
ENST00000754690.1	ENSG00000291076.2	AADACP1
ENST00000754691.1	ENSG00000291076.2	AADACP1
ENST00000754692.1	ENSG00000291076.2	AADACP1
ENST00000754693.1	ENSG00000291076.2	AADACP1
ENST00000451020.6	ENSG00000293360.1	ABCA11P
ENST00000507854.1	ENSG00000293360.1	ABCA11P
ENST00000514396.5	ENSG00000293360.1	ABCA11P
ENST00000422946.1	ENSG00000223882.1	ABCC5-AS1
ENST00000440540.2	ENSG00000234478.2	ACBD3-AS1
ENST00000788843.1	ENSG00000234478.2	ACBD3-AS1
ENST00000788844.1	ENSG00000234478.2	ACBD3-AS1
ENST00000788845.1	ENSG00000234478.2	ACBD3-AS1
ENST00000788846.1	ENSG00000234478.2	ACBD3-AS1
ENST00000788847.1	ENSG00000234478.2	ACBD3-AS1
ENST00000788848.1	ENSG00000234478.2	ACBD3-AS1
ENST00000788849.1	ENSG00000234478.2	ACBD3-AS1
ENST00000376593.2	ENSG00000204581.3	ACOXL-AS1
ENST00000418615.1	ENSG00000204581.3	ACOXL-AS1
ENST00000670010.1	ENSG00000204581.3	ACOXL-AS1
ENST00000466225.4	ENSG00000241158.7	ADAMTS9-AS1
ENST00000470447.1	ENSG00000241158.7	ADAMTS9-AS1
ENST00000471990.3	ENSG00000241158.7	ADAMTS9-AS1
ENST00000474313.1	ENSG00000241158.7	ADAMTS9-AS1
ENST00000480831.1	ENSG00000241158.7	ADAMTS9-AS1
ENST00000493124.3	ENSG00000241158.7	ADAMTS9-AS1
ENST00000594810.3	ENSG00000241158.7	ADAMTS9-AS1
ENST00000597944.1	ENSG00000241158.7	ADAMTS9-AS1
ENST00000601022.1	ENSG00000241158.7	ADAMTS9-AS1
ENST00000625328.1	ENSG00000241158.7	ADAMTS9-AS1
ENST00000625396.1	ENSG00000241158.7	ADAMTS9-AS1
ENST00000625433.1	ENSG00000241158.7	ADAMTS9-AS1
ENST00000625636.1	ENSG00000241158.7	ADAMTS9-AS1
ENST00000625832.1	ENSG00000241158.7	ADAMTS9-AS1
ENST00000626014.2	ENSG00000241158.7	ADAMTS9-AS1
ENST00000626280.1	ENSG00000241158.7	ADAMTS9-AS1
ENST00000627227.2	ENSG00000241158.7	ADAMTS9-AS1
ENST00000628461.2	ENSG00000241158.7	ADAMTS9-AS1
ENST00000630336.2	ENSG00000241158.7	ADAMTS9-AS1
ENST00000631269.1	ENSG00000241158.7	ADAMTS9-AS1
ENST00000647631.2	ENSG00000241158.7	ADAMTS9-AS1
ENST00000460833.2	ENSG00000241684.9	ADAMTS9-AS2
ENST00000474768.5	ENSG00000241684.9	ADAMTS9-AS2
ENST00000485174.5	ENSG00000241684.9	ADAMTS9-AS2
ENST00000702102.1	ENSG00000241684.9	ADAMTS9-AS2
ENST00000770413.1	ENSG00000241684.9	ADAMTS9-AS2
ENST00000770417.1	ENSG00000241684.9	ADAMTS9-AS2
ENST00000770418.1	ENSG00000241684.9	ADAMTS9-AS2
ENST00000770420.1	ENSG00000241684.9	ADAMTS9-AS2
ENST00000770422.1	ENSG00000241684.9	ADAMTS9-AS2
ENST00000770424.1	ENSG00000241684.9	ADAMTS9-AS2
ENST00000770425.1	ENSG00000241684.9	ADAMTS9-AS2
ENST00000770426.1	ENSG00000241684.9	ADAMTS9-AS2
ENST00000770427.1	ENSG00000241684.9	ADAMTS9-AS2
ENST00000770428.1	ENSG00000241684.9	ADAMTS9-AS2
ENST00000770429.1	ENSG00000241684.9	ADAMTS9-AS2
ENST00000770430.1	ENSG00000241684.9	ADAMTS9-AS2
ENST00000770431.1	ENSG00000241684.9	ADAMTS9-AS2
ENST00000770432.1	ENSG00000241684.9	ADAMTS9-AS2
ENST00000770433.1	ENSG00000241684.9	ADAMTS9-AS2
ENST00000770434.1	ENSG00000241684.9	ADAMTS9-AS2
ENST00000770435.1	ENSG00000241684.9	ADAMTS9-AS2
ENST00000770436.1	ENSG00000241684.9	ADAMTS9-AS2
ENST00000770448.1	ENSG00000241684.9	ADAMTS9-AS2
ENST00000770453.1	ENSG00000241684.9	ADAMTS9-AS2
ENST00000502339.1	ENSG00000248692.6	ADGRL3-AS1
ENST00000801748.1	ENSG00000248692.6	ADGRL3-AS1
ENST00000608442.2	ENSG00000272620.2	AFAP1-AS1
ENST00000507023.1	ENSG00000250131.3	AGA-DT
ENST00000671080.1	ENSG00000250131.3	AGA-DT
ENST00000829582.1	ENSG00000250131.3	AGA-DT
ENST00000440498.1	ENSG00000235529.3	AGAP1-IT1
ENST00000690935.2	ENSG00000235529.3	AGAP1-IT1
ENST00000420071.1	ENSG00000230114.1	AGBL4-AS1
ENST00000357022.6	ENSG00000293434.2	AHSA2P
ENST00000394457.7	ENSG00000293434.2	AHSA2P
ENST00000463681.1	ENSG00000293434.2	AHSA2P
ENST00000471542.6	ENSG00000293434.2	AHSA2P
ENST00000484217.1	ENSG00000293434.2	AHSA2P
ENST00000487904.5	ENSG00000293434.2	AHSA2P
ENST00000493310.1	ENSG00000293434.2	AHSA2P
ENST00000493628.6	ENSG00000293434.2	AHSA2P
ENST00000642505.1	ENSG00000293434.2	AHSA2P
ENST00000642732.1	ENSG00000293434.2	AHSA2P
ENST00000643913.1	ENSG00000293434.2	AHSA2P
ENST00000647519.1	ENSG00000293434.2	AHSA2P
ENST00000733926.1	ENSG00000293434.2	AHSA2P
ENST00000733927.1	ENSG00000293434.2	AHSA2P
ENST00000733928.1	ENSG00000293434.2	AHSA2P
ENST00000733929.1	ENSG00000293434.2	AHSA2P
ENST00000507924.2	ENSG00000250218.2	ALDH1L1-AS1
ENST00000656531.1	ENSG00000250218.2	ALDH1L1-AS1
ENST00000661819.1	ENSG00000250218.2	ALDH1L1-AS1
ENST00000654154.2	ENSG00000246022.5	ALDH1L1-AS2
ENST00000725973.1	ENSG00000246022.5	ALDH1L1-AS2
ENST00000725974.1	ENSG00000246022.5	ALDH1L1-AS2
ENST00000725975.1	ENSG00000246022.5	ALDH1L1-AS2
ENST00000441587.3	ENSG00000230002.3	ALMS1-IT1
ENST00000707632.1	ENSG00000291477.1	ALMS1-IT1
ENST00000652439.1	ENSG00000290727.2	ALMS1P1
ENST00000707663.1	ENSG00000291487.1	ALMS1P1
ENST00000755937.1	ENSG00000290727.2	ALMS1P1
ENST00000755941.1	ENSG00000290727.2	ALMS1P1
ENST00000755942.1	ENSG00000290727.2	ALMS1P1
ENST00000755944.1	ENSG00000290727.2	ALMS1P1
ENST00000755949.1	ENSG00000290727.2	ALMS1P1
ENST00000755950.1	ENSG00000290727.2	ALMS1P1
ENST00000755953.1	ENSG00000290727.2	ALMS1P1
ENST00000755955.1	ENSG00000290727.2	ALMS1P1
ENST00000814195.1	ENSG00000285793.2	ANAPC1P2
ENST00000814198.1	ENSG00000285793.2	ANAPC1P2
ENST00000421951.5	ENSG00000291127.2	ANKRD36BP2
ENST00000427055.1	ENSG00000291127.2	ANKRD36BP2
ENST00000443770.3	ENSG00000291127.2	ANKRD36BP2
ENST00000685036.2	ENSG00000291127.2	ANKRD36BP2
ENST00000702796.2	ENSG00000291127.2	ANKRD36BP2
ENST00000754583.1	ENSG00000291127.2	ANKRD36BP2
ENST00000754584.1	ENSG00000291127.2	ANKRD36BP2
ENST00000754585.1	ENSG00000291127.2	ANKRD36BP2
ENST00000449346.4	ENSG00000231621.4	ANKRD44-AS1
ENST00000703007.2	ENSG00000231621.4	ANKRD44-AS1
ENST00000810792.1	ENSG00000231621.4	ANKRD44-AS1
ENST00000810793.1	ENSG00000231621.4	ANKRD44-AS1
ENST00000442984.2	ENSG00000225979.2	ANKRD44-DT
ENST00000738752.1	ENSG00000225979.2	ANKRD44-DT
ENST00000738753.1	ENSG00000225979.2	ANKRD44-DT
ENST00000738754.1	ENSG00000225979.2	ANKRD44-DT
ENST00000738755.1	ENSG00000225979.2	ANKRD44-DT
ENST00000428932.1	ENSG00000225905.2	ANKRD65-AS1
ENST00000781681.1	ENSG00000225905.2	ANKRD65-AS1
ENST00000503152.3	ENSG00000177738.7	ANXA2R-OT1
ENST00000607715.1	ENSG00000177738.7	ANXA2R-OT1
ENST00000655830.3	ENSG00000177738.7	ANXA2R-OT1
ENST00000657195.2	ENSG00000177738.7	ANXA2R-OT1
ENST00000659142.3	ENSG00000177738.7	ANXA2R-OT1
ENST00000665537.2	ENSG00000177738.7	ANXA2R-OT1
ENST00000689869.2	ENSG00000177738.7	ANXA2R-OT1
ENST00000701039.2	ENSG00000177738.7	ANXA2R-OT1
ENST00000701470.1	ENSG00000177738.7	ANXA2R-OT1
ENST00000771916.1	ENSG00000177738.7	ANXA2R-OT1
ENST00000771917.1	ENSG00000177738.7	ANXA2R-OT1
ENST00000771918.1	ENSG00000177738.7	ANXA2R-OT1
ENST00000771919.1	ENSG00000177738.7	ANXA2R-OT1
ENST00000771920.1	ENSG00000177738.7	ANXA2R-OT1
ENST00000771924.1	ENSG00000177738.7	ANXA2R-OT1
ENST00000771936.1	ENSG00000177738.7	ANXA2R-OT1
ENST00000771937.1	ENSG00000177738.7	ANXA2R-OT1
ENST00000771938.1	ENSG00000177738.7	ANXA2R-OT1
ENST00000771939.1	ENSG00000177738.7	ANXA2R-OT1
ENST00000771940.1	ENSG00000177738.7	ANXA2R-OT1
ENST00000771942.1	ENSG00000177738.7	ANXA2R-OT1
ENST00000771943.1	ENSG00000177738.7	ANXA2R-OT1
ENST00000771944.1	ENSG00000177738.7	ANXA2R-OT1
ENST00000771945.1	ENSG00000177738.7	ANXA2R-OT1
ENST00000771946.1	ENSG00000177738.7	ANXA2R-OT1
ENST00000771947.1	ENSG00000177738.7	ANXA2R-OT1
ENST00000771948.1	ENSG00000177738.7	ANXA2R-OT1
ENST00000771949.1	ENSG00000177738.7	ANXA2R-OT1
ENST00000771950.1	ENSG00000177738.7	ANXA2R-OT1
ENST00000771951.1	ENSG00000177738.7	ANXA2R-OT1
ENST00000771952.1	ENSG00000177738.7	ANXA2R-OT1
ENST00000771953.1	ENSG00000177738.7	ANXA2R-OT1
ENST00000771954.1	ENSG00000177738.7	ANXA2R-OT1
ENST00000771955.1	ENSG00000177738.7	ANXA2R-OT1
ENST00000771956.1	ENSG00000177738.7	ANXA2R-OT1
ENST00000771957.1	ENSG00000177738.7	ANXA2R-OT1
ENST00000771958.1	ENSG00000177738.7	ANXA2R-OT1
ENST00000771959.1	ENSG00000177738.7	ANXA2R-OT1
ENST00000771960.1	ENSG00000177738.7	ANXA2R-OT1
ENST00000771961.1	ENSG00000177738.7	ANXA2R-OT1
ENST00000771962.1	ENSG00000177738.7	ANXA2R-OT1
ENST00000771964.1	ENSG00000177738.7	ANXA2R-OT1
ENST00000771965.1	ENSG00000177738.7	ANXA2R-OT1
ENST00000771966.1	ENSG00000177738.7	ANXA2R-OT1
ENST00000771967.1	ENSG00000177738.7	ANXA2R-OT1
ENST00000771968.1	ENSG00000177738.7	ANXA2R-OT1
ENST00000771969.1	ENSG00000177738.7	ANXA2R-OT1
ENST00000771971.1	ENSG00000177738.7	ANXA2R-OT1
ENST00000771972.1	ENSG00000177738.7	ANXA2R-OT1
ENST00000771973.1	ENSG00000177738.7	ANXA2R-OT1
ENST00000771974.1	ENSG00000177738.7	ANXA2R-OT1
ENST00000771975.1	ENSG00000177738.7	ANXA2R-OT1
ENST00000771976.1	ENSG00000177738.7	ANXA2R-OT1
ENST00000771977.1	ENSG00000177738.7	ANXA2R-OT1
ENST00000771978.1	ENSG00000177738.7	ANXA2R-OT1
ENST00000772212.1	ENSG00000177738.7	ANXA2R-OT1
ENST00000772213.1	ENSG00000177738.7	ANXA2R-OT1
ENST00000772215.1	ENSG00000177738.7	ANXA2R-OT1
ENST00000773208.1	ENSG00000177738.7	ANXA2R-OT1
ENST00000773747.1	ENSG00000177738.7	ANXA2R-OT1
ENST00000467633.1	ENSG00000284084.2	AOX3P-AOX2P
ENST00000469595.1	ENSG00000284084.2	AOX3P-AOX2P
ENST00000484406.1	ENSG00000284084.2	AOX3P-AOX2P
ENST00000785800.1	ENSG00000284084.2	AOX3P-AOX2P
ENST00000816797.1	ENSG00000284084.2	AOX3P-AOX2P
ENST00000816798.1	ENSG00000284084.2	AOX3P-AOX2P
ENST00000418238.3	ENSG00000226167.2	AP4B1-AS1
ENST00000419536.1	ENSG00000226167.2	AP4B1-AS1
ENST00000429398.5	ENSG00000226167.2	AP4B1-AS1
ENST00000448199.2	ENSG00000226167.2	AP4B1-AS1
ENST00000664434.1	ENSG00000226167.2	AP4B1-AS1
ENST00000702317.2	ENSG00000226167.2	AP4B1-AS1
ENST00000717022.1	ENSG00000226167.2	AP4B1-AS1
ENST00000836797.1	ENSG00000226167.2	AP4B1-AS1
ENST00000836798.1	ENSG00000226167.2	AP4B1-AS1
ENST00000836799.1	ENSG00000226167.2	AP4B1-AS1
ENST00000836800.1	ENSG00000226167.2	AP4B1-AS1
ENST00000836801.1	ENSG00000226167.2	AP4B1-AS1
ENST00000836802.1	ENSG00000226167.2	AP4B1-AS1
ENST00000836803.1	ENSG00000226167.2	AP4B1-AS1
ENST00000836804.1	ENSG00000226167.2	AP4B1-AS1
ENST00000836805.1	ENSG00000226167.2	AP4B1-AS1
ENST00000425564.2	ENSG00000198590.12	APRG1
ENST00000425932.5	ENSG00000198590.12	APRG1
ENST00000426078.5	ENSG00000198590.12	APRG1
ENST00000654228.1	ENSG00000198590.12	APRG1
ENST00000654714.1	ENSG00000198590.12	APRG1
ENST00000661769.1	ENSG00000198590.12	APRG1
ENST00000665000.1	ENSG00000198590.12	APRG1
ENST00000669217.1	ENSG00000198590.12	APRG1
ENST00000413103.4	ENSG00000226835.5	ARHGAP29-AS1
ENST00000418242.3	ENSG00000226835.5	ARHGAP29-AS1
ENST00000656153.1	ENSG00000226835.5	ARHGAP29-AS1
ENST00000660441.2	ENSG00000226835.5	ARHGAP29-AS1
ENST00000662164.1	ENSG00000226835.5	ARHGAP29-AS1
ENST00000666276.1	ENSG00000226835.5	ARHGAP29-AS1
ENST00000835310.1	ENSG00000226835.5	ARHGAP29-AS1
ENST00000835311.1	ENSG00000226835.5	ARHGAP29-AS1
ENST00000835312.1	ENSG00000226835.5	ARHGAP29-AS1
ENST00000835325.1	ENSG00000226835.5	ARHGAP29-AS1
ENST00000415726.1	ENSG00000224276.1	ARHGEF2-AS1
ENST00000610146.1	ENSG00000273002.2	ARHGEF2-AS2
ENST00000756615.1	ENSG00000273002.2	ARHGEF2-AS2
ENST00000756616.1	ENSG00000273002.2	ARHGEF2-AS2
ENST00000756617.1	ENSG00000273002.2	ARHGEF2-AS2
ENST00000495939.1	ENSG00000240198.6	ARHGEF3-AS1
ENST00000822764.1	ENSG00000240198.6	ARHGEF3-AS1
ENST00000429282.5	ENSG00000233221.7	ARHGEF4-AS1
ENST00000446213.2	ENSG00000233221.7	ARHGEF4-AS1
ENST00000660150.1	ENSG00000233221.7	ARHGEF4-AS1
ENST00000452809.1	ENSG00000235919.6	ASH1L-AS1
ENST00000456633.3	ENSG00000235919.6	ASH1L-AS1
ENST00000504846.1	ENSG00000248192.1	ATG10-AS1
ENST00000437597.2	ENSG00000233058.4	ATP13A3-DT
ENST00000448892.2	ENSG00000233058.4	ATP13A3-DT
ENST00000653684.1	ENSG00000233058.4	ATP13A3-DT
ENST00000656823.1	ENSG00000233058.4	ATP13A3-DT
ENST00000661941.3	ENSG00000233058.4	ATP13A3-DT
ENST00000662856.1	ENSG00000233058.4	ATP13A3-DT
ENST00000665891.1	ENSG00000233058.4	ATP13A3-DT
ENST00000671306.1	ENSG00000233058.4	ATP13A3-DT
ENST00000685672.2	ENSG00000233058.4	ATP13A3-DT
ENST00000847430.1	ENSG00000233058.4	ATP13A3-DT
ENST00000847431.1	ENSG00000233058.4	ATP13A3-DT
ENST00000847432.1	ENSG00000233058.4	ATP13A3-DT
ENST00000426459.1	ENSG00000225473.2	ATP13A4-AS1
ENST00000817207.1	ENSG00000225473.2	ATP13A4-AS1
ENST00000817208.1	ENSG00000225473.2	ATP13A4-AS1
ENST00000414634.1	ENSG00000236508.1	ATP13A5-AS1
ENST00000562054.3	ENSG00000260519.3	ATP8A1-DT
ENST00000792898.1	ENSG00000260519.3	ATP8A1-DT
ENST00000792899.1	ENSG00000260519.3	ATP8A1-DT
ENST00000470790.1	ENSG00000240254.3	B4GALT4-AS1
ENST00000657819.2	ENSG00000240254.3	B4GALT4-AS1
ENST00000624232.2	ENSG00000274840.6	BALR6
ENST00000686508.2	ENSG00000224152.3	BAZ2B-AS1
ENST00000691388.3	ENSG00000224152.3	BAZ2B-AS1
ENST00000703004.2	ENSG00000224152.3	BAZ2B-AS1
ENST00000567769.1	ENSG00000261501.1	BBS7-DT
ENST00000412628.1	ENSG00000224093.8	BCAR3-AS1
ENST00000417401.4	ENSG00000224093.8	BCAR3-AS1
ENST00000427243.7	ENSG00000224093.8	BCAR3-AS1
ENST00000431770.1	ENSG00000224093.8	BCAR3-AS1
ENST00000446684.1	ENSG00000224093.8	BCAR3-AS1
ENST00000703038.1	ENSG00000224093.8	BCAR3-AS1
ENST00000747703.1	ENSG00000224093.8	BCAR3-AS1
ENST00000747704.1	ENSG00000224093.8	BCAR3-AS1
ENST00000426125.1	ENSG00000223653.7	BCL10-AS1
ENST00000427819.5	ENSG00000223653.7	BCL10-AS1
ENST00000654182.1	ENSG00000223653.7	BCL10-AS1
ENST00000648485.2	ENSG00000285938.2	BCL6-AS1
ENST00000793818.1	ENSG00000285938.2	BCL6-AS1
ENST00000793819.1	ENSG00000285938.2	BCL6-AS1
ENST00000793820.1	ENSG00000285938.2	BCL6-AS1
ENST00000418539.2	ENSG00000236824.2	BCYRN1
ENST00000564925.1	ENSG00000260278.2	BMP2K-DT
ENST00000779028.1	ENSG00000260278.2	BMP2K-DT
ENST00000779029.1	ENSG00000260278.2	BMP2K-DT
ENST00000648746.1	ENSG00000285905.1	BMP8B-AS1
ENST00000808525.1	ENSG00000289843.2	BMS1P14
ENST00000808533.1	ENSG00000289843.2	BMS1P14
ENST00000808536.1	ENSG00000289843.2	BMS1P14
ENST00000808725.1	ENSG00000289843.2	BMS1P14
ENST00000808733.1	ENSG00000289843.2	BMS1P14
ENST00000423477.2	ENSG00000225439.5	BOLA3-DT
ENST00000529783.2	ENSG00000225439.5	BOLA3-DT
ENST00000533563.3	ENSG00000225439.5	BOLA3-DT
ENST00000655044.2	ENSG00000225439.5	BOLA3-DT
ENST00000656407.1	ENSG00000225439.5	BOLA3-DT
ENST00000691938.2	ENSG00000225439.5	BOLA3-DT
ENST00000803106.1	ENSG00000225439.5	BOLA3-DT
ENST00000803107.1	ENSG00000225439.5	BOLA3-DT
ENST00000803108.1	ENSG00000225439.5	BOLA3-DT
ENST00000803109.1	ENSG00000225439.5	BOLA3-DT
ENST00000803110.1	ENSG00000225439.5	BOLA3-DT
ENST00000803111.1	ENSG00000225439.5	BOLA3-DT
ENST00000418282.2	ENSG00000232416.3	BPESC1
ENST00000424735.2	ENSG00000237457.7	BRINP3-DT
ENST00000436905.6	ENSG00000237457.7	BRINP3-DT
ENST00000784598.1	ENSG00000237457.7	BRINP3-DT
ENST00000784599.1	ENSG00000237457.7	BRINP3-DT
ENST00000784600.1	ENSG00000237457.7	BRINP3-DT
ENST00000784601.1	ENSG00000237457.7	BRINP3-DT
ENST00000784602.1	ENSG00000237457.7	BRINP3-DT
ENST00000784603.1	ENSG00000237457.7	BRINP3-DT
ENST00000784604.1	ENSG00000237457.7	BRINP3-DT
ENST00000784605.1	ENSG00000237457.7	BRINP3-DT
ENST00000784606.1	ENSG00000237457.7	BRINP3-DT
ENST00000784607.1	ENSG00000237457.7	BRINP3-DT
ENST00000784608.1	ENSG00000237457.7	BRINP3-DT
ENST00000784609.1	ENSG00000237457.7	BRINP3-DT
ENST00000784610.1	ENSG00000237457.7	BRINP3-DT
ENST00000784611.1	ENSG00000237457.7	BRINP3-DT
ENST00000784612.1	ENSG00000237457.7	BRINP3-DT
ENST00000784613.1	ENSG00000237457.7	BRINP3-DT
ENST00000784614.1	ENSG00000237457.7	BRINP3-DT
ENST00000784615.1	ENSG00000237457.7	BRINP3-DT
ENST00000784618.1	ENSG00000237457.7	BRINP3-DT
ENST00000784619.1	ENSG00000237457.7	BRINP3-DT
ENST00000784620.1	ENSG00000237457.7	BRINP3-DT
ENST00000784621.1	ENSG00000237457.7	BRINP3-DT
ENST00000607001.3	ENSG00000272525.3	BTF3-DT
ENST00000814954.1	ENSG00000272525.3	BTF3-DT
ENST00000814955.1	ENSG00000272525.3	BTF3-DT
ENST00000814956.1	ENSG00000272525.3	BTF3-DT
ENST00000814957.1	ENSG00000272525.3	BTF3-DT
ENST00000814958.1	ENSG00000272525.3	BTF3-DT
ENST00000494869.2	ENSG00000293512.2	BTNL12P
ENST00000635496.2	ENSG00000293512.2	BTNL12P
ENST00000637360.1	ENSG00000293512.2	BTNL12P
ENST00000732430.1	ENSG00000293512.2	BTNL12P
ENST00000732431.1	ENSG00000293512.2	BTNL12P
ENST00000367638.1	ENSG00000213057.5	C1orf220
ENST00000521244.1	ENSG00000213057.5	C1orf220
ENST00000434182.2	ENSG00000234614.2	C2CD4D-AS1
ENST00000428329.1	ENSG00000224063.7	CALCRL-AS1
ENST00000729959.1	ENSG00000224063.7	CALCRL-AS1
ENST00000729960.1	ENSG00000224063.7	CALCRL-AS1
ENST00000759350.1	ENSG00000224063.7	CALCRL-AS1
ENST00000759351.1	ENSG00000224063.7	CALCRL-AS1
ENST00000759352.1	ENSG00000224063.7	CALCRL-AS1
ENST00000759353.1	ENSG00000224063.7	CALCRL-AS1
ENST00000759354.1	ENSG00000224063.7	CALCRL-AS1
ENST00000849779.1	ENSG00000237402.2	CAMTA1-IT1
ENST00000849780.1	ENSG00000237402.2	CAMTA1-IT1
ENST00000424116.8	ENSG00000233766.9	CAVIN2-AS1
ENST00000428980.6	ENSG00000233766.9	CAVIN2-AS1
ENST00000594023.5	ENSG00000233766.9	CAVIN2-AS1
ENST00000594591.5	ENSG00000233766.9	CAVIN2-AS1
ENST00000594798.2	ENSG00000233766.9	CAVIN2-AS1
ENST00000595918.2	ENSG00000233766.9	CAVIN2-AS1
ENST00000596486.5	ENSG00000233766.9	CAVIN2-AS1
ENST00000597204.5	ENSG00000233766.9	CAVIN2-AS1
ENST00000598327.3	ENSG00000233766.9	CAVIN2-AS1
ENST00000602099.3	ENSG00000233766.9	CAVIN2-AS1
ENST00000609952.1	ENSG00000233766.9	CAVIN2-AS1
ENST00000625221.1	ENSG00000233766.9	CAVIN2-AS1
ENST00000625555.2	ENSG00000233766.9	CAVIN2-AS1
ENST00000629279.2	ENSG00000233766.9	CAVIN2-AS1
ENST00000630824.2	ENSG00000233766.9	CAVIN2-AS1
ENST00000792812.1	ENSG00000233766.9	CAVIN2-AS1
ENST00000792813.1	ENSG00000233766.9	CAVIN2-AS1
ENST00000792814.1	ENSG00000233766.9	CAVIN2-AS1
ENST00000792815.1	ENSG00000233766.9	CAVIN2-AS1
ENST00000792816.1	ENSG00000233766.9	CAVIN2-AS1
ENST00000792817.1	ENSG00000233766.9	CAVIN2-AS1
ENST00000792818.1	ENSG00000233766.9	CAVIN2-AS1
ENST00000793527.1	ENSG00000251445.2	CBR4-DT
ENST00000418161.2	ENSG00000173811.11	CCDC13-AS1
ENST00000446950.5	ENSG00000173811.11	CCDC13-AS1
ENST00000665649.1	ENSG00000173811.11	CCDC13-AS1
ENST00000432377.4	ENSG00000225611.4	CCDC13-AS2
ENST00000836456.1	ENSG00000225611.4	CCDC13-AS2
ENST00000836457.1	ENSG00000225611.4	CCDC13-AS2
ENST00000440903.1	ENSG00000163081.4	CCDC140
ENST00000647762.1	ENSG00000163081.4	CCDC140
ENST00000412781.2	ENSG00000227480.2	CCDC148-AS1
ENST00000625513.1	ENSG00000229140.13	CCDC26
ENST00000495357.1	ENSG00000243187.2	CCDC39-AS1
ENST00000793771.1	ENSG00000243187.2	CCDC39-AS1
ENST00000382265.3	ENSG00000236427.3	CCDST
ENST00000392688.7	ENSG00000236427.3	CCDST
ENST00000411804.1	ENSG00000236427.3	CCDST
ENST00000420707.5	ENSG00000236427.3	CCDST
ENST00000445097.2	ENSG00000236427.3	CCDST
ENST00000593011.5	ENSG00000236427.3	CCDST
ENST00000628475.2	ENSG00000236427.3	CCDST
ENST00000629331.1	ENSG00000236427.3	CCDST
ENST00000630125.3	ENSG00000236427.3	CCDST
ENST00000653548.1	ENSG00000236427.3	CCDST
ENST00000655109.1	ENSG00000236427.3	CCDST
ENST00000658099.1	ENSG00000236427.3	CCDST
ENST00000659844.1	ENSG00000236427.3	CCDST
ENST00000664213.1	ENSG00000236427.3	CCDST
ENST00000665223.1	ENSG00000236427.3	CCDST
ENST00000666686.1	ENSG00000236427.3	CCDST
ENST00000669062.1	ENSG00000236427.3	CCDST
ENST00000669830.1	ENSG00000236427.3	CCDST
ENST00000759267.1	ENSG00000236427.3	CCDST
ENST00000759270.1	ENSG00000236427.3	CCDST
ENST00000759274.1	ENSG00000236427.3	CCDST
ENST00000759275.1	ENSG00000236427.3	CCDST
ENST00000759281.1	ENSG00000236427.3	CCDST
ENST00000759284.1	ENSG00000236427.3	CCDST
ENST00000774927.1	ENSG00000236427.3	CCDST
ENST00000506435.2	ENSG00000251307.2	CCNO-DT
ENST00000749850.1	ENSG00000251307.2	CCNO-DT
ENST00000749851.1	ENSG00000251307.2	CCNO-DT
ENST00000749852.1	ENSG00000251307.2	CCNO-DT
ENST00000749853.1	ENSG00000251307.2	CCNO-DT
ENST00000749854.1	ENSG00000251307.2	CCNO-DT
ENST00000749855.1	ENSG00000251307.2	CCNO-DT
ENST00000749856.1	ENSG00000251307.2	CCNO-DT
ENST00000749857.1	ENSG00000251307.2	CCNO-DT
ENST00000749858.1	ENSG00000251307.2	CCNO-DT
ENST00000749859.1	ENSG00000251307.2	CCNO-DT
ENST00000431803.2	ENSG00000230068.2	CDC42-IT1
ENST00000419425.1	ENSG00000236213.5	CDC42EP3-AS1
ENST00000659653.2	ENSG00000236213.5	CDC42EP3-AS1
ENST00000668683.1	ENSG00000236213.5	CDC42EP3-AS1
ENST00000686061.2	ENSG00000236213.5	CDC42EP3-AS1
ENST00000689279.2	ENSG00000236213.5	CDC42EP3-AS1
ENST00000689395.2	ENSG00000236213.5	CDC42EP3-AS1
ENST00000689928.2	ENSG00000236213.5	CDC42EP3-AS1
ENST00000690322.3	ENSG00000236213.5	CDC42EP3-AS1
ENST00000692480.2	ENSG00000236213.5	CDC42EP3-AS1
ENST00000703028.1	ENSG00000236213.5	CDC42EP3-AS1
ENST00000751609.1	ENSG00000236213.5	CDC42EP3-AS1
ENST00000751610.1	ENSG00000236213.5	CDC42EP3-AS1
ENST00000751611.1	ENSG00000236213.5	CDC42EP3-AS1
ENST00000751612.1	ENSG00000236213.5	CDC42EP3-AS1
ENST00000751613.1	ENSG00000236213.5	CDC42EP3-AS1
ENST00000751614.1	ENSG00000236213.5	CDC42EP3-AS1
ENST00000751617.1	ENSG00000236213.5	CDC42EP3-AS1
ENST00000751618.1	ENSG00000236213.5	CDC42EP3-AS1
ENST00000751619.1	ENSG00000236213.5	CDC42EP3-AS1
ENST00000751620.1	ENSG00000236213.5	CDC42EP3-AS1
ENST00000751621.1	ENSG00000236213.5	CDC42EP3-AS1
ENST00000751623.1	ENSG00000236213.5	CDC42EP3-AS1
ENST00000751625.1	ENSG00000236213.5	CDC42EP3-AS1
ENST00000751626.1	ENSG00000236213.5	CDC42EP3-AS1
ENST00000751627.1	ENSG00000236213.5	CDC42EP3-AS1
ENST00000751629.1	ENSG00000236213.5	CDC42EP3-AS1
ENST00000751630.1	ENSG00000236213.5	CDC42EP3-AS1
ENST00000751631.1	ENSG00000236213.5	CDC42EP3-AS1
ENST00000751632.1	ENSG00000236213.5	CDC42EP3-AS1
ENST00000751633.1	ENSG00000236213.5	CDC42EP3-AS1
ENST00000751634.1	ENSG00000236213.5	CDC42EP3-AS1
ENST00000751635.1	ENSG00000236213.5	CDC42EP3-AS1
ENST00000751636.1	ENSG00000236213.5	CDC42EP3-AS1
ENST00000751637.1	ENSG00000236213.5	CDC42EP3-AS1
ENST00000751639.1	ENSG00000236213.5	CDC42EP3-AS1
ENST00000751640.1	ENSG00000236213.5	CDC42EP3-AS1
ENST00000751641.1	ENSG00000236213.5	CDC42EP3-AS1
ENST00000751642.1	ENSG00000236213.5	CDC42EP3-AS1
ENST00000751646.1	ENSG00000236213.5	CDC42EP3-AS1
ENST00000751647.1	ENSG00000236213.5	CDC42EP3-AS1
ENST00000751648.1	ENSG00000236213.5	CDC42EP3-AS1
ENST00000751649.1	ENSG00000236213.5	CDC42EP3-AS1
ENST00000751650.1	ENSG00000236213.5	CDC42EP3-AS1
ENST00000751651.1	ENSG00000236213.5	CDC42EP3-AS1
ENST00000751652.1	ENSG00000236213.5	CDC42EP3-AS1
ENST00000751653.1	ENSG00000236213.5	CDC42EP3-AS1
ENST00000751654.1	ENSG00000236213.5	CDC42EP3-AS1
ENST00000751655.1	ENSG00000236213.5	CDC42EP3-AS1
ENST00000751656.1	ENSG00000236213.5	CDC42EP3-AS1
ENST00000751657.1	ENSG00000236213.5	CDC42EP3-AS1
ENST00000751658.1	ENSG00000236213.5	CDC42EP3-AS1
ENST00000751659.1	ENSG00000236213.5	CDC42EP3-AS1
ENST00000751660.1	ENSG00000236213.5	CDC42EP3-AS1
ENST00000751661.1	ENSG00000236213.5	CDC42EP3-AS1
ENST00000751662.1	ENSG00000236213.5	CDC42EP3-AS1
ENST00000751663.1	ENSG00000236213.5	CDC42EP3-AS1
ENST00000751664.1	ENSG00000236213.5	CDC42EP3-AS1
ENST00000751665.1	ENSG00000236213.5	CDC42EP3-AS1
ENST00000751666.1	ENSG00000236213.5	CDC42EP3-AS1
ENST00000751667.1	ENSG00000236213.5	CDC42EP3-AS1
ENST00000751668.1	ENSG00000236213.5	CDC42EP3-AS1
ENST00000751669.1	ENSG00000236213.5	CDC42EP3-AS1
ENST00000751670.1	ENSG00000236213.5	CDC42EP3-AS1
ENST00000751671.1	ENSG00000236213.5	CDC42EP3-AS1
ENST00000751672.1	ENSG00000236213.5	CDC42EP3-AS1
ENST00000751673.1	ENSG00000236213.5	CDC42EP3-AS1
ENST00000751674.1	ENSG00000236213.5	CDC42EP3-AS1
ENST00000751675.1	ENSG00000236213.5	CDC42EP3-AS1
ENST00000751676.1	ENSG00000236213.5	CDC42EP3-AS1
ENST00000751677.1	ENSG00000236213.5	CDC42EP3-AS1
ENST00000751678.1	ENSG00000236213.5	CDC42EP3-AS1
ENST00000751679.1	ENSG00000236213.5	CDC42EP3-AS1
ENST00000751680.1	ENSG00000236213.5	CDC42EP3-AS1
ENST00000751681.1	ENSG00000236213.5	CDC42EP3-AS1
ENST00000751682.1	ENSG00000236213.5	CDC42EP3-AS1
ENST00000751683.1	ENSG00000236213.5	CDC42EP3-AS1
ENST00000751684.1	ENSG00000236213.5	CDC42EP3-AS1
ENST00000751685.1	ENSG00000236213.5	CDC42EP3-AS1
ENST00000751686.1	ENSG00000236213.5	CDC42EP3-AS1
ENST00000751687.1	ENSG00000236213.5	CDC42EP3-AS1
ENST00000751688.1	ENSG00000236213.5	CDC42EP3-AS1
ENST00000751689.1	ENSG00000236213.5	CDC42EP3-AS1
ENST00000751690.1	ENSG00000236213.5	CDC42EP3-AS1
ENST00000751691.1	ENSG00000236213.5	CDC42EP3-AS1
ENST00000751692.1	ENSG00000236213.5	CDC42EP3-AS1
ENST00000751694.1	ENSG00000236213.5	CDC42EP3-AS1
ENST00000751695.1	ENSG00000236213.5	CDC42EP3-AS1
ENST00000751696.1	ENSG00000236213.5	CDC42EP3-AS1
ENST00000751697.1	ENSG00000236213.5	CDC42EP3-AS1
ENST00000751698.1	ENSG00000236213.5	CDC42EP3-AS1
ENST00000751699.1	ENSG00000236213.5	CDC42EP3-AS1
ENST00000751700.1	ENSG00000236213.5	CDC42EP3-AS1
ENST00000751701.1	ENSG00000236213.5	CDC42EP3-AS1
ENST00000751702.1	ENSG00000236213.5	CDC42EP3-AS1
ENST00000751703.1	ENSG00000236213.5	CDC42EP3-AS1
ENST00000751704.1	ENSG00000236213.5	CDC42EP3-AS1
ENST00000751705.1	ENSG00000236213.5	CDC42EP3-AS1
ENST00000751706.1	ENSG00000236213.5	CDC42EP3-AS1
ENST00000751707.1	ENSG00000236213.5	CDC42EP3-AS1
ENST00000751708.1	ENSG00000236213.5	CDC42EP3-AS1
ENST00000751709.1	ENSG00000236213.5	CDC42EP3-AS1
ENST00000751710.1	ENSG00000236213.5	CDC42EP3-AS1
ENST00000751711.1	ENSG00000236213.5	CDC42EP3-AS1
ENST00000751712.1	ENSG00000236213.5	CDC42EP3-AS1
ENST00000751713.1	ENSG00000236213.5	CDC42EP3-AS1
ENST00000751716.1	ENSG00000236213.5	CDC42EP3-AS1
ENST00000751717.1	ENSG00000236213.5	CDC42EP3-AS1
ENST00000751718.1	ENSG00000236213.5	CDC42EP3-AS1
ENST00000751719.1	ENSG00000236213.5	CDC42EP3-AS1
ENST00000751720.1	ENSG00000236213.5	CDC42EP3-AS1
ENST00000751721.1	ENSG00000236213.5	CDC42EP3-AS1
ENST00000751722.1	ENSG00000236213.5	CDC42EP3-AS1
ENST00000751723.1	ENSG00000236213.5	CDC42EP3-AS1
ENST00000751724.1	ENSG00000236213.5	CDC42EP3-AS1
ENST00000751725.1	ENSG00000236213.5	CDC42EP3-AS1
ENST00000751726.1	ENSG00000236213.5	CDC42EP3-AS1
ENST00000751727.1	ENSG00000236213.5	CDC42EP3-AS1
ENST00000751728.1	ENSG00000236213.5	CDC42EP3-AS1
ENST00000751729.1	ENSG00000236213.5	CDC42EP3-AS1
ENST00000751730.1	ENSG00000236213.5	CDC42EP3-AS1
ENST00000751732.1	ENSG00000236213.5	CDC42EP3-AS1
ENST00000751734.1	ENSG00000236213.5	CDC42EP3-AS1
ENST00000751736.1	ENSG00000236213.5	CDC42EP3-AS1
ENST00000751737.1	ENSG00000236213.5	CDC42EP3-AS1
ENST00000751740.1	ENSG00000236213.5	CDC42EP3-AS1
ENST00000751741.1	ENSG00000236213.5	CDC42EP3-AS1
ENST00000751742.1	ENSG00000236213.5	CDC42EP3-AS1
ENST00000560481.2	ENSG00000259357.2	CERS2-AS1
ENST00000561111.2	ENSG00000259357.2	CERS2-AS1
ENST00000463703.6	ENSG00000242428.7	CFAP20DC-AS1
ENST00000482372.1	ENSG00000242428.7	CFAP20DC-AS1
ENST00000492031.6	ENSG00000242428.7	CFAP20DC-AS1
ENST00000493123.1	ENSG00000242428.7	CFAP20DC-AS1
ENST00000662588.1	ENSG00000242428.7	CFAP20DC-AS1
ENST00000666146.1	ENSG00000242428.7	CFAP20DC-AS1
ENST00000783863.1	ENSG00000242428.7	CFAP20DC-AS1
ENST00000783864.1	ENSG00000242428.7	CFAP20DC-AS1
ENST00000487624.2	ENSG00000243295.3	CFAP20DC-DT
ENST00000655190.1	ENSG00000243295.3	CFAP20DC-DT
ENST00000659086.1	ENSG00000243295.3	CFAP20DC-DT
ENST00000660278.1	ENSG00000243295.3	CFAP20DC-DT
ENST00000661035.1	ENSG00000243295.3	CFAP20DC-DT
ENST00000663318.1	ENSG00000243295.3	CFAP20DC-DT
ENST00000664511.1	ENSG00000243295.3	CFAP20DC-DT
ENST00000665883.1	ENSG00000243295.3	CFAP20DC-DT
ENST00000668989.1	ENSG00000243295.3	CFAP20DC-DT
ENST00000726402.1	ENSG00000243295.3	CFAP20DC-DT
ENST00000726403.1	ENSG00000243295.3	CFAP20DC-DT
ENST00000726404.1	ENSG00000243295.3	CFAP20DC-DT
ENST00000726405.1	ENSG00000243295.3	CFAP20DC-DT
ENST00000726407.1	ENSG00000243295.3	CFAP20DC-DT
ENST00000765325.1	ENSG00000243295.3	CFAP20DC-DT
ENST00000473329.1	ENSG00000243849.3	CFAP44-AS1
ENST00000498480.2	ENSG00000243849.3	CFAP44-AS1
ENST00000669165.1	ENSG00000243849.3	CFAP44-AS1
ENST00000774558.1	ENSG00000243849.3	CFAP44-AS1
ENST00000774559.1	ENSG00000243849.3	CFAP44-AS1
ENST00000685954.2	ENSG00000288944.2	CHAER1
ENST00000848810.1	ENSG00000288944.2	CHAER1
ENST00000848812.1	ENSG00000288944.2	CHAER1
ENST00000848813.1	ENSG00000288944.2	CHAER1
ENST00000848814.1	ENSG00000288944.2	CHAER1
ENST00000848815.1	ENSG00000288944.2	CHAER1
ENST00000848816.1	ENSG00000288944.2	CHAER1
ENST00000848817.1	ENSG00000288944.2	CHAER1
ENST00000848818.1	ENSG00000288944.2	CHAER1
ENST00000513175.1	ENSG00000248489.5	CHD1-DT
ENST00000670964.1	ENSG00000248489.5	CHD1-DT
ENST00000692082.3	ENSG00000248489.5	CHD1-DT
ENST00000693407.2	ENSG00000248489.5	CHD1-DT
ENST00000840877.1	ENSG00000248489.5	CHD1-DT
ENST00000840878.1	ENSG00000248489.5	CHD1-DT
ENST00000840879.1	ENSG00000248489.5	CHD1-DT
ENST00000840880.1	ENSG00000248489.5	CHD1-DT
ENST00000840881.1	ENSG00000248489.5	CHD1-DT
ENST00000840882.1	ENSG00000248489.5	CHD1-DT
ENST00000840883.1	ENSG00000248489.5	CHD1-DT
ENST00000840884.1	ENSG00000248489.5	CHD1-DT
ENST00000840885.1	ENSG00000248489.5	CHD1-DT
ENST00000840886.1	ENSG00000248489.5	CHD1-DT
ENST00000840887.1	ENSG00000248489.5	CHD1-DT
ENST00000840888.1	ENSG00000248489.5	CHD1-DT
ENST00000840889.1	ENSG00000248489.5	CHD1-DT
ENST00000369743.8	ENSG00000290764.1	CHIAP2
ENST00000424788.1	ENSG00000228363.3	CHMP3-AS1
ENST00000426549.1	ENSG00000228363.3	CHMP3-AS1
ENST00000439077.1	ENSG00000228363.3	CHMP3-AS1
ENST00000597638.1	ENSG00000228363.3	CHMP3-AS1
ENST00000725269.1	ENSG00000228363.3	CHMP3-AS1
ENST00000415236.2	ENSG00000223960.10	CHROMR
ENST00000420672.2	ENSG00000223960.10	CHROMR
ENST00000436616.5	ENSG00000223960.10	CHROMR
ENST00000442036.2	ENSG00000223960.10	CHROMR
ENST00000450044.1	ENSG00000223960.10	CHROMR
ENST00000453026.7	ENSG00000223960.10	CHROMR
ENST00000454488.8	ENSG00000223960.10	CHROMR
ENST00000659708.3	ENSG00000223960.10	CHROMR
ENST00000660374.1	ENSG00000223960.10	CHROMR
ENST00000661271.3	ENSG00000223960.10	CHROMR
ENST00000662743.1	ENSG00000223960.10	CHROMR
ENST00000663803.2	ENSG00000223960.10	CHROMR
ENST00000665039.2	ENSG00000223960.10	CHROMR
ENST00000666480.1	ENSG00000223960.10	CHROMR
ENST00000668138.1	ENSG00000223960.10	CHROMR
ENST00000671256.1	ENSG00000223960.10	CHROMR
ENST00000671679.1	ENSG00000223960.10	CHROMR
ENST00000684892.1	ENSG00000223960.10	CHROMR
ENST00000686412.2	ENSG00000223960.10	CHROMR
ENST00000688261.3	ENSG00000223960.10	CHROMR
ENST00000688877.2	ENSG00000223960.10	CHROMR
ENST00000690483.1	ENSG00000223960.10	CHROMR
ENST00000691078.3	ENSG00000223960.10	CHROMR
ENST00000691493.2	ENSG00000223960.10	CHROMR
ENST00000691722.1	ENSG00000223960.10	CHROMR
ENST00000692047.1	ENSG00000223960.10	CHROMR
ENST00000700940.2	ENSG00000223960.10	CHROMR
ENST00000701108.2	ENSG00000223960.10	CHROMR
ENST00000701496.2	ENSG00000223960.10	CHROMR
ENST00000701883.2	ENSG00000223960.10	CHROMR
ENST00000701929.2	ENSG00000223960.10	CHROMR
ENST00000702167.2	ENSG00000223960.10	CHROMR
ENST00000702484.2	ENSG00000223960.10	CHROMR
ENST00000702755.1	ENSG00000223960.10	CHROMR
ENST00000702767.2	ENSG00000223960.10	CHROMR
ENST00000723111.1	ENSG00000223960.10	CHROMR
ENST00000723112.1	ENSG00000223960.10	CHROMR
ENST00000723113.1	ENSG00000223960.10	CHROMR
ENST00000723114.1	ENSG00000223960.10	CHROMR
ENST00000723115.1	ENSG00000223960.10	CHROMR
ENST00000723116.1	ENSG00000223960.10	CHROMR
ENST00000723117.1	ENSG00000223960.10	CHROMR
ENST00000723118.1	ENSG00000223960.10	CHROMR
ENST00000723119.1	ENSG00000223960.10	CHROMR
ENST00000723120.1	ENSG00000223960.10	CHROMR
ENST00000723121.1	ENSG00000223960.10	CHROMR
ENST00000723122.1	ENSG00000223960.10	CHROMR
ENST00000723123.1	ENSG00000223960.10	CHROMR
ENST00000723125.1	ENSG00000223960.10	CHROMR
ENST00000723129.1	ENSG00000223960.10	CHROMR
ENST00000723132.1	ENSG00000223960.10	CHROMR
ENST00000723133.1	ENSG00000223960.10	CHROMR
ENST00000723134.1	ENSG00000223960.10	CHROMR
ENST00000723135.1	ENSG00000223960.10	CHROMR
ENST00000723136.1	ENSG00000223960.10	CHROMR
ENST00000723137.1	ENSG00000223960.10	CHROMR
ENST00000723138.1	ENSG00000223960.10	CHROMR
ENST00000723139.1	ENSG00000223960.10	CHROMR
ENST00000723140.1	ENSG00000223960.10	CHROMR
ENST00000723141.1	ENSG00000223960.10	CHROMR
ENST00000723142.1	ENSG00000223960.10	CHROMR
ENST00000723143.1	ENSG00000223960.10	CHROMR
ENST00000723144.1	ENSG00000223960.10	CHROMR
ENST00000723145.1	ENSG00000223960.10	CHROMR
ENST00000723146.1	ENSG00000223960.10	CHROMR
ENST00000723147.1	ENSG00000223960.10	CHROMR
ENST00000723148.1	ENSG00000223960.10	CHROMR
ENST00000723149.1	ENSG00000223960.10	CHROMR
ENST00000502308.1	ENSG00000293019.1	CIBAR1P2
ENST00000500148.6	ENSG00000247572.10	CKMT2-AS1
ENST00000501927.2	ENSG00000247572.10	CKMT2-AS1
ENST00000502041.3	ENSG00000247572.10	CKMT2-AS1
ENST00000511495.1	ENSG00000247572.10	CKMT2-AS1
ENST00000656836.1	ENSG00000247572.10	CKMT2-AS1
ENST00000660242.1	ENSG00000247572.10	CKMT2-AS1
ENST00000663674.1	ENSG00000247572.10	CKMT2-AS1
ENST00000665093.1	ENSG00000247572.10	CKMT2-AS1
ENST00000669977.1	ENSG00000247572.10	CKMT2-AS1
ENST00000670957.1	ENSG00000247572.10	CKMT2-AS1
ENST00000690798.1	ENSG00000247572.10	CKMT2-AS1
ENST00000793747.1	ENSG00000247572.10	CKMT2-AS1
ENST00000793748.1	ENSG00000247572.10	CKMT2-AS1
ENST00000284054.7	ENSG00000291014.1	CLCA3P
ENST00000466454.1	ENSG00000291014.1	CLCA3P
ENST00000502999.2	ENSG00000248839.2	CLDND1-AS1
ENST00000373226.2	ENSG00000232335.1	CLSPN-AS1
ENST00000786196.1	ENSG00000302368.1	CLSPN-DT
ENST00000786197.1	ENSG00000302368.1	CLSPN-DT
ENST00000786198.1	ENSG00000302368.1	CLSPN-DT
ENST00000624973.2	ENSG00000279220.5	CMKLR2-AS
ENST00000636716.1	ENSG00000283643.4	CMKLR2-AS
ENST00000644292.1	ENSG00000279220.5	CMKLR2-AS
ENST00000646689.1	ENSG00000283643.4	CMKLR2-AS
ENST00000648653.1	ENSG00000279220.5	CMKLR2-AS
ENST00000648901.1	ENSG00000283643.4	CMKLR2-AS
ENST00000771999.1	ENSG00000279220.5	CMKLR2-AS
ENST00000438509.3	ENSG00000235501.10	CNN3-DT
ENST00000456582.2	ENSG00000235501.10	CNN3-DT
ENST00000657603.2	ENSG00000235501.10	CNN3-DT
ENST00000659935.2	ENSG00000235501.10	CNN3-DT
ENST00000659966.2	ENSG00000235501.10	CNN3-DT
ENST00000664573.1	ENSG00000235501.10	CNN3-DT
ENST00000664672.1	ENSG00000235501.10	CNN3-DT
ENST00000666627.2	ENSG00000235501.10	CNN3-DT
ENST00000687058.3	ENSG00000235501.10	CNN3-DT
ENST00000715651.1	ENSG00000235501.10	CNN3-DT
ENST00000715652.1	ENSG00000235501.10	CNN3-DT
ENST00000736279.1	ENSG00000235501.10	CNN3-DT
ENST00000736281.1	ENSG00000235501.10	CNN3-DT
ENST00000736282.1	ENSG00000235501.10	CNN3-DT
ENST00000736286.1	ENSG00000235501.10	CNN3-DT
ENST00000736292.1	ENSG00000235501.10	CNN3-DT
ENST00000736294.1	ENSG00000235501.10	CNN3-DT
ENST00000736295.1	ENSG00000235501.10	CNN3-DT
ENST00000736296.1	ENSG00000235501.10	CNN3-DT
ENST00000736297.1	ENSG00000235501.10	CNN3-DT
ENST00000736298.1	ENSG00000235501.10	CNN3-DT
ENST00000736299.1	ENSG00000235501.10	CNN3-DT
ENST00000736300.1	ENSG00000235501.10	CNN3-DT
ENST00000736301.1	ENSG00000235501.10	CNN3-DT
ENST00000736311.1	ENSG00000235501.10	CNN3-DT
ENST00000500526.1	ENSG00000246774.1	COL25A1-DT
ENST00000456125.3	ENSG00000236021.5	COP1-DT
ENST00000654248.1	ENSG00000236021.5	COP1-DT
ENST00000660913.1	ENSG00000236021.5	COP1-DT
ENST00000691174.3	ENSG00000236021.5	COP1-DT
ENST00000691278.1	ENSG00000236021.5	COP1-DT
ENST00000701212.1	ENSG00000236021.5	COP1-DT
ENST00000832865.1	ENSG00000236021.5	COP1-DT
ENST00000832866.1	ENSG00000236021.5	COP1-DT
ENST00000832867.1	ENSG00000236021.5	COP1-DT
ENST00000832868.1	ENSG00000236021.5	COP1-DT
ENST00000832869.1	ENSG00000236021.5	COP1-DT
ENST00000832870.1	ENSG00000236021.5	COP1-DT
ENST00000832871.1	ENSG00000236021.5	COP1-DT
ENST00000832872.1	ENSG00000236021.5	COP1-DT
ENST00000832873.1	ENSG00000236021.5	COP1-DT
ENST00000832875.1	ENSG00000236021.5	COP1-DT
ENST00000381790.3	ENSG00000248932.9	COPB2-DT
ENST00000655667.1	ENSG00000248932.9	COPB2-DT
ENST00000658348.1	ENSG00000248932.9	COPB2-DT
ENST00000660194.1	ENSG00000248932.9	COPB2-DT
ENST00000662234.1	ENSG00000248932.9	COPB2-DT
ENST00000664086.1	ENSG00000248932.9	COPB2-DT
ENST00000664165.2	ENSG00000248932.9	COPB2-DT
ENST00000670558.1	ENSG00000248932.9	COPB2-DT
ENST00000686351.2	ENSG00000248932.9	COPB2-DT
ENST00000731086.1	ENSG00000248932.9	COPB2-DT
ENST00000731087.1	ENSG00000248932.9	COPB2-DT
ENST00000731088.1	ENSG00000248932.9	COPB2-DT
ENST00000731089.1	ENSG00000248932.9	COPB2-DT
ENST00000731090.1	ENSG00000248932.9	COPB2-DT
ENST00000731091.1	ENSG00000248932.9	COPB2-DT
ENST00000628368.1	ENSG00000280837.1	CPS1-IT1
ENST00000414868.1	ENSG00000231163.7	CSMD2-AS1
ENST00000432447.6	ENSG00000231163.7	CSMD2-AS1
ENST00000434181.7	ENSG00000231163.7	CSMD2-AS1
ENST00000438719.2	ENSG00000231163.7	CSMD2-AS1
ENST00000653656.1	ENSG00000231163.7	CSMD2-AS1
ENST00000653768.1	ENSG00000231163.7	CSMD2-AS1
ENST00000654712.1	ENSG00000231163.7	CSMD2-AS1
ENST00000659019.1	ENSG00000231163.7	CSMD2-AS1
ENST00000659870.1	ENSG00000231163.7	CSMD2-AS1
ENST00000660205.1	ENSG00000231163.7	CSMD2-AS1
ENST00000661122.1	ENSG00000231163.7	CSMD2-AS1
ENST00000661540.1	ENSG00000231163.7	CSMD2-AS1
ENST00000662460.1	ENSG00000231163.7	CSMD2-AS1
ENST00000663192.1	ENSG00000231163.7	CSMD2-AS1
ENST00000663471.1	ENSG00000231163.7	CSMD2-AS1
ENST00000664189.2	ENSG00000231163.7	CSMD2-AS1
ENST00000665318.1	ENSG00000231163.7	CSMD2-AS1
ENST00000667628.2	ENSG00000231163.7	CSMD2-AS1
ENST00000668264.2	ENSG00000231163.7	CSMD2-AS1
ENST00000802551.1	ENSG00000231163.7	CSMD2-AS1
ENST00000802552.1	ENSG00000231163.7	CSMD2-AS1
ENST00000802553.1	ENSG00000231163.7	CSMD2-AS1
ENST00000802554.1	ENSG00000231163.7	CSMD2-AS1
ENST00000802555.1	ENSG00000231163.7	CSMD2-AS1
ENST00000441932.1	ENSG00000224536.3	CSRP1-AS1
ENST00000454651.2	ENSG00000224536.3	CSRP1-AS1
ENST00000648727.1	ENSG00000224536.3	CSRP1-AS1
ENST00000846697.1	ENSG00000224536.3	CSRP1-AS1
ENST00000846698.1	ENSG00000224536.3	CSRP1-AS1
ENST00000846699.1	ENSG00000224536.3	CSRP1-AS1
ENST00000846700.1	ENSG00000224536.3	CSRP1-AS1
ENST00000846768.1	ENSG00000224536.3	CSRP1-AS1
ENST00000846769.1	ENSG00000224536.3	CSRP1-AS1
ENST00000846770.1	ENSG00000224536.3	CSRP1-AS1
ENST00000846771.1	ENSG00000224536.3	CSRP1-AS1
ENST00000846772.1	ENSG00000224536.3	CSRP1-AS1
ENST00000846773.1	ENSG00000224536.3	CSRP1-AS1
ENST00000846774.1	ENSG00000224536.3	CSRP1-AS1
ENST00000846775.1	ENSG00000224536.3	CSRP1-AS1
ENST00000846776.1	ENSG00000224536.3	CSRP1-AS1
ENST00000846777.1	ENSG00000224536.3	CSRP1-AS1
ENST00000424010.2	ENSG00000291155.2	CT75
ENST00000429475.6	ENSG00000291155.2	CT75
ENST00000439237.2	ENSG00000291155.2	CT75
ENST00000446532.2	ENSG00000291155.2	CT75
ENST00000555502.7	ENSG00000291155.2	CT75
ENST00000589724.2	ENSG00000291155.2	CT75
ENST00000590427.1	ENSG00000291155.2	CT75
ENST00000691960.2	ENSG00000291155.2	CT75
ENST00000759489.1	ENSG00000291155.2	CT75
ENST00000759490.1	ENSG00000291155.2	CT75
ENST00000759491.1	ENSG00000291155.2	CT75
ENST00000759492.1	ENSG00000291155.2	CT75
ENST00000759493.1	ENSG00000291155.2	CT75
ENST00000759494.1	ENSG00000291155.2	CT75
ENST00000759495.1	ENSG00000291155.2	CT75
ENST00000759496.1	ENSG00000291155.2	CT75
ENST00000759497.1	ENSG00000291155.2	CT75
ENST00000759498.1	ENSG00000291155.2	CT75
ENST00000759499.1	ENSG00000291155.2	CT75
ENST00000759500.1	ENSG00000291155.2	CT75
ENST00000759501.1	ENSG00000291155.2	CT75
ENST00000759502.1	ENSG00000291155.2	CT75
ENST00000759504.1	ENSG00000291155.2	CT75
ENST00000759505.1	ENSG00000291155.2	CT75
ENST00000759507.1	ENSG00000291155.2	CT75
ENST00000759508.1	ENSG00000291155.2	CT75
ENST00000759509.1	ENSG00000291155.2	CT75
ENST00000454104.1	ENSG00000223989.1	CTNNBIP1-AS1
ENST00000500179.1	ENSG00000245384.3	CXXC4-AS1
ENST00000508358.2	ENSG00000245384.3	CXXC4-AS1
ENST00000655215.1	ENSG00000245384.3	CXXC4-AS1
ENST00000664466.1	ENSG00000245384.3	CXXC4-AS1
ENST00000723209.1	ENSG00000245384.3	CXXC4-AS1
ENST00000723210.1	ENSG00000245384.3	CXXC4-AS1
ENST00000723211.1	ENSG00000245384.3	CXXC4-AS1
ENST00000723212.1	ENSG00000245384.3	CXXC4-AS1
ENST00000723214.1	ENSG00000245384.3	CXXC4-AS1
ENST00000723216.1	ENSG00000245384.3	CXXC4-AS1
ENST00000723217.1	ENSG00000245384.3	CXXC4-AS1
ENST00000723219.1	ENSG00000245384.3	CXXC4-AS1
ENST00000723508.1	ENSG00000245384.3	CXXC4-AS1
ENST00000723509.1	ENSG00000245384.3	CXXC4-AS1
ENST00000723510.1	ENSG00000245384.3	CXXC4-AS1
ENST00000723511.1	ENSG00000245384.3	CXXC4-AS1
ENST00000723512.1	ENSG00000245384.3	CXXC4-AS1
ENST00000723514.1	ENSG00000245384.3	CXXC4-AS1
ENST00000723515.1	ENSG00000245384.3	CXXC4-AS1
ENST00000723516.1	ENSG00000245384.3	CXXC4-AS1
ENST00000413828.3	ENSG00000232973.15	CYP1B1-AS1
ENST00000427168.6	ENSG00000232973.15	CYP1B1-AS1
ENST00000589303.6	ENSG00000232973.15	CYP1B1-AS1
ENST00000593090.5	ENSG00000232973.15	CYP1B1-AS1
ENST00000603809.5	ENSG00000232973.15	CYP1B1-AS1
ENST00000606100.5	ENSG00000232973.15	CYP1B1-AS1
ENST00000606849.5	ENSG00000232973.15	CYP1B1-AS1
ENST00000609128.5	ENSG00000232973.15	CYP1B1-AS1
ENST00000610024.5	ENSG00000232973.15	CYP1B1-AS1
ENST00000610172.6	ENSG00000232973.15	CYP1B1-AS1
ENST00000612373.5	ENSG00000232973.15	CYP1B1-AS1
ENST00000625348.2	ENSG00000232973.15	CYP1B1-AS1
ENST00000626166.2	ENSG00000232973.15	CYP1B1-AS1
ENST00000626718.2	ENSG00000232973.15	CYP1B1-AS1
ENST00000627172.3	ENSG00000232973.15	CYP1B1-AS1
ENST00000627992.4	ENSG00000232973.15	CYP1B1-AS1
ENST00000628135.3	ENSG00000232973.15	CYP1B1-AS1
ENST00000628232.2	ENSG00000232973.15	CYP1B1-AS1
ENST00000628580.2	ENSG00000232973.15	CYP1B1-AS1
ENST00000629719.2	ENSG00000232973.15	CYP1B1-AS1
ENST00000630623.2	ENSG00000232973.15	CYP1B1-AS1
ENST00000630658.2	ENSG00000232973.15	CYP1B1-AS1
ENST00000653077.1	ENSG00000232973.15	CYP1B1-AS1
ENST00000653994.1	ENSG00000232973.15	CYP1B1-AS1
ENST00000660098.1	ENSG00000232973.15	CYP1B1-AS1
ENST00000767223.1	ENSG00000232973.15	CYP1B1-AS1
ENST00000767247.1	ENSG00000232973.15	CYP1B1-AS1
ENST00000767250.1	ENSG00000232973.15	CYP1B1-AS1
ENST00000767253.1	ENSG00000232973.15	CYP1B1-AS1
ENST00000767254.1	ENSG00000232973.15	CYP1B1-AS1
ENST00000397485.6	ENSG00000282944.2	CYP4F30P
ENST00000438109.5	ENSG00000282944.2	CYP4F30P
ENST00000331944.10	ENSG00000222041.13	CYTOR
ENST00000409054.2	ENSG00000222041.13	CYTOR
ENST00000409898.2	ENSG00000222041.13	CYTOR
ENST00000413202.1	ENSG00000222041.13	CYTOR
ENST00000414030.6	ENSG00000222041.13	CYTOR
ENST00000414584.1	ENSG00000222041.13	CYTOR
ENST00000419680.6	ENSG00000222041.13	CYTOR
ENST00000423846.5	ENSG00000222041.13	CYTOR
ENST00000437561.2	ENSG00000222041.13	CYTOR
ENST00000455131.5	ENSG00000222041.13	CYTOR
ENST00000603948.5	ENSG00000222041.13	CYTOR
ENST00000612724.1	ENSG00000222041.13	CYTOR
ENST00000629257.1	ENSG00000222041.13	CYTOR
ENST00000642293.1	ENSG00000222041.13	CYTOR
ENST00000642451.1	ENSG00000222041.13	CYTOR
ENST00000642796.1	ENSG00000222041.13	CYTOR
ENST00000643321.1	ENSG00000222041.13	CYTOR
ENST00000643509.1	ENSG00000222041.13	CYTOR
ENST00000643589.1	ENSG00000222041.13	CYTOR
ENST00000644040.1	ENSG00000222041.13	CYTOR
ENST00000644125.1	ENSG00000222041.13	CYTOR
ENST00000644478.1	ENSG00000222041.13	CYTOR
ENST00000644577.1	ENSG00000222041.13	CYTOR
ENST00000644938.1	ENSG00000222041.13	CYTOR
ENST00000645138.1	ENSG00000222041.13	CYTOR
ENST00000645257.1	ENSG00000222041.13	CYTOR
ENST00000645729.1	ENSG00000222041.13	CYTOR
ENST00000646386.1	ENSG00000222041.13	CYTOR
ENST00000703011.1	ENSG00000222041.13	CYTOR
ENST00000569869.1	ENSG00000259818.1	CZIB-DT
ENST00000416598.2	ENSG00000226759.9	DAB1-AS1
ENST00000420811.2	ENSG00000226759.9	DAB1-AS1
ENST00000432897.5	ENSG00000226759.9	DAB1-AS1
ENST00000434141.2	ENSG00000226759.9	DAB1-AS1
ENST00000457412.6	ENSG00000226759.9	DAB1-AS1
ENST00000585576.5	ENSG00000226759.9	DAB1-AS1
ENST00000585589.5	ENSG00000226759.9	DAB1-AS1
ENST00000586465.5	ENSG00000226759.9	DAB1-AS1
ENST00000587466.5	ENSG00000226759.9	DAB1-AS1
ENST00000588058.5	ENSG00000226759.9	DAB1-AS1
ENST00000588227.5	ENSG00000226759.9	DAB1-AS1
ENST00000590080.5	ENSG00000226759.9	DAB1-AS1
ENST00000591523.5	ENSG00000226759.9	DAB1-AS1
ENST00000591882.1	ENSG00000226759.9	DAB1-AS1
ENST00000592753.5	ENSG00000226759.9	DAB1-AS1
ENST00000592838.5	ENSG00000226759.9	DAB1-AS1
ENST00000592898.5	ENSG00000226759.9	DAB1-AS1
ENST00000608580.5	ENSG00000226759.9	DAB1-AS1
ENST00000608806.1	ENSG00000226759.9	DAB1-AS1
ENST00000608833.1	ENSG00000226759.9	DAB1-AS1
ENST00000609323.1	ENSG00000226759.9	DAB1-AS1
ENST00000610175.1	ENSG00000226759.9	DAB1-AS1
ENST00000610197.1	ENSG00000226759.9	DAB1-AS1
ENST00000627488.2	ENSG00000226759.9	DAB1-AS1
ENST00000628558.2	ENSG00000226759.9	DAB1-AS1
ENST00000628850.2	ENSG00000226759.9	DAB1-AS1
ENST00000667877.1	ENSG00000226759.9	DAB1-AS1
ENST00000829925.1	ENSG00000226759.9	DAB1-AS1
ENST00000829926.1	ENSG00000226759.9	DAB1-AS1
ENST00000829927.1	ENSG00000226759.9	DAB1-AS1
ENST00000660549.2	ENSG00000288022.2	DAGARR
ENST00000734617.1	ENSG00000288022.2	DAGARR
ENST00000734618.1	ENSG00000288022.2	DAGARR
ENST00000734619.1	ENSG00000288022.2	DAGARR
ENST00000734233.1	ENSG00000272324.6	DAP-DT
ENST00000399447.7	ENSG00000231890.11	DARS1-AS1
ENST00000419808.5	ENSG00000231890.11	DARS1-AS1
ENST00000438432.7	ENSG00000231890.11	DARS1-AS1
ENST00000444406.1	ENSG00000231890.11	DARS1-AS1
ENST00000444649.1	ENSG00000231890.11	DARS1-AS1
ENST00000446492.1	ENSG00000231890.11	DARS1-AS1
ENST00000448672.1	ENSG00000231890.11	DARS1-AS1
ENST00000593405.5	ENSG00000231890.11	DARS1-AS1
ENST00000593462.5	ENSG00000231890.11	DARS1-AS1
ENST00000594219.6	ENSG00000231890.11	DARS1-AS1
ENST00000594735.5	ENSG00000231890.11	DARS1-AS1
ENST00000595061.1	ENSG00000231890.11	DARS1-AS1
ENST00000595624.5	ENSG00000231890.11	DARS1-AS1
ENST00000596410.5	ENSG00000231890.11	DARS1-AS1
ENST00000597450.1	ENSG00000231890.11	DARS1-AS1
ENST00000598565.5	ENSG00000231890.11	DARS1-AS1
ENST00000599018.5	ENSG00000231890.11	DARS1-AS1
ENST00000599279.3	ENSG00000231890.11	DARS1-AS1
ENST00000601196.5	ENSG00000231890.11	DARS1-AS1
ENST00000601586.5	ENSG00000231890.11	DARS1-AS1
ENST00000607985.5	ENSG00000231890.11	DARS1-AS1
ENST00000608471.5	ENSG00000231890.11	DARS1-AS1
ENST00000609237.5	ENSG00000231890.11	DARS1-AS1
ENST00000609663.5	ENSG00000231890.11	DARS1-AS1
ENST00000613688.1	ENSG00000231890.11	DARS1-AS1
ENST00000615163.1	ENSG00000231890.11	DARS1-AS1
ENST00000625389.2	ENSG00000231890.11	DARS1-AS1
ENST00000627442.1	ENSG00000231890.11	DARS1-AS1
ENST00000627657.2	ENSG00000231890.11	DARS1-AS1
ENST00000629483.2	ENSG00000231890.11	DARS1-AS1
ENST00000631306.2	ENSG00000231890.11	DARS1-AS1
ENST00000669983.1	ENSG00000231890.11	DARS1-AS1
ENST00000692958.2	ENSG00000231890.11	DARS1-AS1
ENST00000701667.1	ENSG00000231890.11	DARS1-AS1
ENST00000702825.2	ENSG00000231890.11	DARS1-AS1
ENST00000717303.1	ENSG00000231890.11	DARS1-AS1
ENST00000764009.1	ENSG00000231890.11	DARS1-AS1
ENST00000764010.1	ENSG00000231890.11	DARS1-AS1
ENST00000764011.1	ENSG00000231890.11	DARS1-AS1
ENST00000764012.1	ENSG00000231890.11	DARS1-AS1
ENST00000764013.1	ENSG00000231890.11	DARS1-AS1
ENST00000764014.1	ENSG00000231890.11	DARS1-AS1
ENST00000764015.1	ENSG00000231890.11	DARS1-AS1
ENST00000764016.1	ENSG00000231890.11	DARS1-AS1
ENST00000764017.1	ENSG00000231890.11	DARS1-AS1
ENST00000764018.1	ENSG00000231890.11	DARS1-AS1
ENST00000764019.1	ENSG00000231890.11	DARS1-AS1
ENST00000764020.1	ENSG00000231890.11	DARS1-AS1
ENST00000764021.1	ENSG00000231890.11	DARS1-AS1
ENST00000764022.1	ENSG00000231890.11	DARS1-AS1
ENST00000764023.1	ENSG00000231890.11	DARS1-AS1
ENST00000764024.1	ENSG00000231890.11	DARS1-AS1
ENST00000764025.1	ENSG00000231890.11	DARS1-AS1
ENST00000764026.1	ENSG00000231890.11	DARS1-AS1
ENST00000764027.1	ENSG00000231890.11	DARS1-AS1
ENST00000764028.1	ENSG00000231890.11	DARS1-AS1
ENST00000764029.1	ENSG00000231890.11	DARS1-AS1
ENST00000764030.1	ENSG00000231890.11	DARS1-AS1
ENST00000764031.1	ENSG00000231890.11	DARS1-AS1
ENST00000764032.1	ENSG00000231890.11	DARS1-AS1
ENST00000764033.1	ENSG00000231890.11	DARS1-AS1
ENST00000764034.1	ENSG00000231890.11	DARS1-AS1
ENST00000764035.1	ENSG00000231890.11	DARS1-AS1
ENST00000764036.1	ENSG00000231890.11	DARS1-AS1
ENST00000764037.1	ENSG00000231890.11	DARS1-AS1
ENST00000764038.1	ENSG00000231890.11	DARS1-AS1
ENST00000764039.1	ENSG00000231890.11	DARS1-AS1
ENST00000764040.1	ENSG00000231890.11	DARS1-AS1
ENST00000764041.1	ENSG00000231890.11	DARS1-AS1
ENST00000764042.1	ENSG00000231890.11	DARS1-AS1
ENST00000764043.1	ENSG00000231890.11	DARS1-AS1
ENST00000764044.1	ENSG00000231890.11	DARS1-AS1
ENST00000764045.1	ENSG00000231890.11	DARS1-AS1
ENST00000764046.1	ENSG00000231890.11	DARS1-AS1
ENST00000764047.1	ENSG00000231890.11	DARS1-AS1
ENST00000764048.1	ENSG00000231890.11	DARS1-AS1
ENST00000442130.1	ENSG00000228606.5	DCAF8-DT
ENST00000642063.2	ENSG00000228606.5	DCAF8-DT
ENST00000656013.3	ENSG00000228606.5	DCAF8-DT
ENST00000756371.1	ENSG00000228606.5	DCAF8-DT
ENST00000756372.1	ENSG00000228606.5	DCAF8-DT
ENST00000756373.1	ENSG00000228606.5	DCAF8-DT
ENST00000756374.1	ENSG00000228606.5	DCAF8-DT
ENST00000756375.1	ENSG00000228606.5	DCAF8-DT
ENST00000412957.5	ENSG00000237737.6	DCTN1-AS1
ENST00000416630.2	ENSG00000237737.6	DCTN1-AS1
ENST00000418990.1	ENSG00000237737.6	DCTN1-AS1
ENST00000426715.5	ENSG00000237737.6	DCTN1-AS1
ENST00000427343.6	ENSG00000237737.6	DCTN1-AS1
ENST00000437991.1	ENSG00000237737.6	DCTN1-AS1
ENST00000664266.1	ENSG00000237737.6	DCTN1-AS1
ENST00000664792.1	ENSG00000237737.6	DCTN1-AS1
ENST00000515782.1	ENSG00000249710.2	DDIT4L-AS1
ENST00000792163.1	ENSG00000249710.2	DDIT4L-AS1
ENST00000792164.1	ENSG00000249710.2	DDIT4L-AS1
ENST00000792165.1	ENSG00000249710.2	DDIT4L-AS1
ENST00000792166.1	ENSG00000249710.2	DDIT4L-AS1
ENST00000792167.1	ENSG00000249710.2	DDIT4L-AS1
ENST00000568695.1	ENSG00000260088.2	DDX59-AS1
ENST00000835041.1	ENSG00000260088.2	DDX59-AS1
ENST00000835043.1	ENSG00000260088.2	DDX59-AS1
ENST00000835044.1	ENSG00000260088.2	DDX59-AS1
ENST00000835045.1	ENSG00000260088.2	DDX59-AS1
ENST00000465933.2	ENSG00000241933.2	DENND6A-DT
ENST00000425820.1	ENSG00000233589.1	DEPDC1-AS2
ENST00000415336.2	ENSG00000233203.8	DHCR24-DT
ENST00000433690.1	ENSG00000233203.8	DHCR24-DT
ENST00000689429.1	ENSG00000233203.8	DHCR24-DT
ENST00000715513.1	ENSG00000233203.8	DHCR24-DT
ENST00000715515.1	ENSG00000233203.8	DHCR24-DT
ENST00000456782.1	ENSG00000226758.1	DISC1-IT1
ENST00000371086.3	ENSG00000116652.7	DLEU2L
ENST00000430666.1	ENSG00000227375.7	DLG1-AS1
ENST00000653937.1	ENSG00000227375.7	DLG1-AS1
ENST00000656096.1	ENSG00000227375.7	DLG1-AS1
ENST00000657499.1	ENSG00000227375.7	DLG1-AS1
ENST00000824288.1	ENSG00000227375.7	DLG1-AS1
ENST00000824289.1	ENSG00000227375.7	DLG1-AS1
ENST00000715380.1	ENSG00000262001.4	DLGAP1-AS2
ENST00000448117.1	ENSG00000236651.2	DLX2-DT
ENST00000667725.1	ENSG00000236651.2	DLX2-DT
ENST00000715288.1	ENSG00000236651.2	DLX2-DT
ENST00000503244.2	ENSG00000251423.3	DNAH5-AS1
ENST00000637153.1	ENSG00000251423.3	DNAH5-AS1
ENST00000471626.1	ENSG00000242049.2	DNAJB8-AS1
ENST00000746121.1	ENSG00000242049.2	DNAJB8-AS1
ENST00000746122.1	ENSG00000242049.2	DNAJB8-AS1
ENST00000746123.1	ENSG00000242049.2	DNAJB8-AS1
ENST00000746124.1	ENSG00000242049.2	DNAJB8-AS1
ENST00000746138.1	ENSG00000242049.2	DNAJB8-AS1
ENST00000421842.3	ENSG00000224165.9	DNAJC27-AS1
ENST00000421904.6	ENSG00000224165.9	DNAJC27-AS1
ENST00000422449.1	ENSG00000224165.9	DNAJC27-AS1
ENST00000434897.4	ENSG00000224165.9	DNAJC27-AS1
ENST00000445389.9	ENSG00000224165.9	DNAJC27-AS1
ENST00000451291.5	ENSG00000224165.9	DNAJC27-AS1
ENST00000653368.2	ENSG00000224165.9	DNAJC27-AS1
ENST00000657294.3	ENSG00000224165.9	DNAJC27-AS1
ENST00000663498.2	ENSG00000224165.9	DNAJC27-AS1
ENST00000668034.4	ENSG00000224165.9	DNAJC27-AS1
ENST00000687126.2	ENSG00000224165.9	DNAJC27-AS1
ENST00000690413.1	ENSG00000224165.9	DNAJC27-AS1
ENST00000691716.2	ENSG00000224165.9	DNAJC27-AS1
ENST00000702647.2	ENSG00000224165.9	DNAJC27-AS1
ENST00000841448.1	ENSG00000224165.9	DNAJC27-AS1
ENST00000841449.1	ENSG00000224165.9	DNAJC27-AS1
ENST00000841450.1	ENSG00000224165.9	DNAJC27-AS1
ENST00000841451.1	ENSG00000224165.9	DNAJC27-AS1
ENST00000841453.1	ENSG00000224165.9	DNAJC27-AS1
ENST00000841457.1	ENSG00000224165.9	DNAJC27-AS1
ENST00000841458.1	ENSG00000224165.9	DNAJC27-AS1
ENST00000841459.1	ENSG00000224165.9	DNAJC27-AS1
ENST00000841460.1	ENSG00000224165.9	DNAJC27-AS1
ENST00000841461.1	ENSG00000224165.9	DNAJC27-AS1
ENST00000841462.1	ENSG00000224165.9	DNAJC27-AS1
ENST00000841463.1	ENSG00000224165.9	DNAJC27-AS1
ENST00000841465.1	ENSG00000224165.9	DNAJC27-AS1
ENST00000841466.1	ENSG00000224165.9	DNAJC27-AS1
ENST00000841467.1	ENSG00000224165.9	DNAJC27-AS1
ENST00000841468.1	ENSG00000224165.9	DNAJC27-AS1
ENST00000450800.1	ENSG00000233540.1	DNM3-IT1
ENST00000420563.1	ENSG00000229525.2	DNPEP-AS1
ENST00000729797.1	ENSG00000229525.2	DNPEP-AS1
ENST00000453229.1	ENSG00000235545.2	DOCK7-DT
ENST00000812373.1	ENSG00000235545.2	DOCK7-DT
ENST00000446527.8	ENSG00000233184.10	DPH5-DT
ENST00000449473.2	ENSG00000233184.10	DPH5-DT
ENST00000451213.2	ENSG00000233184.10	DPH5-DT
ENST00000454721.8	ENSG00000233184.10	DPH5-DT
ENST00000654544.1	ENSG00000233184.10	DPH5-DT
ENST00000654574.4	ENSG00000233184.10	DPH5-DT
ENST00000656047.1	ENSG00000233184.10	DPH5-DT
ENST00000656224.3	ENSG00000233184.10	DPH5-DT
ENST00000656671.2	ENSG00000233184.10	DPH5-DT
ENST00000658370.1	ENSG00000233184.10	DPH5-DT
ENST00000659528.4	ENSG00000233184.10	DPH5-DT
ENST00000663958.1	ENSG00000233184.10	DPH5-DT
ENST00000664684.2	ENSG00000233184.10	DPH5-DT
ENST00000666646.1	ENSG00000233184.10	DPH5-DT
ENST00000669687.1	ENSG00000233184.10	DPH5-DT
ENST00000687494.2	ENSG00000233184.10	DPH5-DT
ENST00000687560.3	ENSG00000233184.10	DPH5-DT
ENST00000719303.1	ENSG00000233184.10	DPH5-DT
ENST00000719305.1	ENSG00000233184.10	DPH5-DT
ENST00000719306.1	ENSG00000233184.10	DPH5-DT
ENST00000719307.1	ENSG00000233184.10	DPH5-DT
ENST00000719308.1	ENSG00000233184.10	DPH5-DT
ENST00000719309.1	ENSG00000233184.10	DPH5-DT
ENST00000418335.1	ENSG00000230918.4	DPP4-DT
ENST00000670014.2	ENSG00000230918.4	DPP4-DT
ENST00000693081.2	ENSG00000230918.4	DPP4-DT
ENST00000839446.1	ENSG00000230918.4	DPP4-DT
ENST00000839447.1	ENSG00000230918.4	DPP4-DT
ENST00000839448.1	ENSG00000230918.4	DPP4-DT
ENST00000839449.1	ENSG00000230918.4	DPP4-DT
ENST00000839450.1	ENSG00000230918.4	DPP4-DT
ENST00000630798.1	ENSG00000232878.3	DPYD-AS1
ENST00000422259.1	ENSG00000235777.1	DPYD-AS2
ENST00000431362.1	ENSG00000235777.1	DPYD-AS2
ENST00000352271.6	ENSG00000224220.2	DTNB-AS1
ENST00000780548.1	ENSG00000224220.2	DTNB-AS1
ENST00000780549.1	ENSG00000224220.2	DTNB-AS1
ENST00000780550.1	ENSG00000224220.2	DTNB-AS1
ENST00000780551.1	ENSG00000224220.2	DTNB-AS1
ENST00000780552.1	ENSG00000224220.2	DTNB-AS1
ENST00000463143.5	ENSG00000243701.9	DUBR
ENST00000466734.6	ENSG00000243701.9	DUBR
ENST00000473550.1	ENSG00000243701.9	DUBR
ENST00000490441.1	ENSG00000243701.9	DUBR
ENST00000495228.2	ENSG00000243701.9	DUBR
ENST00000651804.1	ENSG00000243701.9	DUBR
ENST00000653298.1	ENSG00000243701.9	DUBR
ENST00000653509.1	ENSG00000243701.9	DUBR
ENST00000654269.1	ENSG00000243701.9	DUBR
ENST00000655772.1	ENSG00000243701.9	DUBR
ENST00000657097.1	ENSG00000243701.9	DUBR
ENST00000657581.1	ENSG00000243701.9	DUBR
ENST00000658510.1	ENSG00000243701.9	DUBR
ENST00000659830.1	ENSG00000243701.9	DUBR
ENST00000659955.1	ENSG00000243701.9	DUBR
ENST00000660575.1	ENSG00000243701.9	DUBR
ENST00000660597.1	ENSG00000243701.9	DUBR
ENST00000662418.1	ENSG00000243701.9	DUBR
ENST00000663366.1	ENSG00000243701.9	DUBR
ENST00000663370.1	ENSG00000243701.9	DUBR
ENST00000665694.1	ENSG00000243701.9	DUBR
ENST00000667411.2	ENSG00000243701.9	DUBR
ENST00000667442.1	ENSG00000243701.9	DUBR
ENST00000667603.1	ENSG00000243701.9	DUBR
ENST00000667620.1	ENSG00000243701.9	DUBR
ENST00000667634.1	ENSG00000243701.9	DUBR
ENST00000667710.1	ENSG00000243701.9	DUBR
ENST00000667856.1	ENSG00000243701.9	DUBR
ENST00000669523.1	ENSG00000243701.9	DUBR
ENST00000669723.1	ENSG00000243701.9	DUBR
ENST00000670833.1	ENSG00000243701.9	DUBR
ENST00000671419.1	ENSG00000243701.9	DUBR
ENST00000715947.1	ENSG00000243701.9	DUBR
ENST00000715948.1	ENSG00000243701.9	DUBR
ENST00000819787.1	ENSG00000229862.6	EEF1A1-AS1
ENST00000819788.1	ENSG00000229862.6	EEF1A1-AS1
ENST00000418985.2	ENSG00000228237.6	EFCAB14-AS1
ENST00000442839.5	ENSG00000228237.6	EFCAB14-AS1
ENST00000728086.1	ENSG00000228237.6	EFCAB14-AS1
ENST00000512603.5	ENSG00000248572.7	EGFLAM-AS2
ENST00000514377.1	ENSG00000248572.7	EGFLAM-AS2
ENST00000653716.1	ENSG00000248572.7	EGFLAM-AS2
ENST00000656982.2	ENSG00000248572.7	EGFLAM-AS2
ENST00000761332.1	ENSG00000248572.7	EGFLAM-AS2
ENST00000505267.2	ENSG00000249071.2	EGFLAM-AS3
ENST00000512496.1	ENSG00000248730.1	EGFLAM-AS4
ENST00000510137.2	ENSG00000251257.4	EGFLAM-AS5
ENST00000510469.2	ENSG00000251257.4	EGFLAM-AS5
ENST00000758691.1	ENSG00000251257.4	EGFLAM-AS5
ENST00000417720.1	ENSG00000223358.5	EHHADH-AS1
ENST00000444571.5	ENSG00000223358.5	EHHADH-AS1
ENST00000413234.1	ENSG00000225420.2	EIF2AK3-AS1
ENST00000453008.4	ENSG00000234028.5	EIF2AK3-DT
ENST00000606164.1	ENSG00000234028.5	EIF2AK3-DT
ENST00000688818.2	ENSG00000234028.5	EIF2AK3-DT
ENST00000790078.1	ENSG00000234028.5	EIF2AK3-DT
ENST00000790079.1	ENSG00000234028.5	EIF2AK3-DT
ENST00000790080.1	ENSG00000234028.5	EIF2AK3-DT
ENST00000437898.4	ENSG00000230424.4	EMC1-AS1
ENST00000690421.3	ENSG00000230424.4	EMC1-AS1
ENST00000842450.1	ENSG00000230424.4	EMC1-AS1
ENST00000842451.1	ENSG00000230424.4	EMC1-AS1
ENST00000842452.1	ENSG00000230424.4	EMC1-AS1
ENST00000842453.1	ENSG00000230424.4	EMC1-AS1
ENST00000835135.1	ENSG00000230679.2	ENO1-AS1
ENST00000835136.1	ENSG00000230679.2	ENO1-AS1
ENST00000413848.1	ENSG00000183308.7	ENSG00000183308
ENST00000831782.1	ENSG00000183308.7	ENSG00000183308
ENST00000831783.1	ENSG00000183308.7	ENSG00000183308
ENST00000831784.1	ENSG00000183308.7	ENSG00000183308
ENST00000831785.1	ENSG00000183308.7	ENSG00000183308
ENST00000441093.1	ENSG00000187904.3	ENSG00000187904
ENST00000432743.1	ENSG00000189229.13	ENSG00000189229
ENST00000653883.2	ENSG00000189229.13	ENSG00000189229
ENST00000655754.1	ENSG00000189229.13	ENSG00000189229
ENST00000659651.1	ENSG00000189229.13	ENSG00000189229
ENST00000659827.1	ENSG00000189229.13	ENSG00000189229
ENST00000660158.1	ENSG00000189229.13	ENSG00000189229
ENST00000662508.1	ENSG00000189229.13	ENSG00000189229
ENST00000668643.1	ENSG00000189229.13	ENSG00000189229
ENST00000669798.1	ENSG00000189229.13	ENSG00000189229
ENST00000671036.1	ENSG00000189229.13	ENSG00000189229
ENST00000671370.1	ENSG00000189229.13	ENSG00000189229
ENST00000689328.1	ENSG00000189229.13	ENSG00000189229
ENST00000812232.1	ENSG00000189229.13	ENSG00000189229
ENST00000812233.1	ENSG00000189229.13	ENSG00000189229
ENST00000812239.1	ENSG00000189229.13	ENSG00000189229
ENST00000812240.1	ENSG00000189229.13	ENSG00000189229
ENST00000812241.1	ENSG00000189229.13	ENSG00000189229
ENST00000812242.1	ENSG00000189229.13	ENSG00000189229
ENST00000812247.1	ENSG00000189229.13	ENSG00000189229
ENST00000812248.1	ENSG00000189229.13	ENSG00000189229
ENST00000769341.1	ENSG00000197462.4	ENSG00000197462
ENST00000769342.1	ENSG00000197462.4	ENSG00000197462
ENST00000769343.1	ENSG00000197462.4	ENSG00000197462
ENST00000769344.1	ENSG00000197462.4	ENSG00000197462
ENST00000359823.2	ENSG00000197644.2	ENSG00000197644
ENST00000356006.3	ENSG00000198358.4	ENSG00000198358
ENST00000424487.1	ENSG00000203469.2	ENSG00000203469
ENST00000455038.1	ENSG00000203605.3	ENSG00000203605
ENST00000381217.2	ENSG00000205682.2	ENSG00000205682
ENST00000392097.6	ENSG00000213062.6	ENSG00000213062
ENST00000392385.2	ENSG00000213121.3	ENSG00000213121
ENST00000395152.3	ENSG00000213600.3	ENSG00000213600
ENST00000401851.2	ENSG00000217702.4	ENSG00000217702
ENST00000652224.1	ENSG00000217702.4	ENSG00000217702
ENST00000664764.1	ENSG00000222017.2	ENSG00000222017
ENST00000721462.1	ENSG00000222017.2	ENSG00000222017
ENST00000721752.1	ENSG00000222017.2	ENSG00000222017
ENST00000428541.1	ENSG00000222043.2	ENSG00000222043
ENST00000414086.1	ENSG00000223360.1	ENSG00000223360
ENST00000437261.1	ENSG00000223373.1	ENSG00000223373
ENST00000425802.1	ENSG00000223390.1	ENSG00000223390
ENST00000439341.3	ENSG00000223393.3	ENSG00000223393
ENST00000662719.1	ENSG00000223393.3	ENSG00000223393
ENST00000664342.1	ENSG00000223393.3	ENSG00000223393
ENST00000671303.1	ENSG00000223393.3	ENSG00000223393
ENST00000836780.1	ENSG00000223393.3	ENSG00000223393
ENST00000836781.1	ENSG00000223393.3	ENSG00000223393
ENST00000836782.1	ENSG00000223393.3	ENSG00000223393
ENST00000420184.1	ENSG00000223430.1	ENSG00000223430
ENST00000423925.7	ENSG00000223536.8	ENSG00000223536
ENST00000420020.5	ENSG00000223642.7	ENSG00000223642
ENST00000594921.1	ENSG00000223642.7	ENSG00000223642
ENST00000608714.5	ENSG00000223642.7	ENSG00000223642
ENST00000626302.1	ENSG00000223642.7	ENSG00000223642
ENST00000627036.2	ENSG00000223642.7	ENSG00000223642
ENST00000415451.2	ENSG00000223711.3	ENSG00000223711
ENST00000417011.2	ENSG00000223711.3	ENSG00000223711
ENST00000426109.1	ENSG00000223711.3	ENSG00000223711
ENST00000686608.1	ENSG00000223711.3	ENSG00000223711
ENST00000781772.1	ENSG00000223711.3	ENSG00000223711
ENST00000781773.1	ENSG00000223711.3	ENSG00000223711
ENST00000781774.1	ENSG00000223711.3	ENSG00000223711
ENST00000781775.1	ENSG00000223711.3	ENSG00000223711
ENST00000781776.1	ENSG00000223711.3	ENSG00000223711
ENST00000781777.1	ENSG00000223711.3	ENSG00000223711
ENST00000781778.1	ENSG00000223711.3	ENSG00000223711
ENST00000781779.1	ENSG00000223711.3	ENSG00000223711
ENST00000781780.1	ENSG00000223711.3	ENSG00000223711
ENST00000425850.1	ENSG00000223751.3	ENSG00000223751
ENST00000693641.2	ENSG00000223751.3	ENSG00000223751
ENST00000783440.1	ENSG00000223751.3	ENSG00000223751
ENST00000783441.1	ENSG00000223751.3	ENSG00000223751
ENST00000783447.1	ENSG00000223751.3	ENSG00000223751
ENST00000783448.1	ENSG00000223751.3	ENSG00000223751
ENST00000783450.1	ENSG00000223751.3	ENSG00000223751
ENST00000783453.1	ENSG00000223751.3	ENSG00000223751
ENST00000783454.1	ENSG00000223751.3	ENSG00000223751
ENST00000783455.1	ENSG00000223751.3	ENSG00000223751
ENST00000783456.1	ENSG00000223751.3	ENSG00000223751
ENST00000783458.1	ENSG00000223751.3	ENSG00000223751
ENST00000783459.1	ENSG00000223751.3	ENSG00000223751
ENST00000783462.1	ENSG00000223751.3	ENSG00000223751
ENST00000783463.1	ENSG00000223751.3	ENSG00000223751
ENST00000783464.1	ENSG00000223751.3	ENSG00000223751
ENST00000783465.1	ENSG00000223751.3	ENSG00000223751
ENST00000783467.1	ENSG00000223751.3	ENSG00000223751
ENST00000783468.1	ENSG00000223751.3	ENSG00000223751
ENST00000414927.5	ENSG00000223774.6	ENSG00000223774
ENST00000756964.1	ENSG00000223774.6	ENSG00000223774
ENST00000756965.1	ENSG00000223774.6	ENSG00000223774
ENST00000452364.1	ENSG00000223947.1	ENSG00000223947
ENST00000452366.2	ENSG00000224000.2	ENSG00000224000
ENST00000717047.1	ENSG00000224000.2	ENSG00000224000
ENST00000717048.1	ENSG00000224000.2	ENSG00000224000
ENST00000717050.1	ENSG00000224000.2	ENSG00000224000
ENST00000717051.1	ENSG00000224000.2	ENSG00000224000
ENST00000717052.1	ENSG00000224000.2	ENSG00000224000
ENST00000725727.1	ENSG00000224000.2	ENSG00000224000
ENST00000725728.1	ENSG00000224000.2	ENSG00000224000
ENST00000725729.1	ENSG00000224000.2	ENSG00000224000
ENST00000725730.1	ENSG00000224000.2	ENSG00000224000
ENST00000725731.1	ENSG00000224000.2	ENSG00000224000
ENST00000725732.1	ENSG00000224000.2	ENSG00000224000
ENST00000725733.1	ENSG00000224000.2	ENSG00000224000
ENST00000725734.1	ENSG00000224000.2	ENSG00000224000
ENST00000725735.1	ENSG00000224000.2	ENSG00000224000
ENST00000725736.1	ENSG00000224000.2	ENSG00000224000
ENST00000725737.1	ENSG00000224000.2	ENSG00000224000
ENST00000725738.1	ENSG00000224000.2	ENSG00000224000
ENST00000725739.1	ENSG00000224000.2	ENSG00000224000
ENST00000725740.1	ENSG00000224000.2	ENSG00000224000
ENST00000725741.1	ENSG00000224000.2	ENSG00000224000
ENST00000725742.1	ENSG00000224000.2	ENSG00000224000
ENST00000725743.1	ENSG00000224000.2	ENSG00000224000
ENST00000725744.1	ENSG00000224000.2	ENSG00000224000
ENST00000725745.1	ENSG00000224000.2	ENSG00000224000
ENST00000725746.1	ENSG00000224000.2	ENSG00000224000
ENST00000725748.1	ENSG00000224000.2	ENSG00000224000
ENST00000725749.1	ENSG00000224000.2	ENSG00000224000
ENST00000725750.1	ENSG00000224000.2	ENSG00000224000
ENST00000725751.1	ENSG00000224000.2	ENSG00000224000
ENST00000725752.1	ENSG00000224000.2	ENSG00000224000
ENST00000725753.1	ENSG00000224000.2	ENSG00000224000
ENST00000725754.1	ENSG00000224000.2	ENSG00000224000
ENST00000725755.1	ENSG00000224000.2	ENSG00000224000
ENST00000725756.1	ENSG00000224000.2	ENSG00000224000
ENST00000725757.1	ENSG00000224000.2	ENSG00000224000
ENST00000725758.1	ENSG00000224000.2	ENSG00000224000
ENST00000725759.1	ENSG00000224000.2	ENSG00000224000
ENST00000725760.1	ENSG00000224000.2	ENSG00000224000
ENST00000725761.1	ENSG00000224000.2	ENSG00000224000
ENST00000725762.1	ENSG00000224000.2	ENSG00000224000
ENST00000725763.1	ENSG00000224000.2	ENSG00000224000
ENST00000725764.1	ENSG00000224000.2	ENSG00000224000
ENST00000725765.1	ENSG00000224000.2	ENSG00000224000
ENST00000417384.1	ENSG00000224049.1	ENSG00000224049
ENST00000433178.1	ENSG00000224049.1	ENSG00000224049
ENST00000441450.1	ENSG00000224090.2	ENSG00000224090
ENST00000821585.1	ENSG00000224090.2	ENSG00000224090
ENST00000413290.1	ENSG00000224099.3	ENSG00000224099
ENST00000670658.1	ENSG00000224099.3	ENSG00000224099
ENST00000762253.1	ENSG00000224099.3	ENSG00000224099
ENST00000445534.3	ENSG00000224132.3	ENSG00000224132
ENST00000796744.1	ENSG00000224132.3	ENSG00000224132
ENST00000796745.1	ENSG00000224132.3	ENSG00000224132
ENST00000796746.1	ENSG00000224132.3	ENSG00000224132
ENST00000796747.1	ENSG00000224132.3	ENSG00000224132
ENST00000796748.1	ENSG00000224132.3	ENSG00000224132
ENST00000796749.1	ENSG00000224132.3	ENSG00000224132
ENST00000796751.1	ENSG00000224132.3	ENSG00000224132
ENST00000796752.1	ENSG00000224132.3	ENSG00000224132
ENST00000796753.1	ENSG00000224132.3	ENSG00000224132
ENST00000796754.1	ENSG00000224132.3	ENSG00000224132
ENST00000796755.1	ENSG00000224132.3	ENSG00000224132
ENST00000796756.1	ENSG00000224132.3	ENSG00000224132
ENST00000796759.1	ENSG00000224132.3	ENSG00000224132
ENST00000796760.1	ENSG00000224132.3	ENSG00000224132
ENST00000796761.1	ENSG00000224132.3	ENSG00000224132
ENST00000796763.1	ENSG00000224132.3	ENSG00000224132
ENST00000796764.1	ENSG00000224132.3	ENSG00000224132
ENST00000796765.1	ENSG00000224132.3	ENSG00000224132
ENST00000796766.1	ENSG00000224132.3	ENSG00000224132
ENST00000796767.1	ENSG00000224132.3	ENSG00000224132
ENST00000796768.1	ENSG00000224132.3	ENSG00000224132
ENST00000796769.1	ENSG00000224132.3	ENSG00000224132
ENST00000796770.1	ENSG00000224132.3	ENSG00000224132
ENST00000796771.1	ENSG00000224132.3	ENSG00000224132
ENST00000562878.1	ENSG00000224174.3	ENSG00000224174
ENST00000457477.2	ENSG00000224359.2	ENSG00000224359
ENST00000415129.4	ENSG00000224376.4	ENSG00000224376
ENST00000418050.1	ENSG00000224376.4	ENSG00000224376
ENST00000422153.1	ENSG00000224645.1	ENSG00000224645
ENST00000428391.1	ENSG00000224691.1	ENSG00000224691
ENST00000415201.1	ENSG00000224879.1	ENSG00000224879
ENST00000458555.1	ENSG00000224969.1	ENSG00000224969
ENST00000426262.1	ENSG00000225006.1	ENSG00000225006
ENST00000445070.1	ENSG00000225028.1	ENSG00000225028
ENST00000456601.1	ENSG00000225057.3	ENSG00000225057
ENST00000799391.1	ENSG00000225057.3	ENSG00000225057
ENST00000799393.1	ENSG00000225057.3	ENSG00000225057
ENST00000799394.1	ENSG00000225057.3	ENSG00000225057
ENST00000799395.1	ENSG00000225057.3	ENSG00000225057
ENST00000799396.1	ENSG00000225057.3	ENSG00000225057
ENST00000799397.1	ENSG00000225057.3	ENSG00000225057
ENST00000799398.1	ENSG00000225057.3	ENSG00000225057
ENST00000799399.1	ENSG00000225057.3	ENSG00000225057
ENST00000670046.2	ENSG00000225096.4	ENSG00000225096
ENST00000819581.1	ENSG00000225096.4	ENSG00000225096
ENST00000436416.1	ENSG00000225113.1	ENSG00000225113
ENST00000425325.2	ENSG00000225156.3	ENSG00000225156
ENST00000760330.1	ENSG00000225156.3	ENSG00000225156
ENST00000760331.1	ENSG00000225156.3	ENSG00000225156
ENST00000760332.1	ENSG00000225156.3	ENSG00000225156
ENST00000760333.1	ENSG00000225156.3	ENSG00000225156
ENST00000760334.1	ENSG00000225156.3	ENSG00000225156
ENST00000761580.1	ENSG00000225166.3	ENSG00000225166
ENST00000761581.1	ENSG00000225166.3	ENSG00000225166
ENST00000422480.5	ENSG00000225172.6	ENSG00000225172
ENST00000440162.1	ENSG00000225172.6	ENSG00000225172
ENST00000658052.1	ENSG00000225172.6	ENSG00000225172
ENST00000420365.1	ENSG00000225214.2	ENSG00000225214
ENST00000762324.1	ENSG00000225214.2	ENSG00000225214
ENST00000417161.3	ENSG00000225233.3	ENSG00000225233
ENST00000788945.1	ENSG00000225233.3	ENSG00000225233
ENST00000788946.1	ENSG00000225233.3	ENSG00000225233
ENST00000788947.1	ENSG00000225233.3	ENSG00000225233
ENST00000788948.1	ENSG00000225233.3	ENSG00000225233
ENST00000788949.1	ENSG00000225233.3	ENSG00000225233
ENST00000788950.1	ENSG00000225233.3	ENSG00000225233
ENST00000788951.1	ENSG00000225233.3	ENSG00000225233
ENST00000788952.1	ENSG00000225233.3	ENSG00000225233
ENST00000788953.1	ENSG00000225233.3	ENSG00000225233
ENST00000788954.1	ENSG00000225233.3	ENSG00000225233
ENST00000788955.1	ENSG00000225233.3	ENSG00000225233
ENST00000788956.1	ENSG00000225233.3	ENSG00000225233
ENST00000788957.1	ENSG00000225233.3	ENSG00000225233
ENST00000788959.1	ENSG00000225233.3	ENSG00000225233
ENST00000788960.1	ENSG00000225233.3	ENSG00000225233
ENST00000788961.1	ENSG00000225233.3	ENSG00000225233
ENST00000788962.1	ENSG00000225233.3	ENSG00000225233
ENST00000788963.1	ENSG00000225233.3	ENSG00000225233
ENST00000788965.1	ENSG00000225233.3	ENSG00000225233
ENST00000788966.1	ENSG00000225233.3	ENSG00000225233
ENST00000788967.1	ENSG00000225233.3	ENSG00000225233
ENST00000788968.1	ENSG00000225233.3	ENSG00000225233
ENST00000788969.1	ENSG00000225233.3	ENSG00000225233
ENST00000788970.1	ENSG00000225233.3	ENSG00000225233
ENST00000788972.1	ENSG00000225233.3	ENSG00000225233
ENST00000788973.1	ENSG00000225233.3	ENSG00000225233
ENST00000788974.1	ENSG00000225233.3	ENSG00000225233
ENST00000788975.1	ENSG00000225233.3	ENSG00000225233
ENST00000788976.1	ENSG00000225233.3	ENSG00000225233
ENST00000788977.1	ENSG00000225233.3	ENSG00000225233
ENST00000788978.1	ENSG00000225233.3	ENSG00000225233
ENST00000788979.1	ENSG00000225233.3	ENSG00000225233
ENST00000788981.1	ENSG00000225233.3	ENSG00000225233
ENST00000788982.1	ENSG00000225233.3	ENSG00000225233
ENST00000788983.1	ENSG00000225233.3	ENSG00000225233
ENST00000788984.1	ENSG00000225233.3	ENSG00000225233
ENST00000788985.1	ENSG00000225233.3	ENSG00000225233
ENST00000788986.1	ENSG00000225233.3	ENSG00000225233
ENST00000788988.1	ENSG00000225233.3	ENSG00000225233
ENST00000788991.1	ENSG00000225233.3	ENSG00000225233
ENST00000788992.1	ENSG00000225233.3	ENSG00000225233
ENST00000788993.1	ENSG00000225233.3	ENSG00000225233
ENST00000788994.1	ENSG00000225233.3	ENSG00000225233
ENST00000788995.1	ENSG00000225233.3	ENSG00000225233
ENST00000435580.2	ENSG00000225279.3	ENSG00000225279
ENST00000662080.1	ENSG00000225279.3	ENSG00000225279
ENST00000772467.1	ENSG00000225279.3	ENSG00000225279
ENST00000442829.1	ENSG00000225284.1	ENSG00000225284
ENST00000457957.2	ENSG00000225313.6	ENSG00000225313
ENST00000587696.2	ENSG00000225313.6	ENSG00000225313
ENST00000588828.1	ENSG00000225313.6	ENSG00000225313
ENST00000624012.1	ENSG00000225313.6	ENSG00000225313
ENST00000624453.3	ENSG00000225313.6	ENSG00000225313
ENST00000625117.1	ENSG00000225313.6	ENSG00000225313
ENST00000627130.1	ENSG00000225313.6	ENSG00000225313
ENST00000627421.1	ENSG00000225313.6	ENSG00000225313
ENST00000628643.2	ENSG00000225313.6	ENSG00000225313
ENST00000630229.1	ENSG00000225313.6	ENSG00000225313
ENST00000630909.2	ENSG00000225313.6	ENSG00000225313
ENST00000827938.1	ENSG00000225313.6	ENSG00000225313
ENST00000761050.1	ENSG00000225315.3	ENSG00000225315
ENST00000761051.1	ENSG00000225315.3	ENSG00000225315
ENST00000761052.1	ENSG00000225315.3	ENSG00000225315
ENST00000761053.1	ENSG00000225315.3	ENSG00000225315
ENST00000761054.1	ENSG00000225315.3	ENSG00000225315
ENST00000761055.1	ENSG00000225315.3	ENSG00000225315
ENST00000761056.1	ENSG00000225315.3	ENSG00000225315
ENST00000761057.1	ENSG00000225315.3	ENSG00000225315
ENST00000761058.1	ENSG00000225315.3	ENSG00000225315
ENST00000761059.1	ENSG00000225315.3	ENSG00000225315
ENST00000761060.1	ENSG00000225315.3	ENSG00000225315
ENST00000761063.1	ENSG00000225315.3	ENSG00000225315
ENST00000761065.1	ENSG00000225315.3	ENSG00000225315
ENST00000761066.1	ENSG00000225315.3	ENSG00000225315
ENST00000761067.1	ENSG00000225315.3	ENSG00000225315
ENST00000761068.1	ENSG00000225315.3	ENSG00000225315
ENST00000761069.1	ENSG00000225315.3	ENSG00000225315
ENST00000420211.1	ENSG00000225387.1	ENSG00000225387
ENST00000440528.3	ENSG00000225399.4	ENSG00000225399
ENST00000622888.1	ENSG00000225399.4	ENSG00000225399
ENST00000507514.1	ENSG00000225407.3	ENSG00000225407
ENST00000436121.3	ENSG00000225605.4	ENSG00000225605
ENST00000635455.1	ENSG00000225605.4	ENSG00000225605
ENST00000653726.1	ENSG00000225605.4	ENSG00000225605
ENST00000654326.1	ENSG00000225605.4	ENSG00000225605
ENST00000654893.1	ENSG00000225605.4	ENSG00000225605
ENST00000658579.1	ENSG00000225605.4	ENSG00000225605
ENST00000658660.1	ENSG00000225605.4	ENSG00000225605
ENST00000659182.1	ENSG00000225605.4	ENSG00000225605
ENST00000659632.1	ENSG00000225605.4	ENSG00000225605
ENST00000660289.1	ENSG00000225605.4	ENSG00000225605
ENST00000660524.1	ENSG00000225605.4	ENSG00000225605
ENST00000660655.1	ENSG00000225605.4	ENSG00000225605
ENST00000662311.2	ENSG00000225605.4	ENSG00000225605
ENST00000663145.2	ENSG00000225605.4	ENSG00000225605
ENST00000663495.1	ENSG00000225605.4	ENSG00000225605
ENST00000663496.2	ENSG00000225605.4	ENSG00000225605
ENST00000664339.1	ENSG00000225605.4	ENSG00000225605
ENST00000665343.1	ENSG00000225605.4	ENSG00000225605
ENST00000666157.2	ENSG00000225605.4	ENSG00000225605
ENST00000666909.1	ENSG00000225605.4	ENSG00000225605
ENST00000668000.1	ENSG00000225605.4	ENSG00000225605
ENST00000668173.1	ENSG00000225605.4	ENSG00000225605
ENST00000668722.1	ENSG00000225605.4	ENSG00000225605
ENST00000783477.1	ENSG00000225605.4	ENSG00000225605
ENST00000783478.1	ENSG00000225605.4	ENSG00000225605
ENST00000783479.1	ENSG00000225605.4	ENSG00000225605
ENST00000783480.1	ENSG00000225605.4	ENSG00000225605
ENST00000783481.1	ENSG00000225605.4	ENSG00000225605
ENST00000783482.1	ENSG00000225605.4	ENSG00000225605
ENST00000783484.1	ENSG00000225605.4	ENSG00000225605
ENST00000783485.1	ENSG00000225605.4	ENSG00000225605
ENST00000783486.1	ENSG00000225605.4	ENSG00000225605
ENST00000783487.1	ENSG00000225605.4	ENSG00000225605
ENST00000783488.1	ENSG00000225605.4	ENSG00000225605
ENST00000783489.1	ENSG00000225605.4	ENSG00000225605
ENST00000783490.1	ENSG00000225605.4	ENSG00000225605
ENST00000783491.1	ENSG00000225605.4	ENSG00000225605
ENST00000783492.1	ENSG00000225605.4	ENSG00000225605
ENST00000783493.1	ENSG00000225605.4	ENSG00000225605
ENST00000783494.1	ENSG00000225605.4	ENSG00000225605
ENST00000783497.1	ENSG00000225605.4	ENSG00000225605
ENST00000783499.1	ENSG00000225605.4	ENSG00000225605
ENST00000783500.1	ENSG00000225605.4	ENSG00000225605
ENST00000783501.1	ENSG00000225605.4	ENSG00000225605
ENST00000422116.1	ENSG00000225610.1	ENSG00000225610
ENST00000411431.1	ENSG00000225620.1	ENSG00000225620
ENST00000656870.2	ENSG00000225794.4	ENSG00000225794
ENST00000412313.1	ENSG00000225815.3	ENSG00000225815
ENST00000449673.1	ENSG00000225815.3	ENSG00000225815
ENST00000735952.1	ENSG00000225815.3	ENSG00000225815
ENST00000450486.1	ENSG00000225819.1	ENSG00000225819
ENST00000728917.1	ENSG00000225884.4	ENSG00000225884
ENST00000430683.1	ENSG00000225886.3	ENSG00000225886
ENST00000625232.2	ENSG00000225886.3	ENSG00000225886
ENST00000626608.2	ENSG00000225886.3	ENSG00000225886
ENST00000628584.2	ENSG00000225886.3	ENSG00000225886
ENST00000628586.2	ENSG00000225886.3	ENSG00000225886
ENST00000629895.1	ENSG00000225886.3	ENSG00000225886
ENST00000413030.8	ENSG00000225889.11	ENSG00000225889
ENST00000426365.6	ENSG00000225889.11	ENSG00000225889
ENST00000436950.6	ENSG00000225889.11	ENSG00000225889
ENST00000438115.7	ENSG00000225889.11	ENSG00000225889
ENST00000449678.6	ENSG00000225889.11	ENSG00000225889
ENST00000451350.3	ENSG00000225889.11	ENSG00000225889
ENST00000655199.1	ENSG00000225889.11	ENSG00000225889
ENST00000660901.1	ENSG00000225889.11	ENSG00000225889
ENST00000661002.1	ENSG00000225889.11	ENSG00000225889
ENST00000662258.1	ENSG00000225889.11	ENSG00000225889
ENST00000665224.1	ENSG00000225889.11	ENSG00000225889
ENST00000671318.1	ENSG00000225889.11	ENSG00000225889
ENST00000674774.1	ENSG00000225889.11	ENSG00000225889
ENST00000674812.1	ENSG00000225889.11	ENSG00000225889
ENST00000674891.1	ENSG00000225889.11	ENSG00000225889
ENST00000675176.1	ENSG00000225889.11	ENSG00000225889
ENST00000675190.1	ENSG00000225889.11	ENSG00000225889
ENST00000675228.1	ENSG00000225889.11	ENSG00000225889
ENST00000675238.1	ENSG00000225889.11	ENSG00000225889
ENST00000675513.1	ENSG00000225889.11	ENSG00000225889
ENST00000675604.1	ENSG00000225889.11	ENSG00000225889
ENST00000675635.2	ENSG00000225889.11	ENSG00000225889
ENST00000685930.1	ENSG00000225889.11	ENSG00000225889
ENST00000687330.1	ENSG00000225889.11	ENSG00000225889
ENST00000687706.2	ENSG00000225889.11	ENSG00000225889
ENST00000688262.2	ENSG00000225889.11	ENSG00000225889
ENST00000689166.1	ENSG00000225889.11	ENSG00000225889
ENST00000691031.1	ENSG00000225889.11	ENSG00000225889
ENST00000691049.1	ENSG00000225889.11	ENSG00000225889
ENST00000691083.1	ENSG00000225889.11	ENSG00000225889
ENST00000691096.1	ENSG00000225889.11	ENSG00000225889
ENST00000691978.1	ENSG00000225889.11	ENSG00000225889
ENST00000692126.1	ENSG00000225889.11	ENSG00000225889
ENST00000692955.1	ENSG00000225889.11	ENSG00000225889
ENST00000717280.1	ENSG00000225889.11	ENSG00000225889
ENST00000717281.1	ENSG00000225889.11	ENSG00000225889
ENST00000445199.4	ENSG00000225963.9	ENSG00000225963
ENST00000454058.4	ENSG00000225963.9	ENSG00000225963
ENST00000594622.1	ENSG00000225963.9	ENSG00000225963
ENST00000600787.4	ENSG00000225963.9	ENSG00000225963
ENST00000609120.1	ENSG00000225963.9	ENSG00000225963
ENST00000625550.2	ENSG00000225963.9	ENSG00000225963
ENST00000626428.2	ENSG00000225963.9	ENSG00000225963
ENST00000628587.2	ENSG00000225963.9	ENSG00000225963
ENST00000630748.2	ENSG00000225963.9	ENSG00000225963
ENST00000739908.1	ENSG00000225963.9	ENSG00000225963
ENST00000428646.2	ENSG00000225982.2	ENSG00000225982
ENST00000756799.1	ENSG00000225982.2	ENSG00000225982
ENST00000756800.1	ENSG00000225982.2	ENSG00000225982
ENST00000756801.1	ENSG00000225982.2	ENSG00000225982
ENST00000756802.1	ENSG00000225982.2	ENSG00000225982
ENST00000756803.1	ENSG00000225982.2	ENSG00000225982
ENST00000756804.1	ENSG00000225982.2	ENSG00000225982
ENST00000756805.1	ENSG00000225982.2	ENSG00000225982
ENST00000756806.1	ENSG00000225982.2	ENSG00000225982
ENST00000756807.1	ENSG00000225982.2	ENSG00000225982
ENST00000426892.1	ENSG00000226087.5	ENSG00000226087
ENST00000444361.1	ENSG00000226087.5	ENSG00000226087
ENST00000654272.2	ENSG00000226087.5	ENSG00000226087
ENST00000663536.1	ENSG00000226087.5	ENSG00000226087
ENST00000666175.3	ENSG00000226087.5	ENSG00000226087
ENST00000702035.2	ENSG00000226087.5	ENSG00000226087
ENST00000782148.1	ENSG00000226087.5	ENSG00000226087
ENST00000782149.1	ENSG00000226087.5	ENSG00000226087
ENST00000782150.1	ENSG00000226087.5	ENSG00000226087
ENST00000782151.1	ENSG00000226087.5	ENSG00000226087
ENST00000782152.1	ENSG00000226087.5	ENSG00000226087
ENST00000782153.1	ENSG00000226087.5	ENSG00000226087
ENST00000782154.1	ENSG00000226087.5	ENSG00000226087
ENST00000782155.1	ENSG00000226087.5	ENSG00000226087
ENST00000782156.1	ENSG00000226087.5	ENSG00000226087
ENST00000782157.1	ENSG00000226087.5	ENSG00000226087
ENST00000782158.1	ENSG00000226087.5	ENSG00000226087
ENST00000782159.1	ENSG00000226087.5	ENSG00000226087
ENST00000782160.1	ENSG00000226087.5	ENSG00000226087
ENST00000782161.1	ENSG00000226087.5	ENSG00000226087
ENST00000782162.1	ENSG00000226087.5	ENSG00000226087
ENST00000782163.1	ENSG00000226087.5	ENSG00000226087
ENST00000782164.1	ENSG00000226087.5	ENSG00000226087
ENST00000782165.1	ENSG00000226087.5	ENSG00000226087
ENST00000782166.1	ENSG00000226087.5	ENSG00000226087
ENST00000782167.1	ENSG00000226087.5	ENSG00000226087
ENST00000782168.1	ENSG00000226087.5	ENSG00000226087
ENST00000782169.1	ENSG00000226087.5	ENSG00000226087
ENST00000782170.1	ENSG00000226087.5	ENSG00000226087
ENST00000782171.1	ENSG00000226087.5	ENSG00000226087
ENST00000782172.1	ENSG00000226087.5	ENSG00000226087
ENST00000449613.1	ENSG00000226238.1	ENSG00000226238
ENST00000422216.1	ENSG00000226252.1	ENSG00000226252
ENST00000437967.2	ENSG00000226442.2	ENSG00000226442
ENST00000446261.1	ENSG00000226526.1	ENSG00000226526
ENST00000805782.1	ENSG00000226601.2	ENSG00000226601
ENST00000805783.1	ENSG00000226601.2	ENSG00000226601
ENST00000429230.1	ENSG00000226716.1	ENSG00000226716
ENST00000644500.1	ENSG00000226919.5	ENSG00000226919
ENST00000653456.1	ENSG00000226919.5	ENSG00000226919
ENST00000654667.1	ENSG00000226919.5	ENSG00000226919
ENST00000657836.1	ENSG00000226919.5	ENSG00000226919
ENST00000665532.1	ENSG00000226919.5	ENSG00000226919
ENST00000817248.1	ENSG00000226919.5	ENSG00000226919
ENST00000817250.1	ENSG00000226919.5	ENSG00000226919
ENST00000429008.2	ENSG00000226939.2	ENSG00000226939
ENST00000661894.2	ENSG00000226939.2	ENSG00000226939
ENST00000830494.1	ENSG00000226939.2	ENSG00000226939
ENST00000830495.1	ENSG00000226939.2	ENSG00000226939
ENST00000830497.1	ENSG00000226939.2	ENSG00000226939
ENST00000830498.1	ENSG00000226939.2	ENSG00000226939
ENST00000830499.1	ENSG00000226939.2	ENSG00000226939
ENST00000830501.1	ENSG00000226939.2	ENSG00000226939
ENST00000830503.1	ENSG00000226939.2	ENSG00000226939
ENST00000450004.1	ENSG00000226957.1	ENSG00000226957
ENST00000586952.5	ENSG00000226994.10	ENSG00000226994
ENST00000626183.1	ENSG00000226994.10	ENSG00000226994
ENST00000741881.1	ENSG00000226994.10	ENSG00000226994
ENST00000752876.1	ENSG00000226994.10	ENSG00000226994
ENST00000752877.1	ENSG00000226994.10	ENSG00000226994
ENST00000752878.1	ENSG00000226994.10	ENSG00000226994
ENST00000457548.1	ENSG00000227045.1	ENSG00000227045
ENST00000437798.1	ENSG00000227061.3	ENSG00000227061
ENST00000751561.1	ENSG00000227061.3	ENSG00000227061
ENST00000417947.1	ENSG00000227107.1	ENSG00000227107
ENST00000416008.3	ENSG00000227157.3	ENSG00000227157
ENST00000653581.2	ENSG00000227157.3	ENSG00000227157
ENST00000658233.2	ENSG00000227157.3	ENSG00000227157
ENST00000669131.2	ENSG00000227157.3	ENSG00000227157
ENST00000759617.1	ENSG00000227157.3	ENSG00000227157
ENST00000759618.1	ENSG00000227157.3	ENSG00000227157
ENST00000759619.1	ENSG00000227157.3	ENSG00000227157
ENST00000759620.1	ENSG00000227157.3	ENSG00000227157
ENST00000759621.1	ENSG00000227157.3	ENSG00000227157
ENST00000759622.1	ENSG00000227157.3	ENSG00000227157
ENST00000759623.1	ENSG00000227157.3	ENSG00000227157
ENST00000759624.1	ENSG00000227157.3	ENSG00000227157
ENST00000759625.1	ENSG00000227157.3	ENSG00000227157
ENST00000759626.1	ENSG00000227157.3	ENSG00000227157
ENST00000759627.1	ENSG00000227157.3	ENSG00000227157
ENST00000759628.1	ENSG00000227157.3	ENSG00000227157
ENST00000759629.1	ENSG00000227157.3	ENSG00000227157
ENST00000768809.1	ENSG00000227193.3	ENSG00000227193
ENST00000769356.1	ENSG00000227193.3	ENSG00000227193
ENST00000769361.1	ENSG00000227193.3	ENSG00000227193
ENST00000769362.1	ENSG00000227193.3	ENSG00000227193
ENST00000769363.1	ENSG00000227193.3	ENSG00000227193
ENST00000769364.1	ENSG00000227193.3	ENSG00000227193
ENST00000769365.1	ENSG00000227193.3	ENSG00000227193
ENST00000439562.1	ENSG00000227230.2	ENSG00000227230
ENST00000737087.1	ENSG00000227230.2	ENSG00000227230
ENST00000767587.1	ENSG00000227240.3	ENSG00000227240
ENST00000767588.1	ENSG00000227240.3	ENSG00000227240
ENST00000767589.1	ENSG00000227240.3	ENSG00000227240
ENST00000767590.1	ENSG00000227240.3	ENSG00000227240
ENST00000767591.1	ENSG00000227240.3	ENSG00000227240
ENST00000767592.1	ENSG00000227240.3	ENSG00000227240
ENST00000785442.1	ENSG00000227240.3	ENSG00000227240
ENST00000792084.1	ENSG00000227240.3	ENSG00000227240
ENST00000457115.1	ENSG00000227245.2	ENSG00000227245
ENST00000649466.1	ENSG00000227245.2	ENSG00000227245
ENST00000776848.1	ENSG00000227245.2	ENSG00000227245
ENST00000446029.1	ENSG00000227459.1	ENSG00000227459
ENST00000418091.1	ENSG00000227485.1	ENSG00000227485
ENST00000448264.2	ENSG00000227496.4	ENSG00000227496
ENST00000651661.3	ENSG00000227496.4	ENSG00000227496
ENST00000655987.1	ENSG00000227496.4	ENSG00000227496
ENST00000665855.1	ENSG00000227496.4	ENSG00000227496
ENST00000671442.1	ENSG00000227496.4	ENSG00000227496
ENST00000823988.1	ENSG00000227496.4	ENSG00000227496
ENST00000823989.1	ENSG00000227496.4	ENSG00000227496
ENST00000823990.1	ENSG00000227496.4	ENSG00000227496
ENST00000823991.1	ENSG00000227496.4	ENSG00000227496
ENST00000823992.1	ENSG00000227496.4	ENSG00000227496
ENST00000823993.1	ENSG00000227496.4	ENSG00000227496
ENST00000456683.2	ENSG00000227574.2	ENSG00000227574
ENST00000595058.3	ENSG00000227769.7	ENSG00000227769
ENST00000602182.1	ENSG00000227769.7	ENSG00000227769
ENST00000617699.1	ENSG00000227769.7	ENSG00000227769
ENST00000430905.2	ENSG00000227818.2	ENSG00000227818
ENST00000809863.1	ENSG00000227818.2	ENSG00000227818
ENST00000809864.1	ENSG00000227818.2	ENSG00000227818
ENST00000452785.3	ENSG00000227857.3	ENSG00000227857
ENST00000756294.1	ENSG00000227857.3	ENSG00000227857
ENST00000756295.1	ENSG00000227857.3	ENSG00000227857
ENST00000756296.1	ENSG00000227857.3	ENSG00000227857
ENST00000762841.1	ENSG00000227907.2	ENSG00000227907
ENST00000422038.1	ENSG00000227935.1	ENSG00000227935
ENST00000413274.1	ENSG00000227987.1	ENSG00000227987
ENST00000747933.1	ENSG00000228021.8	ENSG00000228021
ENST00000747936.1	ENSG00000228021.8	ENSG00000228021
ENST00000747940.1	ENSG00000228021.8	ENSG00000228021
ENST00000425275.1	ENSG00000228028.2	ENSG00000228028
ENST00000608995.1	ENSG00000228028.2	ENSG00000228028
ENST00000829924.1	ENSG00000228037.2	ENSG00000228037
ENST00000449012.2	ENSG00000228044.4	ENSG00000228044
ENST00000453568.1	ENSG00000228044.4	ENSG00000228044
ENST00000664534.2	ENSG00000228044.4	ENSG00000228044
ENST00000796482.1	ENSG00000228044.4	ENSG00000228044
ENST00000796484.1	ENSG00000228044.4	ENSG00000228044
ENST00000796485.1	ENSG00000228044.4	ENSG00000228044
ENST00000796486.1	ENSG00000228044.4	ENSG00000228044
ENST00000796487.1	ENSG00000228044.4	ENSG00000228044
ENST00000796488.1	ENSG00000228044.4	ENSG00000228044
ENST00000796489.1	ENSG00000228044.4	ENSG00000228044
ENST00000796490.1	ENSG00000228044.4	ENSG00000228044
ENST00000796491.1	ENSG00000228044.4	ENSG00000228044
ENST00000796493.1	ENSG00000228044.4	ENSG00000228044
ENST00000796494.1	ENSG00000228044.4	ENSG00000228044
ENST00000796496.1	ENSG00000228044.4	ENSG00000228044
ENST00000796497.1	ENSG00000228044.4	ENSG00000228044
ENST00000796498.1	ENSG00000228044.4	ENSG00000228044
ENST00000796500.1	ENSG00000228044.4	ENSG00000228044
ENST00000796501.1	ENSG00000228044.4	ENSG00000228044
ENST00000796503.1	ENSG00000228044.4	ENSG00000228044
ENST00000796504.1	ENSG00000228044.4	ENSG00000228044
ENST00000796517.1	ENSG00000228044.4	ENSG00000228044
ENST00000796521.1	ENSG00000228044.4	ENSG00000228044
ENST00000796522.1	ENSG00000228044.4	ENSG00000228044
ENST00000796524.1	ENSG00000228044.4	ENSG00000228044
ENST00000425983.1	ENSG00000228064.1	ENSG00000228064
ENST00000419029.1	ENSG00000228073.1	ENSG00000228073
ENST00000445884.2	ENSG00000228150.2	ENSG00000228150
ENST00000738448.1	ENSG00000228150.2	ENSG00000228150
ENST00000738449.1	ENSG00000228150.2	ENSG00000228150
ENST00000738450.1	ENSG00000228150.2	ENSG00000228150
ENST00000738451.1	ENSG00000228150.2	ENSG00000228150
ENST00000738452.1	ENSG00000228150.2	ENSG00000228150
ENST00000738453.1	ENSG00000228150.2	ENSG00000228150
ENST00000738454.1	ENSG00000228150.2	ENSG00000228150
ENST00000738455.1	ENSG00000228150.2	ENSG00000228150
ENST00000738456.1	ENSG00000228150.2	ENSG00000228150
ENST00000738457.1	ENSG00000228150.2	ENSG00000228150
ENST00000435021.1	ENSG00000228153.1	ENSG00000228153
ENST00000701604.2	ENSG00000228162.3	ENSG00000228162
ENST00000821571.1	ENSG00000228162.3	ENSG00000228162
ENST00000821572.1	ENSG00000228162.3	ENSG00000228162
ENST00000821573.1	ENSG00000228162.3	ENSG00000228162
ENST00000442316.1	ENSG00000228222.1	ENSG00000228222
ENST00000416229.2	ENSG00000228384.5	ENSG00000228384
ENST00000760475.1	ENSG00000228384.5	ENSG00000228384
ENST00000435175.1	ENSG00000228496.3	ENSG00000228496
ENST00000455754.3	ENSG00000228496.3	ENSG00000228496
ENST00000418481.1	ENSG00000228505.5	ENSG00000228505
ENST00000450715.5	ENSG00000228505.5	ENSG00000228505
ENST00000453322.3	ENSG00000228528.3	ENSG00000228528
ENST00000624047.1	ENSG00000228528.3	ENSG00000228528
ENST00000662788.2	ENSG00000228528.3	ENSG00000228528
ENST00000666357.2	ENSG00000228528.3	ENSG00000228528
ENST00000667846.1	ENSG00000228528.3	ENSG00000228528
ENST00000734437.1	ENSG00000228528.3	ENSG00000228528
ENST00000734438.1	ENSG00000228528.3	ENSG00000228528
ENST00000734439.1	ENSG00000228528.3	ENSG00000228528
ENST00000734440.1	ENSG00000228528.3	ENSG00000228528
ENST00000734441.1	ENSG00000228528.3	ENSG00000228528
ENST00000734442.1	ENSG00000228528.3	ENSG00000228528
ENST00000734443.1	ENSG00000228528.3	ENSG00000228528
ENST00000734444.1	ENSG00000228528.3	ENSG00000228528
ENST00000734445.1	ENSG00000228528.3	ENSG00000228528
ENST00000734446.1	ENSG00000228528.3	ENSG00000228528
ENST00000734447.1	ENSG00000228528.3	ENSG00000228528
ENST00000734448.1	ENSG00000228528.3	ENSG00000228528
ENST00000416845.2	ENSG00000228541.4	ENSG00000228541
ENST00000687402.3	ENSG00000228541.4	ENSG00000228541
ENST00000687773.2	ENSG00000228541.4	ENSG00000228541
ENST00000688476.3	ENSG00000228541.4	ENSG00000228541
ENST00000689009.3	ENSG00000228541.4	ENSG00000228541
ENST00000701184.2	ENSG00000228541.4	ENSG00000228541
ENST00000701944.2	ENSG00000228541.4	ENSG00000228541
ENST00000807679.1	ENSG00000228541.4	ENSG00000228541
ENST00000807680.1	ENSG00000228541.4	ENSG00000228541
ENST00000807681.1	ENSG00000228541.4	ENSG00000228541
ENST00000807682.1	ENSG00000228541.4	ENSG00000228541
ENST00000807683.1	ENSG00000228541.4	ENSG00000228541
ENST00000807684.1	ENSG00000228541.4	ENSG00000228541
ENST00000807685.1	ENSG00000228541.4	ENSG00000228541
ENST00000807686.1	ENSG00000228541.4	ENSG00000228541
ENST00000807688.1	ENSG00000228541.4	ENSG00000228541
ENST00000807689.1	ENSG00000228541.4	ENSG00000228541
ENST00000807690.1	ENSG00000228541.4	ENSG00000228541
ENST00000807691.1	ENSG00000228541.4	ENSG00000228541
ENST00000807692.1	ENSG00000228541.4	ENSG00000228541
ENST00000807693.1	ENSG00000228541.4	ENSG00000228541
ENST00000807694.1	ENSG00000228541.4	ENSG00000228541
ENST00000807695.1	ENSG00000228541.4	ENSG00000228541
ENST00000807696.1	ENSG00000228541.4	ENSG00000228541
ENST00000807697.1	ENSG00000228541.4	ENSG00000228541
ENST00000807701.1	ENSG00000228541.4	ENSG00000228541
ENST00000807702.1	ENSG00000228541.4	ENSG00000228541
ENST00000807703.1	ENSG00000228541.4	ENSG00000228541
ENST00000807705.1	ENSG00000228541.4	ENSG00000228541
ENST00000807706.1	ENSG00000228541.4	ENSG00000228541
ENST00000807710.1	ENSG00000228541.4	ENSG00000228541
ENST00000807712.1	ENSG00000228541.4	ENSG00000228541
ENST00000807713.1	ENSG00000228541.4	ENSG00000228541
ENST00000807714.1	ENSG00000228541.4	ENSG00000228541
ENST00000807716.1	ENSG00000228541.4	ENSG00000228541
ENST00000807717.1	ENSG00000228541.4	ENSG00000228541
ENST00000807718.1	ENSG00000228541.4	ENSG00000228541
ENST00000807719.1	ENSG00000228541.4	ENSG00000228541
ENST00000807720.1	ENSG00000228541.4	ENSG00000228541
ENST00000435713.1	ENSG00000228563.1	ENSG00000228563
ENST00000449526.1	ENSG00000228586.2	ENSG00000228586
ENST00000847161.1	ENSG00000228586.2	ENSG00000228586
ENST00000414756.1	ENSG00000228618.1	ENSG00000228618
ENST00000424451.1	ENSG00000228625.1	ENSG00000228625
ENST00000447478.1	ENSG00000228634.1	ENSG00000228634
ENST00000776219.1	ENSG00000228643.2	ENSG00000228643
ENST00000776220.1	ENSG00000228643.2	ENSG00000228643
ENST00000776221.1	ENSG00000228643.2	ENSG00000228643
ENST00000776223.1	ENSG00000228643.2	ENSG00000228643
ENST00000776225.1	ENSG00000228643.2	ENSG00000228643
ENST00000438117.2	ENSG00000228650.2	ENSG00000228650
ENST00000426030.2	ENSG00000228686.2	ENSG00000228686
ENST00000449623.6	ENSG00000228804.6	ENSG00000228804
ENST00000436039.1	ENSG00000228830.1	ENSG00000228830
ENST00000421637.1	ENSG00000228838.1	ENSG00000228838
ENST00000588034.5	ENSG00000228863.9	ENSG00000228863
ENST00000627799.2	ENSG00000228863.9	ENSG00000228863
ENST00000628340.1	ENSG00000228863.9	ENSG00000228863
ENST00000840728.1	ENSG00000228863.9	ENSG00000228863
ENST00000420404.2	ENSG00000228876.4	ENSG00000228876
ENST00000642208.1	ENSG00000228876.4	ENSG00000228876
ENST00000644340.1	ENSG00000228876.4	ENSG00000228876
ENST00000655060.1	ENSG00000228876.4	ENSG00000228876
ENST00000656503.1	ENSG00000228876.4	ENSG00000228876
ENST00000661862.1	ENSG00000228876.4	ENSG00000228876
ENST00000666711.1	ENSG00000228876.4	ENSG00000228876
ENST00000838981.1	ENSG00000228950.2	ENSG00000228950
ENST00000838982.1	ENSG00000228950.2	ENSG00000228950
ENST00000838983.1	ENSG00000228950.2	ENSG00000228950
ENST00000838987.1	ENSG00000228950.2	ENSG00000228950
ENST00000432386.1	ENSG00000229021.3	ENSG00000229021
ENST00000759539.1	ENSG00000229021.3	ENSG00000229021
ENST00000438963.2	ENSG00000229066.3	ENSG00000229066
ENST00000653625.1	ENSG00000229066.3	ENSG00000229066
ENST00000760326.1	ENSG00000229066.3	ENSG00000229066
ENST00000421326.1	ENSG00000229131.2	ENSG00000229131
ENST00000785002.1	ENSG00000229131.2	ENSG00000229131
ENST00000785003.1	ENSG00000229131.2	ENSG00000229131
ENST00000452525.1	ENSG00000229229.1	ENSG00000229229
ENST00000414995.1	ENSG00000229242.1	ENSG00000229242
ENST00000438070.3	ENSG00000229321.3	ENSG00000229321
ENST00000658291.1	ENSG00000229321.3	ENSG00000229321
ENST00000658889.1	ENSG00000229321.3	ENSG00000229321
ENST00000659096.2	ENSG00000229321.3	ENSG00000229321
ENST00000661657.1	ENSG00000229321.3	ENSG00000229321
ENST00000765097.1	ENSG00000229321.3	ENSG00000229321
ENST00000765098.1	ENSG00000229321.3	ENSG00000229321
ENST00000414394.1	ENSG00000229395.1	ENSG00000229395
ENST00000665618.1	ENSG00000229494.3	ENSG00000229494
ENST00000666900.1	ENSG00000229494.3	ENSG00000229494
ENST00000366278.2	ENSG00000229498.1	ENSG00000229498
ENST00000414199.1	ENSG00000229528.1	ENSG00000229528
ENST00000425271.1	ENSG00000229588.4	ENSG00000229588
ENST00000653824.3	ENSG00000229588.4	ENSG00000229588
ENST00000829275.1	ENSG00000229588.4	ENSG00000229588
ENST00000829276.1	ENSG00000229588.4	ENSG00000229588
ENST00000779010.1	ENSG00000229642.2	ENSG00000229642
ENST00000779015.1	ENSG00000229642.2	ENSG00000229642
ENST00000779021.1	ENSG00000229642.2	ENSG00000229642
ENST00000779023.1	ENSG00000229642.2	ENSG00000229642
ENST00000427145.1	ENSG00000229699.1	ENSG00000229699
ENST00000658275.1	ENSG00000229727.8	ENSG00000229727
ENST00000812800.1	ENSG00000229727.8	ENSG00000229727
ENST00000812801.1	ENSG00000229727.8	ENSG00000229727
ENST00000812802.1	ENSG00000229727.8	ENSG00000229727
ENST00000812807.1	ENSG00000229727.8	ENSG00000229727
ENST00000812808.1	ENSG00000229727.8	ENSG00000229727
ENST00000650800.3	ENSG00000229740.4	ENSG00000229740
ENST00000661966.2	ENSG00000229740.4	ENSG00000229740
ENST00000663038.2	ENSG00000229740.4	ENSG00000229740
ENST00000779630.1	ENSG00000229740.4	ENSG00000229740
ENST00000779632.1	ENSG00000229740.4	ENSG00000229740
ENST00000779633.1	ENSG00000229740.4	ENSG00000229740
ENST00000449168.2	ENSG00000229750.2	ENSG00000229750
ENST00000719840.1	ENSG00000229750.2	ENSG00000229750
ENST00000436488.1	ENSG00000229797.3	ENSG00000229797
ENST00000448777.1	ENSG00000229797.3	ENSG00000229797
ENST00000662920.2	ENSG00000229797.3	ENSG00000229797
ENST00000447949.1	ENSG00000229832.1	ENSG00000229832
ENST00000456002.2	ENSG00000229846.3	ENSG00000229846
ENST00000790379.1	ENSG00000229846.3	ENSG00000229846
ENST00000434540.1	ENSG00000230027.3	ENSG00000230027
ENST00000659190.1	ENSG00000230027.3	ENSG00000230027
ENST00000786393.1	ENSG00000230027.3	ENSG00000230027
ENST00000786394.1	ENSG00000230027.3	ENSG00000230027
ENST00000446847.1	ENSG00000230063.1	ENSG00000230063
ENST00000842010.1	ENSG00000230159.2	ENSG00000230159
ENST00000429293.1	ENSG00000230163.1	ENSG00000230163
ENST00000824307.1	ENSG00000230186.4	ENSG00000230186
ENST00000824308.1	ENSG00000230186.4	ENSG00000230186
ENST00000426794.2	ENSG00000230285.2	ENSG00000230285
ENST00000726250.1	ENSG00000230285.2	ENSG00000230285
ENST00000726251.1	ENSG00000230285.2	ENSG00000230285
ENST00000714334.1	ENSG00000230309.3	ENSG00000230309
ENST00000417355.2	ENSG00000230432.2	ENSG00000230432
ENST00000793829.1	ENSG00000230432.2	ENSG00000230432
ENST00000414377.1	ENSG00000230470.1	ENSG00000230470
ENST00000717491.1	ENSG00000230471.2	ENSG00000230471
ENST00000659520.1	ENSG00000230498.3	ENSG00000230498
ENST00000412593.1	ENSG00000230569.1	ENSG00000230569
ENST00000440266.2	ENSG00000230599.2	ENSG00000230599
ENST00000628061.1	ENSG00000230612.3	ENSG00000230612
ENST00000431800.2	ENSG00000230615.9	ENSG00000230615
ENST00000434244.5	ENSG00000230615.9	ENSG00000230615
ENST00000437643.1	ENSG00000230615.9	ENSG00000230615
ENST00000447959.1	ENSG00000230615.9	ENSG00000230615
ENST00000453688.5	ENSG00000230615.9	ENSG00000230615
ENST00000609027.1	ENSG00000230615.9	ENSG00000230615
ENST00000609472.5	ENSG00000230615.9	ENSG00000230615
ENST00000623351.1	ENSG00000230615.9	ENSG00000230615
ENST00000625982.1	ENSG00000230615.9	ENSG00000230615
ENST00000626342.1	ENSG00000230615.9	ENSG00000230615
ENST00000626430.1	ENSG00000230615.9	ENSG00000230615
ENST00000627824.2	ENSG00000230615.9	ENSG00000230615
ENST00000628234.2	ENSG00000230615.9	ENSG00000230615
ENST00000630871.2	ENSG00000230615.9	ENSG00000230615
ENST00000656061.1	ENSG00000230615.9	ENSG00000230615
ENST00000657086.3	ENSG00000230615.9	ENSG00000230615
ENST00000693417.2	ENSG00000230615.9	ENSG00000230615
ENST00000836620.1	ENSG00000230615.9	ENSG00000230615
ENST00000836621.1	ENSG00000230615.9	ENSG00000230615
ENST00000836622.1	ENSG00000230615.9	ENSG00000230615
ENST00000836623.1	ENSG00000230615.9	ENSG00000230615
ENST00000836624.1	ENSG00000230615.9	ENSG00000230615
ENST00000836626.1	ENSG00000230615.9	ENSG00000230615
ENST00000836627.1	ENSG00000230615.9	ENSG00000230615
ENST00000836628.1	ENSG00000230615.9	ENSG00000230615
ENST00000836629.1	ENSG00000230615.9	ENSG00000230615
ENST00000836630.1	ENSG00000230615.9	ENSG00000230615
ENST00000836631.1	ENSG00000230615.9	ENSG00000230615
ENST00000836632.1	ENSG00000230615.9	ENSG00000230615
ENST00000836633.1	ENSG00000230615.9	ENSG00000230615
ENST00000836634.1	ENSG00000230615.9	ENSG00000230615
ENST00000836635.1	ENSG00000230615.9	ENSG00000230615
ENST00000836636.1	ENSG00000230615.9	ENSG00000230615
ENST00000836637.1	ENSG00000230615.9	ENSG00000230615
ENST00000836638.1	ENSG00000230615.9	ENSG00000230615
ENST00000836639.1	ENSG00000230615.9	ENSG00000230615
ENST00000427825.4	ENSG00000230623.9	ENSG00000230623
ENST00000634596.3	ENSG00000230623.9	ENSG00000230623
ENST00000635220.4	ENSG00000230623.9	ENSG00000230623
ENST00000637430.1	ENSG00000230623.9	ENSG00000230623
ENST00000647823.1	ENSG00000230623.9	ENSG00000230623
ENST00000654000.2	ENSG00000230623.9	ENSG00000230623
ENST00000659976.3	ENSG00000230623.9	ENSG00000230623
ENST00000660132.1	ENSG00000230623.9	ENSG00000230623
ENST00000660351.1	ENSG00000230623.9	ENSG00000230623
ENST00000667211.1	ENSG00000230623.9	ENSG00000230623
ENST00000670599.2	ENSG00000230623.9	ENSG00000230623
ENST00000671530.1	ENSG00000230623.9	ENSG00000230623
ENST00000684979.3	ENSG00000230623.9	ENSG00000230623
ENST00000689990.1	ENSG00000230623.9	ENSG00000230623
ENST00000692619.3	ENSG00000230623.9	ENSG00000230623
ENST00000702321.2	ENSG00000230623.9	ENSG00000230623
ENST00000702619.2	ENSG00000230623.9	ENSG00000230623
ENST00000702624.1	ENSG00000230623.9	ENSG00000230623
ENST00000827472.1	ENSG00000230623.9	ENSG00000230623
ENST00000827473.1	ENSG00000230623.9	ENSG00000230623
ENST00000827474.1	ENSG00000230623.9	ENSG00000230623
ENST00000827475.1	ENSG00000230623.9	ENSG00000230623
ENST00000827476.1	ENSG00000230623.9	ENSG00000230623
ENST00000827477.1	ENSG00000230623.9	ENSG00000230623
ENST00000827478.1	ENSG00000230623.9	ENSG00000230623
ENST00000827479.1	ENSG00000230623.9	ENSG00000230623
ENST00000827480.1	ENSG00000230623.9	ENSG00000230623
ENST00000827481.1	ENSG00000230623.9	ENSG00000230623
ENST00000827482.1	ENSG00000230623.9	ENSG00000230623
ENST00000827483.1	ENSG00000230623.9	ENSG00000230623
ENST00000827484.1	ENSG00000230623.9	ENSG00000230623
ENST00000827485.1	ENSG00000230623.9	ENSG00000230623
ENST00000827486.1	ENSG00000230623.9	ENSG00000230623
ENST00000827487.1	ENSG00000230623.9	ENSG00000230623
ENST00000827488.1	ENSG00000230623.9	ENSG00000230623
ENST00000827489.1	ENSG00000230623.9	ENSG00000230623
ENST00000827490.1	ENSG00000230623.9	ENSG00000230623
ENST00000827491.1	ENSG00000230623.9	ENSG00000230623
ENST00000827493.1	ENSG00000230623.9	ENSG00000230623
ENST00000827494.1	ENSG00000230623.9	ENSG00000230623
ENST00000827495.1	ENSG00000230623.9	ENSG00000230623
ENST00000827496.1	ENSG00000230623.9	ENSG00000230623
ENST00000827497.1	ENSG00000230623.9	ENSG00000230623
ENST00000827498.1	ENSG00000230623.9	ENSG00000230623
ENST00000827499.1	ENSG00000230623.9	ENSG00000230623
ENST00000431351.1	ENSG00000230686.1	ENSG00000230686
ENST00000456999.2	ENSG00000230690.3	ENSG00000230690
ENST00000654825.2	ENSG00000230690.3	ENSG00000230690
ENST00000656653.2	ENSG00000230690.3	ENSG00000230690
ENST00000733953.1	ENSG00000230690.3	ENSG00000230690
ENST00000425576.1	ENSG00000230696.1	ENSG00000230696
ENST00000419183.1	ENSG00000230698.2	ENSG00000230698
ENST00000435478.1	ENSG00000230698.2	ENSG00000230698
ENST00000840448.1	ENSG00000230698.2	ENSG00000230698
ENST00000840530.1	ENSG00000230698.2	ENSG00000230698
ENST00000420347.1	ENSG00000230714.1	ENSG00000230714
ENST00000665377.1	ENSG00000230725.7	ENSG00000230725
ENST00000429074.1	ENSG00000230735.1	ENSG00000230735
ENST00000421411.1	ENSG00000230737.2	ENSG00000230737
ENST00000770324.1	ENSG00000230737.2	ENSG00000230737
ENST00000438443.1	ENSG00000230968.1	ENSG00000230968
ENST00000412838.1	ENSG00000231073.2	ENSG00000231073
ENST00000808151.1	ENSG00000231073.2	ENSG00000231073
ENST00000808153.1	ENSG00000231073.2	ENSG00000231073
ENST00000808154.1	ENSG00000231073.2	ENSG00000231073
ENST00000808155.1	ENSG00000231073.2	ENSG00000231073
ENST00000808156.1	ENSG00000231073.2	ENSG00000231073
ENST00000808157.1	ENSG00000231073.2	ENSG00000231073
ENST00000808158.1	ENSG00000231073.2	ENSG00000231073
ENST00000456389.1	ENSG00000231080.1	ENSG00000231080
ENST00000417481.1	ENSG00000231092.1	ENSG00000231092
ENST00000422118.1	ENSG00000231189.1	ENSG00000231189
ENST00000417609.1	ENSG00000231204.8	ENSG00000231204
ENST00000457901.2	ENSG00000231204.8	ENSG00000231204
ENST00000653699.1	ENSG00000231204.8	ENSG00000231204
ENST00000667904.1	ENSG00000231204.8	ENSG00000231204
ENST00000670105.1	ENSG00000231204.8	ENSG00000231204
ENST00000717098.1	ENSG00000231204.8	ENSG00000231204
ENST00000753415.1	ENSG00000231204.8	ENSG00000231204
ENST00000782754.1	ENSG00000231204.8	ENSG00000231204
ENST00000782763.1	ENSG00000231204.8	ENSG00000231204
ENST00000782764.1	ENSG00000231204.8	ENSG00000231204
ENST00000782766.1	ENSG00000231204.8	ENSG00000231204
ENST00000782767.1	ENSG00000231204.8	ENSG00000231204
ENST00000799931.1	ENSG00000231204.8	ENSG00000231204
ENST00000799932.1	ENSG00000231204.8	ENSG00000231204
ENST00000799933.1	ENSG00000231204.8	ENSG00000231204
ENST00000799934.1	ENSG00000231204.8	ENSG00000231204
ENST00000799935.1	ENSG00000231204.8	ENSG00000231204
ENST00000456078.1	ENSG00000231272.1	ENSG00000231272
ENST00000743649.1	ENSG00000231291.4	ENSG00000231291
ENST00000663818.1	ENSG00000231563.4	ENSG00000231563
ENST00000701501.2	ENSG00000231563.4	ENSG00000231563
ENST00000730655.1	ENSG00000231563.4	ENSG00000231563
ENST00000730656.1	ENSG00000231563.4	ENSG00000231563
ENST00000730657.1	ENSG00000231563.4	ENSG00000231563
ENST00000730658.1	ENSG00000231563.4	ENSG00000231563
ENST00000730659.1	ENSG00000231563.4	ENSG00000231563
ENST00000730660.1	ENSG00000231563.4	ENSG00000231563
ENST00000730661.1	ENSG00000231563.4	ENSG00000231563
ENST00000730662.1	ENSG00000231563.4	ENSG00000231563
ENST00000730663.1	ENSG00000231563.4	ENSG00000231563
ENST00000730664.1	ENSG00000231563.4	ENSG00000231563
ENST00000730665.1	ENSG00000231563.4	ENSG00000231563
ENST00000730666.1	ENSG00000231563.4	ENSG00000231563
ENST00000730667.1	ENSG00000231563.4	ENSG00000231563
ENST00000730668.1	ENSG00000231563.4	ENSG00000231563
ENST00000730669.1	ENSG00000231563.4	ENSG00000231563
ENST00000730670.1	ENSG00000231563.4	ENSG00000231563
ENST00000730671.1	ENSG00000231563.4	ENSG00000231563
ENST00000730673.1	ENSG00000231563.4	ENSG00000231563
ENST00000730674.1	ENSG00000231563.4	ENSG00000231563
ENST00000730675.1	ENSG00000231563.4	ENSG00000231563
ENST00000730677.1	ENSG00000231563.4	ENSG00000231563
ENST00000730678.1	ENSG00000231563.4	ENSG00000231563
ENST00000730679.1	ENSG00000231563.4	ENSG00000231563
ENST00000730680.1	ENSG00000231563.4	ENSG00000231563
ENST00000432395.1	ENSG00000231613.1	ENSG00000231613
ENST00000654944.1	ENSG00000231691.2	ENSG00000231691
ENST00000659404.1	ENSG00000231691.2	ENSG00000231691
ENST00000435554.1	ENSG00000231714.1	ENSG00000231714
ENST00000434957.1	ENSG00000231724.1	ENSG00000231724
ENST00000454503.6	ENSG00000231731.7	ENSG00000231731
ENST00000598696.5	ENSG00000231731.7	ENSG00000231731
ENST00000619302.1	ENSG00000231731.7	ENSG00000231731
ENST00000626512.2	ENSG00000231731.7	ENSG00000231731
ENST00000626901.2	ENSG00000231731.7	ENSG00000231731
ENST00000449525.1	ENSG00000231791.1	ENSG00000231791
ENST00000415159.1	ENSG00000231815.2	ENSG00000231815
ENST00000648110.1	ENSG00000231815.2	ENSG00000231815
ENST00000665970.1	ENSG00000231873.3	ENSG00000231873
ENST00000424628.1	ENSG00000231896.1	ENSG00000231896
ENST00000420354.1	ENSG00000231949.1	ENSG00000231949
ENST00000455902.3	ENSG00000231953.3	ENSG00000231953
ENST00000453039.1	ENSG00000231955.1	ENSG00000231955
ENST00000446438.1	ENSG00000231985.1	ENSG00000231985
ENST00000434207.1	ENSG00000231992.2	ENSG00000231992
ENST00000827612.1	ENSG00000231992.2	ENSG00000231992
ENST00000426976.1	ENSG00000232057.2	ENSG00000232057
ENST00000797882.1	ENSG00000232057.2	ENSG00000232057
ENST00000797883.1	ENSG00000232057.2	ENSG00000232057
ENST00000422938.1	ENSG00000232085.1	ENSG00000232085
ENST00000437499.1	ENSG00000232085.1	ENSG00000232085
ENST00000451545.2	ENSG00000232194.2	ENSG00000232194
ENST00000447150.1	ENSG00000232245.2	ENSG00000232245
ENST00000829237.1	ENSG00000232245.2	ENSG00000232245
ENST00000829238.1	ENSG00000232245.2	ENSG00000232245
ENST00000455068.1	ENSG00000232328.4	ENSG00000232328
ENST00000650781.1	ENSG00000232328.4	ENSG00000232328
ENST00000658516.1	ENSG00000232328.4	ENSG00000232328
ENST00000771836.1	ENSG00000232328.4	ENSG00000232328
ENST00000771839.1	ENSG00000232328.4	ENSG00000232328
ENST00000771842.1	ENSG00000232328.4	ENSG00000232328
ENST00000412486.1	ENSG00000232353.5	ENSG00000232353
ENST00000444729.1	ENSG00000232353.5	ENSG00000232353
ENST00000440104.1	ENSG00000232436.1	ENSG00000232436
ENST00000434112.1	ENSG00000232536.1	ENSG00000232536
ENST00000671082.1	ENSG00000232555.3	ENSG00000232555
ENST00000448256.1	ENSG00000232719.1	ENSG00000232719
ENST00000443018.4	ENSG00000232721.4	ENSG00000232721
ENST00000692327.2	ENSG00000232721.4	ENSG00000232721
ENST00000783558.1	ENSG00000232721.4	ENSG00000232721
ENST00000783560.1	ENSG00000232721.4	ENSG00000232721
ENST00000783561.1	ENSG00000232721.4	ENSG00000232721
ENST00000783562.1	ENSG00000232721.4	ENSG00000232721
ENST00000783563.1	ENSG00000232721.4	ENSG00000232721
ENST00000783564.1	ENSG00000232721.4	ENSG00000232721
ENST00000783565.1	ENSG00000232721.4	ENSG00000232721
ENST00000783566.1	ENSG00000232721.4	ENSG00000232721
ENST00000783567.1	ENSG00000232721.4	ENSG00000232721
ENST00000783568.1	ENSG00000232721.4	ENSG00000232721
ENST00000446686.1	ENSG00000232762.1	ENSG00000232762
ENST00000440689.1	ENSG00000232811.1	ENSG00000232811
ENST00000420382.1	ENSG00000232937.1	ENSG00000232937
ENST00000455541.1	ENSG00000233060.2	ENSG00000233060
ENST00000812059.1	ENSG00000233060.2	ENSG00000233060
ENST00000812060.1	ENSG00000233060.2	ENSG00000233060
ENST00000436642.2	ENSG00000233069.2	ENSG00000233069
ENST00000759324.1	ENSG00000233069.2	ENSG00000233069
ENST00000417692.3	ENSG00000233230.4	ENSG00000233230
ENST00000690202.3	ENSG00000233230.4	ENSG00000233230
ENST00000691690.2	ENSG00000233230.4	ENSG00000233230
ENST00000785731.1	ENSG00000233230.4	ENSG00000233230
ENST00000785732.1	ENSG00000233230.4	ENSG00000233230
ENST00000785733.1	ENSG00000233230.4	ENSG00000233230
ENST00000785736.1	ENSG00000233230.4	ENSG00000233230
ENST00000834573.1	ENSG00000233290.5	ENSG00000233290
ENST00000419904.1	ENSG00000233339.1	ENSG00000233339
ENST00000432251.1	ENSG00000233397.3	ENSG00000233397
ENST00000647661.1	ENSG00000233397.3	ENSG00000233397
ENST00000653718.1	ENSG00000233397.3	ENSG00000233397
ENST00000439455.1	ENSG00000233482.1	ENSG00000233482
ENST00000790966.1	ENSG00000233502.2	ENSG00000233502
ENST00000370380.2	ENSG00000233538.2	ENSG00000233538
ENST00000757726.1	ENSG00000233538.2	ENSG00000233538
ENST00000757727.1	ENSG00000233538.2	ENSG00000233538
ENST00000654620.2	ENSG00000233633.3	ENSG00000233633
ENST00000656164.2	ENSG00000233633.3	ENSG00000233633
ENST00000657562.2	ENSG00000233633.3	ENSG00000233633
ENST00000668397.2	ENSG00000233633.3	ENSG00000233633
ENST00000671362.2	ENSG00000233633.3	ENSG00000233633
ENST00000792965.1	ENSG00000233633.3	ENSG00000233633
ENST00000792966.1	ENSG00000233633.3	ENSG00000233633
ENST00000792967.1	ENSG00000233633.3	ENSG00000233633
ENST00000792968.1	ENSG00000233633.3	ENSG00000233633
ENST00000792969.1	ENSG00000233633.3	ENSG00000233633
ENST00000792970.1	ENSG00000233633.3	ENSG00000233633
ENST00000792971.1	ENSG00000233633.3	ENSG00000233633
ENST00000792972.1	ENSG00000233633.3	ENSG00000233633
ENST00000792973.1	ENSG00000233633.3	ENSG00000233633
ENST00000415245.2	ENSG00000233714.2	ENSG00000233714
ENST00000414967.1	ENSG00000233842.3	ENSG00000233842
ENST00000657021.1	ENSG00000233842.3	ENSG00000233842
ENST00000658876.1	ENSG00000233842.3	ENSG00000233842
ENST00000806864.1	ENSG00000233842.3	ENSG00000233842
ENST00000806865.1	ENSG00000233842.3	ENSG00000233842
ENST00000787863.1	ENSG00000233849.2	ENSG00000233849
ENST00000411417.1	ENSG00000233894.1	ENSG00000233894
ENST00000444873.1	ENSG00000233953.1	ENSG00000233953
ENST00000438178.2	ENSG00000234022.2	ENSG00000234022
ENST00000833038.1	ENSG00000234022.2	ENSG00000234022
ENST00000833039.1	ENSG00000234022.2	ENSG00000234022
ENST00000415359.1	ENSG00000234132.3	ENSG00000234132
ENST00000446333.2	ENSG00000234132.3	ENSG00000234132
ENST00000458003.1	ENSG00000234132.3	ENSG00000234132
ENST00000610411.1	ENSG00000234132.3	ENSG00000234132
ENST00000738484.1	ENSG00000234132.3	ENSG00000234132
ENST00000738485.1	ENSG00000234132.3	ENSG00000234132
ENST00000738486.1	ENSG00000234132.3	ENSG00000234132
ENST00000738487.1	ENSG00000234132.3	ENSG00000234132
ENST00000738488.1	ENSG00000234132.3	ENSG00000234132
ENST00000738489.1	ENSG00000234132.3	ENSG00000234132
ENST00000738611.1	ENSG00000234132.3	ENSG00000234132
ENST00000738612.1	ENSG00000234132.3	ENSG00000234132
ENST00000738613.1	ENSG00000234132.3	ENSG00000234132
ENST00000738614.1	ENSG00000234132.3	ENSG00000234132
ENST00000738615.1	ENSG00000234132.3	ENSG00000234132
ENST00000738616.1	ENSG00000234132.3	ENSG00000234132
ENST00000738617.1	ENSG00000234132.3	ENSG00000234132
ENST00000738618.1	ENSG00000234132.3	ENSG00000234132
ENST00000738619.1	ENSG00000234132.3	ENSG00000234132
ENST00000738620.1	ENSG00000234132.3	ENSG00000234132
ENST00000738621.1	ENSG00000234132.3	ENSG00000234132
ENST00000738622.1	ENSG00000234132.3	ENSG00000234132
ENST00000738623.1	ENSG00000234132.3	ENSG00000234132
ENST00000738624.1	ENSG00000234132.3	ENSG00000234132
ENST00000738625.1	ENSG00000234132.3	ENSG00000234132
ENST00000738626.1	ENSG00000234132.3	ENSG00000234132
ENST00000441026.1	ENSG00000234172.2	ENSG00000234172
ENST00000828168.1	ENSG00000234172.2	ENSG00000234172
ENST00000438409.1	ENSG00000234174.2	ENSG00000234174
ENST00000446590.2	ENSG00000234174.2	ENSG00000234174
ENST00000440769.4	ENSG00000234292.4	ENSG00000234292
ENST00000450811.1	ENSG00000234318.1	ENSG00000234318
ENST00000442483.2	ENSG00000234396.3	ENSG00000234396
ENST00000846350.1	ENSG00000234425.2	ENSG00000234425
ENST00000664786.1	ENSG00000234446.4	ENSG00000234446
ENST00000757165.1	ENSG00000234446.4	ENSG00000234446
ENST00000757169.1	ENSG00000234446.4	ENSG00000234446
ENST00000757170.1	ENSG00000234446.4	ENSG00000234446
ENST00000442726.1	ENSG00000234464.3	ENSG00000234464
ENST00000716149.1	ENSG00000234464.3	ENSG00000234464
ENST00000716150.1	ENSG00000234464.3	ENSG00000234464
ENST00000716152.1	ENSG00000234464.3	ENSG00000234464
ENST00000716153.1	ENSG00000234464.3	ENSG00000234464
ENST00000777882.1	ENSG00000234464.3	ENSG00000234464
ENST00000777883.1	ENSG00000234464.3	ENSG00000234464
ENST00000777885.1	ENSG00000234464.3	ENSG00000234464
ENST00000432653.1	ENSG00000234578.1	ENSG00000234578
ENST00000449780.2	ENSG00000234579.2	ENSG00000234579
ENST00000440371.2	ENSG00000234595.2	ENSG00000234595
ENST00000411436.1	ENSG00000234714.1	ENSG00000234714
ENST00000414538.1	ENSG00000234818.2	ENSG00000234818
ENST00000848635.1	ENSG00000234818.2	ENSG00000234818
ENST00000442712.1	ENSG00000235021.2	ENSG00000235021
ENST00000776738.1	ENSG00000235021.2	ENSG00000235021
ENST00000776739.1	ENSG00000235021.2	ENSG00000235021
ENST00000457851.1	ENSG00000235035.1	ENSG00000235035
ENST00000585381.3	ENSG00000235066.8	ENSG00000235066
ENST00000588733.1	ENSG00000235066.8	ENSG00000235066
ENST00000630241.1	ENSG00000235066.8	ENSG00000235066
ENST00000747898.1	ENSG00000235066.8	ENSG00000235066
ENST00000747899.1	ENSG00000235066.8	ENSG00000235066
ENST00000747900.1	ENSG00000235066.8	ENSG00000235066
ENST00000450917.2	ENSG00000235078.2	ENSG00000235078
ENST00000431202.1	ENSG00000235143.1	ENSG00000235143
ENST00000739565.1	ENSG00000235149.2	ENSG00000235149
ENST00000442867.2	ENSG00000235151.2	ENSG00000235151
ENST00000428673.1	ENSG00000235152.2	ENSG00000235152
ENST00000733245.1	ENSG00000235152.2	ENSG00000235152
ENST00000733246.1	ENSG00000235152.2	ENSG00000235152
ENST00000733247.1	ENSG00000235152.2	ENSG00000235152
ENST00000451707.1	ENSG00000235158.1	ENSG00000235158
ENST00000425688.2	ENSG00000235192.2	ENSG00000235192
ENST00000741716.1	ENSG00000235192.2	ENSG00000235192
ENST00000741717.1	ENSG00000235192.2	ENSG00000235192
ENST00000741718.1	ENSG00000235192.2	ENSG00000235192
ENST00000741719.1	ENSG00000235192.2	ENSG00000235192
ENST00000741720.1	ENSG00000235192.2	ENSG00000235192
ENST00000741721.1	ENSG00000235192.2	ENSG00000235192
ENST00000741722.1	ENSG00000235192.2	ENSG00000235192
ENST00000741723.1	ENSG00000235192.2	ENSG00000235192
ENST00000741724.1	ENSG00000235192.2	ENSG00000235192
ENST00000741725.1	ENSG00000235192.2	ENSG00000235192
ENST00000449362.2	ENSG00000235293.2	ENSG00000235293
ENST00000835148.1	ENSG00000235303.2	ENSG00000235303
ENST00000835149.1	ENSG00000235303.2	ENSG00000235303
ENST00000835150.1	ENSG00000235303.2	ENSG00000235303
ENST00000835151.1	ENSG00000235303.2	ENSG00000235303
ENST00000835152.1	ENSG00000235303.2	ENSG00000235303
ENST00000441217.1	ENSG00000235499.1	ENSG00000235499
ENST00000439621.2	ENSG00000235563.2	ENSG00000235563
ENST00000432081.1	ENSG00000235575.1	ENSG00000235575
ENST00000658646.1	ENSG00000235584.4	ENSG00000235584
ENST00000663977.1	ENSG00000235584.4	ENSG00000235584
ENST00000668849.1	ENSG00000235584.4	ENSG00000235584
ENST00000440341.1	ENSG00000235610.2	ENSG00000235610
ENST00000797187.1	ENSG00000235610.2	ENSG00000235610
ENST00000435828.1	ENSG00000235612.2	ENSG00000235612
ENST00000805685.1	ENSG00000235612.2	ENSG00000235612
ENST00000661089.1	ENSG00000235749.4	ENSG00000235749
ENST00000663177.1	ENSG00000235749.4	ENSG00000235749
ENST00000746700.1	ENSG00000235749.4	ENSG00000235749
ENST00000746702.1	ENSG00000235749.4	ENSG00000235749
ENST00000746706.1	ENSG00000235749.4	ENSG00000235749
ENST00000746707.1	ENSG00000235749.4	ENSG00000235749
ENST00000746711.1	ENSG00000235749.4	ENSG00000235749
ENST00000746712.1	ENSG00000235749.4	ENSG00000235749
ENST00000419223.3	ENSG00000235774.3	ENSG00000235774
ENST00000435352.2	ENSG00000235774.3	ENSG00000235774
ENST00000799481.1	ENSG00000235774.3	ENSG00000235774
ENST00000799483.1	ENSG00000235774.3	ENSG00000235774
ENST00000799484.1	ENSG00000235774.3	ENSG00000235774
ENST00000799485.1	ENSG00000235774.3	ENSG00000235774
ENST00000437837.1	ENSG00000235840.2	ENSG00000235840
ENST00000725912.1	ENSG00000235840.2	ENSG00000235840
ENST00000725913.1	ENSG00000235840.2	ENSG00000235840
ENST00000725914.1	ENSG00000235840.2	ENSG00000235840
ENST00000725915.1	ENSG00000235840.2	ENSG00000235840
ENST00000725916.1	ENSG00000235840.2	ENSG00000235840
ENST00000414159.2	ENSG00000235881.2	ENSG00000235881
ENST00000432822.2	ENSG00000235911.2	ENSG00000235911
ENST00000839760.1	ENSG00000235911.2	ENSG00000235911
ENST00000423921.1	ENSG00000236009.1	ENSG00000236009
ENST00000444647.1	ENSG00000236009.1	ENSG00000236009
ENST00000439849.1	ENSG00000236031.1	ENSG00000236031
ENST00000457321.1	ENSG00000236069.3	ENSG00000236069
ENST00000642657.1	ENSG00000236069.3	ENSG00000236069
ENST00000737766.1	ENSG00000236069.3	ENSG00000236069
ENST00000737767.1	ENSG00000236069.3	ENSG00000236069
ENST00000737768.1	ENSG00000236069.3	ENSG00000236069
ENST00000737769.1	ENSG00000236069.3	ENSG00000236069
ENST00000413960.3	ENSG00000236106.4	ENSG00000236106
ENST00000655406.2	ENSG00000236106.4	ENSG00000236106
ENST00000829847.1	ENSG00000236106.4	ENSG00000236106
ENST00000829850.1	ENSG00000236106.4	ENSG00000236106
ENST00000829851.1	ENSG00000236106.4	ENSG00000236106
ENST00000829852.1	ENSG00000236106.4	ENSG00000236106
ENST00000829853.1	ENSG00000236106.4	ENSG00000236106
ENST00000794972.1	ENSG00000236109.3	ENSG00000236109
ENST00000794973.1	ENSG00000236109.3	ENSG00000236109
ENST00000747131.1	ENSG00000236140.2	ENSG00000236140
ENST00000432984.1	ENSG00000236145.1	ENSG00000236145
ENST00000826314.1	ENSG00000236162.2	ENSG00000236162
ENST00000826315.1	ENSG00000236162.2	ENSG00000236162
ENST00000452618.1	ENSG00000236206.3	ENSG00000236206
ENST00000654631.2	ENSG00000236206.3	ENSG00000236206
ENST00000659914.2	ENSG00000236206.3	ENSG00000236206
ENST00000669787.1	ENSG00000236206.3	ENSG00000236206
ENST00000840717.1	ENSG00000236206.3	ENSG00000236206
ENST00000840718.1	ENSG00000236206.3	ENSG00000236206
ENST00000840719.1	ENSG00000236206.3	ENSG00000236206
ENST00000420330.1	ENSG00000236255.3	ENSG00000236255
ENST00000445332.1	ENSG00000236255.3	ENSG00000236255
ENST00000431341.1	ENSG00000236283.6	ENSG00000236283
ENST00000625505.2	ENSG00000236283.6	ENSG00000236283
ENST00000627211.2	ENSG00000236283.6	ENSG00000236283
ENST00000628085.2	ENSG00000236283.6	ENSG00000236283
ENST00000628960.1	ENSG00000236283.6	ENSG00000236283
ENST00000629817.2	ENSG00000236283.6	ENSG00000236283
ENST00000629991.2	ENSG00000236283.6	ENSG00000236283
ENST00000638199.1	ENSG00000236283.6	ENSG00000236283
ENST00000662281.1	ENSG00000236283.6	ENSG00000236283
ENST00000665748.1	ENSG00000236283.6	ENSG00000236283
ENST00000670672.1	ENSG00000236283.6	ENSG00000236283
ENST00000776765.1	ENSG00000236283.6	ENSG00000236283
ENST00000776766.1	ENSG00000236283.6	ENSG00000236283
ENST00000776767.1	ENSG00000236283.6	ENSG00000236283
ENST00000417420.1	ENSG00000236341.2	ENSG00000236341
ENST00000751804.1	ENSG00000236341.2	ENSG00000236341
ENST00000751805.1	ENSG00000236341.2	ENSG00000236341
ENST00000751806.1	ENSG00000236341.2	ENSG00000236341
ENST00000751807.1	ENSG00000236341.2	ENSG00000236341
ENST00000751808.1	ENSG00000236341.2	ENSG00000236341
ENST00000751809.1	ENSG00000236341.2	ENSG00000236341
ENST00000751810.1	ENSG00000236341.2	ENSG00000236341
ENST00000751811.1	ENSG00000236341.2	ENSG00000236341
ENST00000426716.1	ENSG00000236356.1	ENSG00000236356
ENST00000412835.1	ENSG00000236449.3	ENSG00000236449
ENST00000442996.1	ENSG00000236449.3	ENSG00000236449
ENST00000654673.1	ENSG00000236449.3	ENSG00000236449
ENST00000657063.1	ENSG00000236449.3	ENSG00000236449
ENST00000842845.1	ENSG00000236449.3	ENSG00000236449
ENST00000842846.1	ENSG00000236449.3	ENSG00000236449
ENST00000842849.1	ENSG00000236449.3	ENSG00000236449
ENST00000842852.1	ENSG00000236449.3	ENSG00000236449
ENST00000842853.1	ENSG00000236449.3	ENSG00000236449
ENST00000842854.1	ENSG00000236449.3	ENSG00000236449
ENST00000842855.1	ENSG00000236449.3	ENSG00000236449
ENST00000842856.1	ENSG00000236449.3	ENSG00000236449
ENST00000842857.1	ENSG00000236449.3	ENSG00000236449
ENST00000455974.1	ENSG00000236452.1	ENSG00000236452
ENST00000425779.1	ENSG00000236498.1	ENSG00000236498
ENST00000436582.1	ENSG00000236525.1	ENSG00000236525
ENST00000455431.1	ENSG00000236528.4	ENSG00000236528
ENST00000775349.1	ENSG00000236528.4	ENSG00000236528
ENST00000775350.1	ENSG00000236528.4	ENSG00000236528
ENST00000775351.1	ENSG00000236528.4	ENSG00000236528
ENST00000775352.1	ENSG00000236528.4	ENSG00000236528
ENST00000450944.1	ENSG00000236605.1	ENSG00000236605
ENST00000418968.5	ENSG00000236841.9	ENSG00000236841
ENST00000609668.5	ENSG00000236841.9	ENSG00000236841
ENST00000727531.1	ENSG00000236841.9	ENSG00000236841
ENST00000727532.1	ENSG00000236841.9	ENSG00000236841
ENST00000435108.1	ENSG00000236846.2	ENSG00000236846
ENST00000654895.2	ENSG00000236854.3	ENSG00000236854
ENST00000659406.2	ENSG00000236854.3	ENSG00000236854
ENST00000659655.2	ENSG00000236854.3	ENSG00000236854
ENST00000663506.1	ENSG00000236854.3	ENSG00000236854
ENST00000666151.2	ENSG00000236854.3	ENSG00000236854
ENST00000666737.1	ENSG00000236854.3	ENSG00000236854
ENST00000416959.1	ENSG00000236936.2	ENSG00000236936
ENST00000848644.1	ENSG00000236936.2	ENSG00000236936
ENST00000848645.1	ENSG00000236936.2	ENSG00000236936
ENST00000848646.1	ENSG00000236936.2	ENSG00000236936
ENST00000439186.1	ENSG00000237076.3	ENSG00000237076
ENST00000701697.2	ENSG00000237076.3	ENSG00000237076
ENST00000794435.1	ENSG00000237076.3	ENSG00000237076
ENST00000794436.1	ENSG00000237076.3	ENSG00000237076
ENST00000794437.1	ENSG00000237076.3	ENSG00000237076
ENST00000794438.1	ENSG00000237076.3	ENSG00000237076
ENST00000794439.1	ENSG00000237076.3	ENSG00000237076
ENST00000420350.1	ENSG00000237101.2	ENSG00000237101
ENST00000734925.1	ENSG00000237101.2	ENSG00000237101
ENST00000420213.1	ENSG00000237167.2	ENSG00000237167
ENST00000416350.1	ENSG00000237220.1	ENSG00000237220
ENST00000450451.1	ENSG00000237250.4	ENSG00000237250
ENST00000794917.1	ENSG00000237250.4	ENSG00000237250
ENST00000846712.1	ENSG00000237250.4	ENSG00000237250
ENST00000444852.1	ENSG00000237293.1	ENSG00000237293
ENST00000451362.1	ENSG00000237390.2	ENSG00000237390
ENST00000758684.1	ENSG00000237390.2	ENSG00000237390
ENST00000758685.1	ENSG00000237390.2	ENSG00000237390
ENST00000758686.1	ENSG00000237390.2	ENSG00000237390
ENST00000443579.1	ENSG00000237429.2	ENSG00000237429
ENST00000772217.1	ENSG00000237429.2	ENSG00000237429
ENST00000772218.1	ENSG00000237429.2	ENSG00000237429
ENST00000772219.1	ENSG00000237429.2	ENSG00000237429
ENST00000772220.1	ENSG00000237429.2	ENSG00000237429
ENST00000772222.1	ENSG00000237429.2	ENSG00000237429
ENST00000450503.2	ENSG00000237453.2	ENSG00000237453
ENST00000447709.1	ENSG00000237473.3	ENSG00000237473
ENST00000671016.1	ENSG00000237473.3	ENSG00000237473
ENST00000762920.1	ENSG00000237473.3	ENSG00000237473
ENST00000824748.1	ENSG00000237473.3	ENSG00000237473
ENST00000419129.1	ENSG00000237477.1	ENSG00000237477
ENST00000635395.1	ENSG00000237480.4	ENSG00000237480
ENST00000418348.1	ENSG00000237481.1	ENSG00000237481
ENST00000417485.6	ENSG00000237525.8	ENSG00000237525
ENST00000422353.6	ENSG00000237525.8	ENSG00000237525
ENST00000428487.1	ENSG00000237525.8	ENSG00000237525
ENST00000655359.1	ENSG00000237525.8	ENSG00000237525
ENST00000662840.1	ENSG00000237525.8	ENSG00000237525
ENST00000767353.1	ENSG00000237525.8	ENSG00000237525
ENST00000767354.1	ENSG00000237525.8	ENSG00000237525
ENST00000767355.1	ENSG00000237525.8	ENSG00000237525
ENST00000767356.1	ENSG00000237525.8	ENSG00000237525
ENST00000767357.1	ENSG00000237525.8	ENSG00000237525
ENST00000767358.1	ENSG00000237525.8	ENSG00000237525
ENST00000767359.1	ENSG00000237525.8	ENSG00000237525
ENST00000767360.1	ENSG00000237525.8	ENSG00000237525
ENST00000767361.1	ENSG00000237525.8	ENSG00000237525
ENST00000767362.1	ENSG00000237525.8	ENSG00000237525
ENST00000767364.1	ENSG00000237525.8	ENSG00000237525
ENST00000767365.1	ENSG00000237525.8	ENSG00000237525
ENST00000767366.1	ENSG00000237525.8	ENSG00000237525
ENST00000767367.1	ENSG00000237525.8	ENSG00000237525
ENST00000767368.1	ENSG00000237525.8	ENSG00000237525
ENST00000767369.1	ENSG00000237525.8	ENSG00000237525
ENST00000767370.1	ENSG00000237525.8	ENSG00000237525
ENST00000767371.1	ENSG00000237525.8	ENSG00000237525
ENST00000767373.1	ENSG00000237525.8	ENSG00000237525
ENST00000767374.1	ENSG00000237525.8	ENSG00000237525
ENST00000767375.1	ENSG00000237525.8	ENSG00000237525
ENST00000767376.1	ENSG00000237525.8	ENSG00000237525
ENST00000767377.1	ENSG00000237525.8	ENSG00000237525
ENST00000767378.1	ENSG00000237525.8	ENSG00000237525
ENST00000437128.1	ENSG00000237568.1	ENSG00000237568
ENST00000415637.2	ENSG00000237707.2	ENSG00000237707
ENST00000781189.1	ENSG00000237707.2	ENSG00000237707
ENST00000416401.1	ENSG00000237756.1	ENSG00000237756
ENST00000440148.2	ENSG00000237759.2	ENSG00000237759
ENST00000783351.1	ENSG00000237759.2	ENSG00000237759
ENST00000783353.1	ENSG00000237759.2	ENSG00000237759
ENST00000656172.2	ENSG00000237843.3	ENSG00000237843
ENST00000802018.1	ENSG00000237843.3	ENSG00000237843
ENST00000429871.1	ENSG00000237852.1	ENSG00000237852
ENST00000432599.1	ENSG00000238004.1	ENSG00000238004
ENST00000499986.8	ENSG00000238035.8	ENSG00000238035
ENST00000426616.1	ENSG00000238043.2	ENSG00000238043
ENST00000737073.1	ENSG00000238043.2	ENSG00000238043
ENST00000737074.1	ENSG00000238043.2	ENSG00000238043
ENST00000424246.1	ENSG00000238140.1	ENSG00000238140
ENST00000458443.1	ENSG00000238232.1	ENSG00000238232
ENST00000431459.1	ENSG00000238272.1	ENSG00000238272
ENST00000819284.1	ENSG00000238279.4	ENSG00000238279
ENST00000819287.1	ENSG00000238279.4	ENSG00000238279
ENST00000819288.1	ENSG00000238279.4	ENSG00000238279
ENST00000819289.1	ENSG00000238279.4	ENSG00000238279
ENST00000472619.3	ENSG00000239300.7	ENSG00000239300
ENST00000480764.6	ENSG00000239300.7	ENSG00000239300
ENST00000790315.1	ENSG00000239300.7	ENSG00000239300
ENST00000790316.1	ENSG00000239300.7	ENSG00000239300
ENST00000790317.1	ENSG00000239300.7	ENSG00000239300
ENST00000466291.1	ENSG00000239628.1	ENSG00000239628
ENST00000467198.1	ENSG00000239922.3	ENSG00000239922
ENST00000485006.2	ENSG00000239922.3	ENSG00000239922
ENST00000658276.1	ENSG00000239922.3	ENSG00000239922
ENST00000660706.3	ENSG00000239922.3	ENSG00000239922
ENST00000662690.1	ENSG00000239922.3	ENSG00000239922
ENST00000668118.2	ENSG00000239922.3	ENSG00000239922
ENST00000726088.1	ENSG00000239922.3	ENSG00000239922
ENST00000726089.1	ENSG00000239922.3	ENSG00000239922
ENST00000494509.1	ENSG00000240095.1	ENSG00000240095
ENST00000465477.6	ENSG00000240207.8	ENSG00000240207
ENST00000607426.1	ENSG00000240207.8	ENSG00000240207
ENST00000668475.1	ENSG00000240207.8	ENSG00000240207
ENST00000444037.1	ENSG00000240219.1	ENSG00000240219
ENST00000484679.5	ENSG00000240241.6	ENSG00000240241
ENST00000496674.2	ENSG00000240241.6	ENSG00000240241
ENST00000462382.1	ENSG00000240478.1	ENSG00000240478
ENST00000467896.3	ENSG00000240497.4	ENSG00000240497
ENST00000623631.3	ENSG00000240497.4	ENSG00000240497
ENST00000657847.2	ENSG00000240497.4	ENSG00000240497
ENST00000665680.1	ENSG00000240497.4	ENSG00000240497
ENST00000786969.1	ENSG00000240497.4	ENSG00000240497
ENST00000786970.1	ENSG00000240497.4	ENSG00000240497
ENST00000786971.1	ENSG00000240497.4	ENSG00000240497
ENST00000786972.1	ENSG00000240497.4	ENSG00000240497
ENST00000786973.1	ENSG00000240497.4	ENSG00000240497
ENST00000786974.1	ENSG00000240497.4	ENSG00000240497
ENST00000786975.1	ENSG00000240497.4	ENSG00000240497
ENST00000786976.1	ENSG00000240497.4	ENSG00000240497
ENST00000461186.1	ENSG00000240573.1	ENSG00000240573
ENST00000478468.1	ENSG00000240687.5	ENSG00000240687
ENST00000483023.1	ENSG00000240687.5	ENSG00000240687
ENST00000655108.2	ENSG00000240687.5	ENSG00000240687
ENST00000659839.2	ENSG00000240687.5	ENSG00000240687
ENST00000663385.2	ENSG00000240687.5	ENSG00000240687
ENST00000663514.1	ENSG00000240687.5	ENSG00000240687
ENST00000665437.1	ENSG00000240687.5	ENSG00000240687
ENST00000667551.1	ENSG00000240687.5	ENSG00000240687
ENST00000667680.1	ENSG00000240687.5	ENSG00000240687
ENST00000669600.1	ENSG00000240687.5	ENSG00000240687
ENST00000702480.1	ENSG00000240687.5	ENSG00000240687
ENST00000717089.1	ENSG00000240687.5	ENSG00000240687
ENST00000717090.1	ENSG00000240687.5	ENSG00000240687
ENST00000740719.1	ENSG00000240687.5	ENSG00000240687
ENST00000740721.1	ENSG00000240687.5	ENSG00000240687
ENST00000740723.1	ENSG00000240687.5	ENSG00000240687
ENST00000740724.1	ENSG00000240687.5	ENSG00000240687
ENST00000740726.1	ENSG00000240687.5	ENSG00000240687
ENST00000740727.1	ENSG00000240687.5	ENSG00000240687
ENST00000740728.1	ENSG00000240687.5	ENSG00000240687
ENST00000740729.1	ENSG00000240687.5	ENSG00000240687
ENST00000740730.1	ENSG00000240687.5	ENSG00000240687
ENST00000740731.1	ENSG00000240687.5	ENSG00000240687
ENST00000453895.1	ENSG00000240710.1	ENSG00000240710
ENST00000472243.2	ENSG00000240777.2	ENSG00000240777
ENST00000477099.1	ENSG00000240792.2	ENSG00000240792
ENST00000658150.1	ENSG00000240792.2	ENSG00000240792
ENST00000490357.1	ENSG00000241168.1	ENSG00000241168
ENST00000492975.1	ENSG00000241169.1	ENSG00000241169
ENST00000413148.1	ENSG00000241326.1	ENSG00000241326
ENST00000481773.2	ENSG00000241490.2	ENSG00000241490
ENST00000493033.1	ENSG00000241490.2	ENSG00000241490
ENST00000779676.1	ENSG00000241490.2	ENSG00000241490
ENST00000779678.1	ENSG00000241490.2	ENSG00000241490
ENST00000491321.1	ENSG00000241596.1	ENSG00000241596
ENST00000465880.1	ENSG00000241679.3	ENSG00000241679
ENST00000840529.1	ENSG00000241679.3	ENSG00000241679
ENST00000840531.1	ENSG00000241679.3	ENSG00000241679
ENST00000840532.1	ENSG00000241679.3	ENSG00000241679
ENST00000840533.1	ENSG00000241679.3	ENSG00000241679
ENST00000840534.1	ENSG00000241679.3	ENSG00000241679
ENST00000496247.1	ENSG00000241882.1	ENSG00000241882
ENST00000471614.1	ENSG00000242009.3	ENSG00000242009
ENST00000654999.1	ENSG00000242009.3	ENSG00000242009
ENST00000655168.1	ENSG00000242009.3	ENSG00000242009
ENST00000655956.1	ENSG00000242009.3	ENSG00000242009
ENST00000657414.1	ENSG00000242009.3	ENSG00000242009
ENST00000664839.1	ENSG00000242009.3	ENSG00000242009
ENST00000666498.1	ENSG00000242009.3	ENSG00000242009
ENST00000670278.1	ENSG00000242009.3	ENSG00000242009
ENST00000671096.1	ENSG00000242009.3	ENSG00000242009
ENST00000846089.1	ENSG00000242009.3	ENSG00000242009
ENST00000846090.1	ENSG00000242009.3	ENSG00000242009
ENST00000846091.1	ENSG00000242009.3	ENSG00000242009
ENST00000846092.1	ENSG00000242009.3	ENSG00000242009
ENST00000473893.2	ENSG00000242012.2	ENSG00000242012
ENST00000767453.1	ENSG00000242012.2	ENSG00000242012
ENST00000463302.2	ENSG00000242136.2	ENSG00000242136
ENST00000740267.1	ENSG00000242136.2	ENSG00000242136
ENST00000740268.1	ENSG00000242136.2	ENSG00000242136
ENST00000740269.1	ENSG00000242136.2	ENSG00000242136
ENST00000740270.1	ENSG00000242136.2	ENSG00000242136
ENST00000740271.1	ENSG00000242136.2	ENSG00000242136
ENST00000740272.1	ENSG00000242136.2	ENSG00000242136
ENST00000740273.1	ENSG00000242136.2	ENSG00000242136
ENST00000740274.1	ENSG00000242136.2	ENSG00000242136
ENST00000740275.1	ENSG00000242136.2	ENSG00000242136
ENST00000740276.1	ENSG00000242136.2	ENSG00000242136
ENST00000740277.1	ENSG00000242136.2	ENSG00000242136
ENST00000495081.2	ENSG00000242539.2	ENSG00000242539
ENST00000598857.1	ENSG00000242539.2	ENSG00000242539
ENST00000600539.1	ENSG00000242539.2	ENSG00000242539
ENST00000659527.1	ENSG00000242540.3	ENSG00000242540
ENST00000468232.1	ENSG00000242578.1	ENSG00000242578
ENST00000413254.5	ENSG00000242628.7	ENSG00000242628
ENST00000413989.5	ENSG00000242628.7	ENSG00000242628
ENST00000430105.1	ENSG00000242628.7	ENSG00000242628
ENST00000662667.1	ENSG00000242628.7	ENSG00000242628
ENST00000783600.1	ENSG00000242628.7	ENSG00000242628
ENST00000470024.1	ENSG00000242790.1	ENSG00000242790
ENST00000482766.1	ENSG00000242816.3	ENSG00000242816
ENST00000655238.1	ENSG00000242816.3	ENSG00000242816
ENST00000656192.1	ENSG00000242816.3	ENSG00000242816
ENST00000671465.2	ENSG00000242816.3	ENSG00000242816
ENST00000738786.1	ENSG00000242816.3	ENSG00000242816
ENST00000738787.1	ENSG00000242816.3	ENSG00000242816
ENST00000738788.1	ENSG00000242816.3	ENSG00000242816
ENST00000738791.1	ENSG00000242816.3	ENSG00000242816
ENST00000663637.2	ENSG00000242880.3	ENSG00000242880
ENST00000688581.3	ENSG00000242880.3	ENSG00000242880
ENST00000737295.1	ENSG00000242880.3	ENSG00000242880
ENST00000737296.1	ENSG00000242880.3	ENSG00000242880
ENST00000737297.1	ENSG00000242880.3	ENSG00000242880
ENST00000737298.1	ENSG00000242880.3	ENSG00000242880
ENST00000842466.1	ENSG00000242880.3	ENSG00000242880
ENST00000842467.1	ENSG00000242880.3	ENSG00000242880
ENST00000842468.1	ENSG00000242880.3	ENSG00000242880
ENST00000842469.1	ENSG00000242880.3	ENSG00000242880
ENST00000842475.1	ENSG00000242880.3	ENSG00000242880
ENST00000842476.1	ENSG00000242880.3	ENSG00000242880
ENST00000423879.5	ENSG00000243062.7	ENSG00000243062
ENST00000451471.1	ENSG00000243062.7	ENSG00000243062
ENST00000669730.2	ENSG00000243062.7	ENSG00000243062
ENST00000837365.1	ENSG00000243062.7	ENSG00000243062
ENST00000837366.1	ENSG00000243062.7	ENSG00000243062
ENST00000837367.1	ENSG00000243062.7	ENSG00000243062
ENST00000837368.1	ENSG00000243062.7	ENSG00000243062
ENST00000837369.1	ENSG00000243062.7	ENSG00000243062
ENST00000837370.1	ENSG00000243062.7	ENSG00000243062
ENST00000837371.1	ENSG00000243062.7	ENSG00000243062
ENST00000793795.1	ENSG00000243081.3	ENSG00000243081
ENST00000793800.1	ENSG00000243081.3	ENSG00000243081
ENST00000469268.1	ENSG00000243273.2	ENSG00000243273
ENST00000471993.1	ENSG00000243296.3	ENSG00000243296
ENST00000715235.1	ENSG00000243296.3	ENSG00000243296
ENST00000758095.1	ENSG00000243296.3	ENSG00000243296
ENST00000758096.1	ENSG00000243296.3	ENSG00000243296
ENST00000758097.1	ENSG00000243296.3	ENSG00000243296
ENST00000480247.1	ENSG00000243415.2	ENSG00000243415
ENST00000491932.1	ENSG00000243415.2	ENSG00000243415
ENST00000494745.2	ENSG00000243415.2	ENSG00000243415
ENST00000442684.2	ENSG00000243636.2	ENSG00000243636
ENST00000740758.1	ENSG00000243636.2	ENSG00000243636
ENST00000740759.1	ENSG00000243636.2	ENSG00000243636
ENST00000740760.1	ENSG00000243636.2	ENSG00000243636
ENST00000740761.1	ENSG00000243636.2	ENSG00000243636
ENST00000740762.1	ENSG00000243636.2	ENSG00000243636
ENST00000740763.1	ENSG00000243636.2	ENSG00000243636
ENST00000740764.1	ENSG00000243636.2	ENSG00000243636
ENST00000740765.1	ENSG00000243636.2	ENSG00000243636
ENST00000740766.1	ENSG00000243636.2	ENSG00000243636
ENST00000740767.1	ENSG00000243636.2	ENSG00000243636
ENST00000740768.1	ENSG00000243636.2	ENSG00000243636
ENST00000740769.1	ENSG00000243636.2	ENSG00000243636
ENST00000740770.1	ENSG00000243636.2	ENSG00000243636
ENST00000740771.1	ENSG00000243636.2	ENSG00000243636
ENST00000740772.1	ENSG00000243636.2	ENSG00000243636
ENST00000492307.1	ENSG00000243733.1	ENSG00000243733
ENST00000492300.2	ENSG00000244310.3	ENSG00000244310
ENST00000655626.1	ENSG00000244310.3	ENSG00000244310
ENST00000819801.1	ENSG00000244310.3	ENSG00000244310
ENST00000819802.1	ENSG00000244310.3	ENSG00000244310
ENST00000819803.1	ENSG00000244310.3	ENSG00000244310
ENST00000819804.1	ENSG00000244310.3	ENSG00000244310
ENST00000421696.2	ENSG00000244337.2	ENSG00000244337
ENST00000495382.1	ENSG00000244358.1	ENSG00000244358
ENST00000692418.3	ENSG00000244459.5	ENSG00000244459
ENST00000808360.1	ENSG00000244459.5	ENSG00000244459
ENST00000808362.1	ENSG00000244459.5	ENSG00000244459
ENST00000655531.1	ENSG00000244464.2	ENSG00000244464
ENST00000415065.2	ENSG00000244619.3	ENSG00000244619
ENST00000777827.1	ENSG00000244619.3	ENSG00000244619
ENST00000777828.1	ENSG00000244619.3	ENSG00000244619
ENST00000777829.1	ENSG00000244619.3	ENSG00000244619
ENST00000497988.1	ENSG00000244738.1	ENSG00000244738
ENST00000499178.3	ENSG00000246090.10	ENSG00000246090
ENST00000500358.6	ENSG00000246090.10	ENSG00000246090
ENST00000506160.1	ENSG00000246090.10	ENSG00000246090
ENST00000506454.2	ENSG00000246090.10	ENSG00000246090
ENST00000509295.5	ENSG00000246090.10	ENSG00000246090
ENST00000510764.1	ENSG00000246090.10	ENSG00000246090
ENST00000670724.2	ENSG00000246090.10	ENSG00000246090
ENST00000671105.1	ENSG00000246090.10	ENSG00000246090
ENST00000685116.3	ENSG00000246090.10	ENSG00000246090
ENST00000687735.2	ENSG00000246090.10	ENSG00000246090
ENST00000700954.2	ENSG00000246090.10	ENSG00000246090
ENST00000757798.1	ENSG00000246090.10	ENSG00000246090
ENST00000757799.1	ENSG00000246090.10	ENSG00000246090
ENST00000757802.1	ENSG00000246090.10	ENSG00000246090
ENST00000757804.1	ENSG00000246090.10	ENSG00000246090
ENST00000757805.1	ENSG00000246090.10	ENSG00000246090
ENST00000757806.1	ENSG00000246090.10	ENSG00000246090
ENST00000757807.1	ENSG00000246090.10	ENSG00000246090
ENST00000757808.1	ENSG00000246090.10	ENSG00000246090
ENST00000757809.1	ENSG00000246090.10	ENSG00000246090
ENST00000757810.1	ENSG00000246090.10	ENSG00000246090
ENST00000757811.1	ENSG00000246090.10	ENSG00000246090
ENST00000757812.1	ENSG00000246090.10	ENSG00000246090
ENST00000757818.1	ENSG00000246090.10	ENSG00000246090
ENST00000757821.1	ENSG00000246090.10	ENSG00000246090
ENST00000757822.1	ENSG00000246090.10	ENSG00000246090
ENST00000757828.1	ENSG00000246090.10	ENSG00000246090
ENST00000757829.1	ENSG00000246090.10	ENSG00000246090
ENST00000757830.1	ENSG00000246090.10	ENSG00000246090
ENST00000757832.1	ENSG00000246090.10	ENSG00000246090
ENST00000757834.1	ENSG00000246090.10	ENSG00000246090
ENST00000757835.1	ENSG00000246090.10	ENSG00000246090
ENST00000757838.1	ENSG00000246090.10	ENSG00000246090
ENST00000757839.1	ENSG00000246090.10	ENSG00000246090
ENST00000757840.1	ENSG00000246090.10	ENSG00000246090
ENST00000757841.1	ENSG00000246090.10	ENSG00000246090
ENST00000757842.1	ENSG00000246090.10	ENSG00000246090
ENST00000757843.1	ENSG00000246090.10	ENSG00000246090
ENST00000757847.1	ENSG00000246090.10	ENSG00000246090
ENST00000757848.1	ENSG00000246090.10	ENSG00000246090
ENST00000757849.1	ENSG00000246090.10	ENSG00000246090
ENST00000757850.1	ENSG00000246090.10	ENSG00000246090
ENST00000757856.1	ENSG00000246090.10	ENSG00000246090
ENST00000757857.1	ENSG00000246090.10	ENSG00000246090
ENST00000757858.1	ENSG00000246090.10	ENSG00000246090
ENST00000757859.1	ENSG00000246090.10	ENSG00000246090
ENST00000757860.1	ENSG00000246090.10	ENSG00000246090
ENST00000757861.1	ENSG00000246090.10	ENSG00000246090
ENST00000757862.1	ENSG00000246090.10	ENSG00000246090
ENST00000757863.1	ENSG00000246090.10	ENSG00000246090
ENST00000757864.1	ENSG00000246090.10	ENSG00000246090
ENST00000757865.1	ENSG00000246090.10	ENSG00000246090
ENST00000757866.1	ENSG00000246090.10	ENSG00000246090
ENST00000757867.1	ENSG00000246090.10	ENSG00000246090
ENST00000757868.1	ENSG00000246090.10	ENSG00000246090
ENST00000757869.1	ENSG00000246090.10	ENSG00000246090
ENST00000757870.1	ENSG00000246090.10	ENSG00000246090
ENST00000757871.1	ENSG00000246090.10	ENSG00000246090
ENST00000757872.1	ENSG00000246090.10	ENSG00000246090
ENST00000757874.1	ENSG00000246090.10	ENSG00000246090
ENST00000757875.1	ENSG00000246090.10	ENSG00000246090
ENST00000499292.2	ENSG00000247193.5	ENSG00000247193
ENST00000654185.1	ENSG00000247193.5	ENSG00000247193
ENST00000691596.2	ENSG00000247193.5	ENSG00000247193
ENST00000825018.1	ENSG00000247193.5	ENSG00000247193
ENST00000825022.1	ENSG00000247193.5	ENSG00000247193
ENST00000825023.1	ENSG00000247193.5	ENSG00000247193
ENST00000825024.1	ENSG00000247193.5	ENSG00000247193
ENST00000825025.1	ENSG00000247193.5	ENSG00000247193
ENST00000825028.1	ENSG00000247193.5	ENSG00000247193
ENST00000792193.1	ENSG00000247372.3	ENSG00000247372
ENST00000792194.1	ENSG00000247372.3	ENSG00000247372
ENST00000501405.2	ENSG00000247402.2	ENSG00000247402
ENST00000445660.2	ENSG00000248029.2	ENSG00000248029
ENST00000718047.1	ENSG00000248112.2	ENSG00000248112
ENST00000718048.1	ENSG00000248112.2	ENSG00000248112
ENST00000718049.1	ENSG00000248112.2	ENSG00000248112
ENST00000745102.1	ENSG00000248112.2	ENSG00000248112
ENST00000745341.1	ENSG00000248112.2	ENSG00000248112
ENST00000745357.1	ENSG00000248112.2	ENSG00000248112
ENST00000511818.1	ENSG00000248138.6	ENSG00000248138
ENST00000512370.5	ENSG00000248138.6	ENSG00000248138
ENST00000782749.1	ENSG00000248138.6	ENSG00000248138
ENST00000782750.1	ENSG00000248138.6	ENSG00000248138
ENST00000782751.1	ENSG00000248138.6	ENSG00000248138
ENST00000782752.1	ENSG00000248138.6	ENSG00000248138
ENST00000782844.1	ENSG00000248138.6	ENSG00000248138
ENST00000782845.1	ENSG00000248138.6	ENSG00000248138
ENST00000782846.1	ENSG00000248138.6	ENSG00000248138
ENST00000513283.2	ENSG00000248145.3	ENSG00000248145
ENST00000815665.1	ENSG00000248145.3	ENSG00000248145
ENST00000815666.1	ENSG00000248145.3	ENSG00000248145
ENST00000815667.1	ENSG00000248145.3	ENSG00000248145
ENST00000815668.1	ENSG00000248145.3	ENSG00000248145
ENST00000503299.2	ENSG00000248176.3	ENSG00000248176
ENST00000659444.1	ENSG00000248176.3	ENSG00000248176
ENST00000764085.1	ENSG00000248176.3	ENSG00000248176
ENST00000764086.1	ENSG00000248176.3	ENSG00000248176
ENST00000505025.2	ENSG00000248206.2	ENSG00000248206
ENST00000511821.1	ENSG00000248223.2	ENSG00000248223
ENST00000790605.1	ENSG00000248223.2	ENSG00000248223
ENST00000508081.1	ENSG00000248254.1	ENSG00000248254
ENST00000506058.3	ENSG00000248261.3	ENSG00000248261
ENST00000514103.1	ENSG00000248262.1	ENSG00000248262
ENST00000505389.1	ENSG00000248266.1	ENSG00000248266
ENST00000511835.1	ENSG00000248343.1	ENSG00000248343
ENST00000506148.6	ENSG00000248373.8	ENSG00000248373
ENST00000506386.1	ENSG00000248373.8	ENSG00000248373
ENST00000671069.2	ENSG00000248373.8	ENSG00000248373
ENST00000701312.1	ENSG00000248373.8	ENSG00000248373
ENST00000723366.1	ENSG00000248373.8	ENSG00000248373
ENST00000723367.1	ENSG00000248373.8	ENSG00000248373
ENST00000723368.1	ENSG00000248373.8	ENSG00000248373
ENST00000723369.1	ENSG00000248373.8	ENSG00000248373
ENST00000723370.1	ENSG00000248373.8	ENSG00000248373
ENST00000723371.1	ENSG00000248373.8	ENSG00000248373
ENST00000723372.1	ENSG00000248373.8	ENSG00000248373
ENST00000723373.1	ENSG00000248373.8	ENSG00000248373
ENST00000723374.1	ENSG00000248373.8	ENSG00000248373
ENST00000723375.1	ENSG00000248373.8	ENSG00000248373
ENST00000723376.1	ENSG00000248373.8	ENSG00000248373
ENST00000723377.1	ENSG00000248373.8	ENSG00000248373
ENST00000723378.1	ENSG00000248373.8	ENSG00000248373
ENST00000723379.1	ENSG00000248373.8	ENSG00000248373
ENST00000723382.1	ENSG00000248373.8	ENSG00000248373
ENST00000723383.1	ENSG00000248373.8	ENSG00000248373
ENST00000512952.1	ENSG00000248393.1	ENSG00000248393
ENST00000515263.2	ENSG00000248417.2	ENSG00000248417
ENST00000514401.1	ENSG00000248425.1	ENSG00000248425
ENST00000661387.1	ENSG00000248431.3	ENSG00000248431
ENST00000728267.1	ENSG00000248431.3	ENSG00000248431
ENST00000728268.1	ENSG00000248431.3	ENSG00000248431
ENST00000508605.1	ENSG00000248434.1	ENSG00000248434
ENST00000509713.1	ENSG00000248434.1	ENSG00000248434
ENST00000514526.1	ENSG00000248434.1	ENSG00000248434
ENST00000502413.2	ENSG00000248458.2	ENSG00000248458
ENST00000653985.1	ENSG00000248468.3	ENSG00000248468
ENST00000655300.1	ENSG00000248468.3	ENSG00000248468
ENST00000661875.1	ENSG00000248468.3	ENSG00000248468
ENST00000662605.2	ENSG00000248468.3	ENSG00000248468
ENST00000663361.1	ENSG00000248468.3	ENSG00000248468
ENST00000669677.2	ENSG00000248468.3	ENSG00000248468
ENST00000743344.1	ENSG00000248490.3	ENSG00000248490
ENST00000743345.1	ENSG00000248490.3	ENSG00000248490
ENST00000743346.1	ENSG00000248490.3	ENSG00000248490
ENST00000743347.1	ENSG00000248490.3	ENSG00000248490
ENST00000743350.1	ENSG00000248490.3	ENSG00000248490
ENST00000743352.1	ENSG00000248490.3	ENSG00000248490
ENST00000669511.1	ENSG00000248515.3	ENSG00000248515
ENST00000796527.1	ENSG00000248515.3	ENSG00000248515
ENST00000819373.1	ENSG00000248515.3	ENSG00000248515
ENST00000819374.1	ENSG00000248515.3	ENSG00000248515
ENST00000819375.1	ENSG00000248515.3	ENSG00000248515
ENST00000819376.1	ENSG00000248515.3	ENSG00000248515
ENST00000819377.1	ENSG00000248515.3	ENSG00000248515
ENST00000819378.1	ENSG00000248515.3	ENSG00000248515
ENST00000819379.1	ENSG00000248515.3	ENSG00000248515
ENST00000819380.1	ENSG00000248515.3	ENSG00000248515
ENST00000511310.1	ENSG00000248537.1	ENSG00000248537
ENST00000515188.2	ENSG00000248545.4	ENSG00000248545
ENST00000834745.1	ENSG00000248545.4	ENSG00000248545
ENST00000515789.1	ENSG00000248571.1	ENSG00000248571
ENST00000507887.6	ENSG00000248605.6	ENSG00000248605
ENST00000507926.2	ENSG00000248605.6	ENSG00000248605
ENST00000511029.5	ENSG00000248605.6	ENSG00000248605
ENST00000716652.1	ENSG00000248605.6	ENSG00000248605
ENST00000716653.1	ENSG00000248605.6	ENSG00000248605
ENST00000726449.1	ENSG00000248605.6	ENSG00000248605
ENST00000726450.1	ENSG00000248605.6	ENSG00000248605
ENST00000726451.1	ENSG00000248605.6	ENSG00000248605
ENST00000726452.1	ENSG00000248605.6	ENSG00000248605
ENST00000726453.1	ENSG00000248605.6	ENSG00000248605
ENST00000726455.1	ENSG00000248605.6	ENSG00000248605
ENST00000726456.1	ENSG00000248605.6	ENSG00000248605
ENST00000726457.1	ENSG00000248605.6	ENSG00000248605
ENST00000726458.1	ENSG00000248605.6	ENSG00000248605
ENST00000726459.1	ENSG00000248605.6	ENSG00000248605
ENST00000726460.1	ENSG00000248605.6	ENSG00000248605
ENST00000726461.1	ENSG00000248605.6	ENSG00000248605
ENST00000726462.1	ENSG00000248605.6	ENSG00000248605
ENST00000726463.1	ENSG00000248605.6	ENSG00000248605
ENST00000726464.1	ENSG00000248605.6	ENSG00000248605
ENST00000726465.1	ENSG00000248605.6	ENSG00000248605
ENST00000726466.1	ENSG00000248605.6	ENSG00000248605
ENST00000503505.1	ENSG00000248629.1	ENSG00000248629
ENST00000681719.1	ENSG00000248656.4	ENSG00000248656
ENST00000751306.1	ENSG00000248656.4	ENSG00000248656
ENST00000824649.1	ENSG00000248656.4	ENSG00000248656
ENST00000511793.1	ENSG00000248667.1	ENSG00000248667
ENST00000512856.1	ENSG00000248734.2	ENSG00000248734
ENST00000602972.1	ENSG00000248734.2	ENSG00000248734
ENST00000847529.1	ENSG00000248736.4	ENSG00000248736
ENST00000847531.1	ENSG00000248736.4	ENSG00000248736
ENST00000754093.1	ENSG00000248749.2	ENSG00000248749
ENST00000512752.1	ENSG00000248764.2	ENSG00000248764
ENST00000513711.1	ENSG00000248764.2	ENSG00000248764
ENST00000515530.1	ENSG00000248764.2	ENSG00000248764
ENST00000565538.1	ENSG00000248764.2	ENSG00000248764
ENST00000716576.1	ENSG00000248764.2	ENSG00000248764
ENST00000716587.1	ENSG00000248764.2	ENSG00000248764
ENST00000716588.1	ENSG00000248764.2	ENSG00000248764
ENST00000731053.1	ENSG00000248764.2	ENSG00000248764
ENST00000731054.1	ENSG00000248764.2	ENSG00000248764
ENST00000731055.1	ENSG00000248764.2	ENSG00000248764
ENST00000731056.1	ENSG00000248764.2	ENSG00000248764
ENST00000731057.1	ENSG00000248764.2	ENSG00000248764
ENST00000731058.1	ENSG00000248764.2	ENSG00000248764
ENST00000731059.1	ENSG00000248764.2	ENSG00000248764
ENST00000513802.1	ENSG00000248773.1	ENSG00000248773
ENST00000512398.1	ENSG00000248790.1	ENSG00000248790
ENST00000506865.1	ENSG00000248813.1	ENSG00000248813
ENST00000503017.2	ENSG00000248837.8	ENSG00000248837
ENST00000503394.1	ENSG00000248837.8	ENSG00000248837
ENST00000506425.2	ENSG00000248837.8	ENSG00000248837
ENST00000511453.5	ENSG00000248837.8	ENSG00000248837
ENST00000652324.1	ENSG00000248837.8	ENSG00000248837
ENST00000653188.1	ENSG00000248837.8	ENSG00000248837
ENST00000653872.1	ENSG00000248837.8	ENSG00000248837
ENST00000654546.1	ENSG00000248837.8	ENSG00000248837
ENST00000654588.1	ENSG00000248837.8	ENSG00000248837
ENST00000655182.1	ENSG00000248837.8	ENSG00000248837
ENST00000655325.1	ENSG00000248837.8	ENSG00000248837
ENST00000655768.1	ENSG00000248837.8	ENSG00000248837
ENST00000658079.1	ENSG00000248837.8	ENSG00000248837
ENST00000658109.1	ENSG00000248837.8	ENSG00000248837
ENST00000659942.1	ENSG00000248837.8	ENSG00000248837
ENST00000660103.1	ENSG00000248837.8	ENSG00000248837
ENST00000660296.1	ENSG00000248837.8	ENSG00000248837
ENST00000660370.1	ENSG00000248837.8	ENSG00000248837
ENST00000663348.1	ENSG00000248837.8	ENSG00000248837
ENST00000663487.1	ENSG00000248837.8	ENSG00000248837
ENST00000663529.1	ENSG00000248837.8	ENSG00000248837
ENST00000665739.1	ENSG00000248837.8	ENSG00000248837
ENST00000666412.1	ENSG00000248837.8	ENSG00000248837
ENST00000666579.1	ENSG00000248837.8	ENSG00000248837
ENST00000667179.1	ENSG00000248837.8	ENSG00000248837
ENST00000671537.1	ENSG00000248837.8	ENSG00000248837
ENST00000841358.1	ENSG00000248837.8	ENSG00000248837
ENST00000841360.1	ENSG00000248837.8	ENSG00000248837
ENST00000510845.1	ENSG00000248870.1	ENSG00000248870
ENST00000511329.1	ENSG00000248881.1	ENSG00000248881
ENST00000507989.2	ENSG00000248949.2	ENSG00000248949
ENST00000509915.1	ENSG00000248968.1	ENSG00000248968
ENST00000510433.1	ENSG00000248969.2	ENSG00000248969
ENST00000736912.1	ENSG00000248969.2	ENSG00000248969
ENST00000657760.1	ENSG00000248994.3	ENSG00000248994
ENST00000745995.1	ENSG00000248994.3	ENSG00000248994
ENST00000746005.1	ENSG00000248994.3	ENSG00000248994
ENST00000746019.1	ENSG00000248994.3	ENSG00000248994
ENST00000752786.1	ENSG00000248994.3	ENSG00000248994
ENST00000762090.1	ENSG00000248994.3	ENSG00000248994
ENST00000504773.1	ENSG00000249007.1	ENSG00000249007
ENST00000515232.1	ENSG00000249022.3	ENSG00000249022
ENST00000662511.2	ENSG00000249022.3	ENSG00000249022
ENST00000727669.1	ENSG00000249022.3	ENSG00000249022
ENST00000727670.1	ENSG00000249022.3	ENSG00000249022
ENST00000727671.1	ENSG00000249022.3	ENSG00000249022
ENST00000727672.1	ENSG00000249022.3	ENSG00000249022
ENST00000727673.1	ENSG00000249022.3	ENSG00000249022
ENST00000727674.1	ENSG00000249022.3	ENSG00000249022
ENST00000510169.1	ENSG00000249171.1	ENSG00000249171
ENST00000504249.1	ENSG00000249219.1	ENSG00000249219
ENST00000513586.1	ENSG00000249234.1	ENSG00000249234
ENST00000792172.1	ENSG00000249236.3	ENSG00000249236
ENST00000503557.1	ENSG00000249304.1	ENSG00000249304
ENST00000446516.2	ENSG00000249349.1	ENSG00000249349
ENST00000667480.1	ENSG00000249359.4	ENSG00000249359
ENST00000758120.1	ENSG00000249359.4	ENSG00000249359
ENST00000504537.1	ENSG00000249392.1	ENSG00000249392
ENST00000505556.1	ENSG00000249409.1	ENSG00000249409
ENST00000506100.1	ENSG00000249409.1	ENSG00000249409
ENST00000731365.1	ENSG00000249413.3	ENSG00000249413
ENST00000507972.2	ENSG00000249479.2	ENSG00000249479
ENST00000845049.1	ENSG00000249479.2	ENSG00000249479
ENST00000845050.1	ENSG00000249479.2	ENSG00000249479
ENST00000845051.1	ENSG00000249479.2	ENSG00000249479
ENST00000508189.1	ENSG00000249568.1	ENSG00000249568
ENST00000510095.5	ENSG00000249631.8	ENSG00000249631
ENST00000658637.1	ENSG00000249631.8	ENSG00000249631
ENST00000671103.1	ENSG00000249631.8	ENSG00000249631
ENST00000774370.1	ENSG00000249631.8	ENSG00000249631
ENST00000774377.1	ENSG00000249631.8	ENSG00000249631
ENST00000774381.1	ENSG00000249631.8	ENSG00000249631
ENST00000774382.1	ENSG00000249631.8	ENSG00000249631
ENST00000774383.1	ENSG00000249631.8	ENSG00000249631
ENST00000774384.1	ENSG00000249631.8	ENSG00000249631
ENST00000774385.1	ENSG00000249631.8	ENSG00000249631
ENST00000774386.1	ENSG00000249631.8	ENSG00000249631
ENST00000774387.1	ENSG00000249631.8	ENSG00000249631
ENST00000774389.1	ENSG00000249631.8	ENSG00000249631
ENST00000774390.1	ENSG00000249631.8	ENSG00000249631
ENST00000774391.1	ENSG00000249631.8	ENSG00000249631
ENST00000663070.1	ENSG00000249642.3	ENSG00000249642
ENST00000514201.1	ENSG00000249655.1	ENSG00000249655
ENST00000514840.1	ENSG00000249664.2	ENSG00000249664
ENST00000745812.1	ENSG00000249664.2	ENSG00000249664
ENST00000512874.4	ENSG00000249679.4	ENSG00000249679
ENST00000657486.1	ENSG00000249679.4	ENSG00000249679
ENST00000669100.1	ENSG00000249679.4	ENSG00000249679
ENST00000671042.1	ENSG00000249679.4	ENSG00000249679
ENST00000725792.1	ENSG00000249679.4	ENSG00000249679
ENST00000725793.1	ENSG00000249679.4	ENSG00000249679
ENST00000725794.1	ENSG00000249679.4	ENSG00000249679
ENST00000511327.1	ENSG00000249713.1	ENSG00000249713
ENST00000512898.1	ENSG00000249727.3	ENSG00000249727
ENST00000660886.1	ENSG00000249727.3	ENSG00000249727
ENST00000663019.1	ENSG00000249727.3	ENSG00000249727
ENST00000721399.1	ENSG00000249727.3	ENSG00000249727
ENST00000721400.1	ENSG00000249727.3	ENSG00000249727
ENST00000502437.4	ENSG00000249746.4	ENSG00000249746
ENST00000702547.1	ENSG00000249746.4	ENSG00000249746
ENST00000755567.1	ENSG00000249746.4	ENSG00000249746
ENST00000755568.1	ENSG00000249746.4	ENSG00000249746
ENST00000508993.1	ENSG00000249772.1	ENSG00000249772
ENST00000503489.2	ENSG00000249776.6	ENSG00000249776
ENST00000512210.5	ENSG00000249776.6	ENSG00000249776
ENST00000718057.1	ENSG00000249776.6	ENSG00000249776
ENST00000850101.1	ENSG00000249776.6	ENSG00000249776
ENST00000850102.1	ENSG00000249776.6	ENSG00000249776
ENST00000850103.1	ENSG00000249776.6	ENSG00000249776
ENST00000850104.1	ENSG00000249776.6	ENSG00000249776
ENST00000850105.1	ENSG00000249776.6	ENSG00000249776
ENST00000850107.1	ENSG00000249776.6	ENSG00000249776
ENST00000850108.1	ENSG00000249776.6	ENSG00000249776
ENST00000850111.1	ENSG00000249776.6	ENSG00000249776
ENST00000850112.1	ENSG00000249776.6	ENSG00000249776
ENST00000850113.1	ENSG00000249776.6	ENSG00000249776
ENST00000505784.1	ENSG00000249782.3	ENSG00000249782
ENST00000654467.2	ENSG00000249782.3	ENSG00000249782
ENST00000657075.1	ENSG00000249782.3	ENSG00000249782
ENST00000659580.1	ENSG00000249782.3	ENSG00000249782
ENST00000720338.1	ENSG00000249782.3	ENSG00000249782
ENST00000653128.1	ENSG00000249787.3	ENSG00000249787
ENST00000653556.1	ENSG00000249787.3	ENSG00000249787
ENST00000655175.1	ENSG00000249787.3	ENSG00000249787
ENST00000658450.1	ENSG00000249787.3	ENSG00000249787
ENST00000660230.1	ENSG00000249787.3	ENSG00000249787
ENST00000663954.1	ENSG00000249787.3	ENSG00000249787
ENST00000667726.1	ENSG00000249787.3	ENSG00000249787
ENST00000670187.1	ENSG00000249787.3	ENSG00000249787
ENST00000720691.1	ENSG00000249787.3	ENSG00000249787
ENST00000510049.1	ENSG00000249792.1	ENSG00000249792
ENST00000509497.2	ENSG00000249806.2	ENSG00000249806
ENST00000834241.1	ENSG00000249806.2	ENSG00000249806
ENST00000506299.1	ENSG00000249807.1	ENSG00000249807
ENST00000505200.1	ENSG00000249856.1	ENSG00000249856
ENST00000511603.1	ENSG00000249892.2	ENSG00000249892
ENST00000813326.1	ENSG00000249892.2	ENSG00000249892
ENST00000505404.1	ENSG00000249941.2	ENSG00000249941
ENST00000847962.1	ENSG00000249941.2	ENSG00000249941
ENST00000847963.1	ENSG00000249941.2	ENSG00000249941
ENST00000847964.1	ENSG00000249941.2	ENSG00000249941
ENST00000847965.1	ENSG00000249941.2	ENSG00000249941
ENST00000840139.1	ENSG00000249942.2	ENSG00000249942
ENST00000840141.1	ENSG00000249942.2	ENSG00000249942
ENST00000508955.3	ENSG00000249955.3	ENSG00000249955
ENST00000510938.2	ENSG00000250032.2	ENSG00000250032
ENST00000811615.1	ENSG00000250032.2	ENSG00000250032
ENST00000506420.1	ENSG00000250034.1	ENSG00000250034
ENST00000665391.1	ENSG00000250039.4	ENSG00000250039
ENST00000665861.1	ENSG00000250039.4	ENSG00000250039
ENST00000509416.1	ENSG00000250064.2	ENSG00000250064
ENST00000729966.1	ENSG00000250064.2	ENSG00000250064
ENST00000502400.5	ENSG00000250075.8	ENSG00000250075
ENST00000503987.1	ENSG00000250075.8	ENSG00000250075
ENST00000505155.1	ENSG00000250075.8	ENSG00000250075
ENST00000652065.1	ENSG00000250075.8	ENSG00000250075
ENST00000660927.1	ENSG00000250075.8	ENSG00000250075
ENST00000783862.1	ENSG00000250075.8	ENSG00000250075
ENST00000766376.1	ENSG00000250092.3	ENSG00000250092
ENST00000515055.1	ENSG00000250135.1	ENSG00000250135
ENST00000499715.2	ENSG00000250137.1	ENSG00000250137
ENST00000507203.1	ENSG00000250149.2	ENSG00000250149
ENST00000804475.1	ENSG00000250173.2	ENSG00000250173
ENST00000502846.1	ENSG00000250180.1	ENSG00000250180
ENST00000513235.2	ENSG00000250240.7	ENSG00000250240
ENST00000755036.1	ENSG00000250240.7	ENSG00000250240
ENST00000755037.1	ENSG00000250240.7	ENSG00000250240
ENST00000515680.2	ENSG00000250243.3	ENSG00000250243
ENST00000652645.1	ENSG00000250333.2	ENSG00000250333
ENST00000515422.1	ENSG00000250338.1	ENSG00000250338
ENST00000514843.1	ENSG00000250354.1	ENSG00000250354
ENST00000504874.1	ENSG00000250357.2	ENSG00000250357
ENST00000755449.1	ENSG00000250357.2	ENSG00000250357
ENST00000755450.1	ENSG00000250357.2	ENSG00000250357
ENST00000502668.2	ENSG00000250375.2	ENSG00000250375
ENST00000515085.1	ENSG00000250385.2	ENSG00000250385
ENST00000652670.1	ENSG00000250385.2	ENSG00000250385
ENST00000512833.2	ENSG00000250406.3	ENSG00000250406
ENST00000660332.1	ENSG00000250406.3	ENSG00000250406
ENST00000669995.1	ENSG00000250406.3	ENSG00000250406
ENST00000670304.1	ENSG00000250406.3	ENSG00000250406
ENST00000831758.1	ENSG00000250406.3	ENSG00000250406
ENST00000504398.1	ENSG00000250453.3	ENSG00000250453
ENST00000653909.1	ENSG00000250453.3	ENSG00000250453
ENST00000660682.1	ENSG00000250453.3	ENSG00000250453
ENST00000666077.1	ENSG00000250453.3	ENSG00000250453
ENST00000849332.1	ENSG00000250453.3	ENSG00000250453
ENST00000849334.1	ENSG00000250453.3	ENSG00000250453
ENST00000849335.1	ENSG00000250453.3	ENSG00000250453
ENST00000849336.1	ENSG00000250453.3	ENSG00000250453
ENST00000849337.1	ENSG00000250453.3	ENSG00000250453
ENST00000849340.1	ENSG00000250453.3	ENSG00000250453
ENST00000849341.1	ENSG00000250453.3	ENSG00000250453
ENST00000849342.1	ENSG00000250453.3	ENSG00000250453
ENST00000849343.1	ENSG00000250453.3	ENSG00000250453
ENST00000849344.1	ENSG00000250453.3	ENSG00000250453
ENST00000502606.1	ENSG00000250501.4	ENSG00000250501
ENST00000513400.2	ENSG00000250501.4	ENSG00000250501
ENST00000652863.1	ENSG00000250501.4	ENSG00000250501
ENST00000658543.1	ENSG00000250501.4	ENSG00000250501
ENST00000659480.1	ENSG00000250501.4	ENSG00000250501
ENST00000661669.1	ENSG00000250501.4	ENSG00000250501
ENST00000662769.1	ENSG00000250501.4	ENSG00000250501
ENST00000663319.1	ENSG00000250501.4	ENSG00000250501
ENST00000663892.1	ENSG00000250501.4	ENSG00000250501
ENST00000666159.1	ENSG00000250501.4	ENSG00000250501
ENST00000666313.1	ENSG00000250501.4	ENSG00000250501
ENST00000666509.1	ENSG00000250501.4	ENSG00000250501
ENST00000670746.1	ENSG00000250501.4	ENSG00000250501
ENST00000671501.1	ENSG00000250501.4	ENSG00000250501
ENST00000815507.1	ENSG00000250501.4	ENSG00000250501
ENST00000815508.1	ENSG00000250501.4	ENSG00000250501
ENST00000815509.1	ENSG00000250501.4	ENSG00000250501
ENST00000815510.1	ENSG00000250501.4	ENSG00000250501
ENST00000815511.1	ENSG00000250501.4	ENSG00000250501
ENST00000815512.1	ENSG00000250501.4	ENSG00000250501
ENST00000815513.1	ENSG00000250501.4	ENSG00000250501
ENST00000815515.1	ENSG00000250501.4	ENSG00000250501
ENST00000815516.1	ENSG00000250501.4	ENSG00000250501
ENST00000502861.1	ENSG00000250524.1	ENSG00000250524
ENST00000510905.1	ENSG00000250541.1	ENSG00000250541
ENST00000505967.1	ENSG00000250597.5	ENSG00000250597
ENST00000513564.1	ENSG00000250597.5	ENSG00000250597
ENST00000785110.1	ENSG00000250643.2	ENSG00000250643
ENST00000508352.1	ENSG00000250657.1	ENSG00000250657
ENST00000507526.1	ENSG00000250694.1	ENSG00000250694
ENST00000666525.1	ENSG00000250697.3	ENSG00000250697
ENST00000799552.1	ENSG00000250697.3	ENSG00000250697
ENST00000841800.1	ENSG00000250697.3	ENSG00000250697
ENST00000509184.1	ENSG00000250698.2	ENSG00000250698
ENST00000774836.1	ENSG00000250698.2	ENSG00000250698
ENST00000774837.1	ENSG00000250698.2	ENSG00000250698
ENST00000774838.1	ENSG00000250698.2	ENSG00000250698
ENST00000774839.1	ENSG00000250698.2	ENSG00000250698
ENST00000505586.1	ENSG00000250704.1	ENSG00000250704
ENST00000504795.5	ENSG00000250723.8	ENSG00000250723
ENST00000505326.6	ENSG00000250723.8	ENSG00000250723
ENST00000506650.2	ENSG00000250723.8	ENSG00000250723
ENST00000515733.1	ENSG00000250723.8	ENSG00000250723
ENST00000651621.1	ENSG00000250723.8	ENSG00000250723
ENST00000659663.1	ENSG00000250723.8	ENSG00000250723
ENST00000661069.1	ENSG00000250723.8	ENSG00000250723
ENST00000661224.1	ENSG00000250723.8	ENSG00000250723
ENST00000662736.1	ENSG00000250723.8	ENSG00000250723
ENST00000668324.1	ENSG00000250723.8	ENSG00000250723
ENST00000773804.1	ENSG00000250723.8	ENSG00000250723
ENST00000773806.1	ENSG00000250723.8	ENSG00000250723
ENST00000773807.1	ENSG00000250723.8	ENSG00000250723
ENST00000773808.1	ENSG00000250723.8	ENSG00000250723
ENST00000773809.1	ENSG00000250723.8	ENSG00000250723
ENST00000503441.1	ENSG00000250764.1	ENSG00000250764
ENST00000508825.1	ENSG00000250775.3	ENSG00000250775
ENST00000752905.1	ENSG00000250775.3	ENSG00000250775
ENST00000787990.1	ENSG00000250831.2	ENSG00000250831
ENST00000787991.1	ENSG00000250831.2	ENSG00000250831
ENST00000787992.1	ENSG00000250831.2	ENSG00000250831
ENST00000506068.1	ENSG00000250855.3	ENSG00000250855
ENST00000680292.2	ENSG00000250855.3	ENSG00000250855
ENST00000798215.1	ENSG00000250855.3	ENSG00000250855
ENST00000798216.1	ENSG00000250855.3	ENSG00000250855
ENST00000798217.1	ENSG00000250855.3	ENSG00000250855
ENST00000505781.1	ENSG00000250905.1	ENSG00000250905
ENST00000511512.3	ENSG00000250934.4	ENSG00000250934
ENST00000512435.2	ENSG00000250934.4	ENSG00000250934
ENST00000654226.1	ENSG00000250934.4	ENSG00000250934
ENST00000656027.2	ENSG00000250934.4	ENSG00000250934
ENST00000661791.1	ENSG00000250934.4	ENSG00000250934
ENST00000665278.1	ENSG00000250934.4	ENSG00000250934
ENST00000666921.2	ENSG00000250934.4	ENSG00000250934
ENST00000777111.1	ENSG00000250934.4	ENSG00000250934
ENST00000777114.1	ENSG00000250934.4	ENSG00000250934
ENST00000777115.1	ENSG00000250934.4	ENSG00000250934
ENST00000777117.1	ENSG00000250934.4	ENSG00000250934
ENST00000777118.1	ENSG00000250934.4	ENSG00000250934
ENST00000777119.1	ENSG00000250934.4	ENSG00000250934
ENST00000777120.1	ENSG00000250934.4	ENSG00000250934
ENST00000777121.1	ENSG00000250934.4	ENSG00000250934
ENST00000777122.1	ENSG00000250934.4	ENSG00000250934
ENST00000777123.1	ENSG00000250934.4	ENSG00000250934
ENST00000777124.1	ENSG00000250934.4	ENSG00000250934
ENST00000777125.1	ENSG00000250934.4	ENSG00000250934
ENST00000777126.1	ENSG00000250934.4	ENSG00000250934
ENST00000777127.1	ENSG00000250934.4	ENSG00000250934
ENST00000777128.1	ENSG00000250934.4	ENSG00000250934
ENST00000777129.1	ENSG00000250934.4	ENSG00000250934
ENST00000777130.1	ENSG00000250934.4	ENSG00000250934
ENST00000777132.1	ENSG00000250934.4	ENSG00000250934
ENST00000506070.1	ENSG00000250955.1	ENSG00000250955
ENST00000512715.1	ENSG00000250969.2	ENSG00000250969
ENST00000721463.1	ENSG00000250969.2	ENSG00000250969
ENST00000721464.1	ENSG00000250969.2	ENSG00000250969
ENST00000721465.1	ENSG00000250969.2	ENSG00000250969
ENST00000758798.1	ENSG00000250969.2	ENSG00000250969
ENST00000839408.1	ENSG00000250971.4	ENSG00000250971
ENST00000839411.1	ENSG00000250971.4	ENSG00000250971
ENST00000510996.1	ENSG00000251010.1	ENSG00000251010
ENST00000505668.1	ENSG00000251023.1	ENSG00000251023
ENST00000506032.1	ENSG00000251033.2	ENSG00000251033
ENST00000738633.1	ENSG00000251033.2	ENSG00000251033
ENST00000664810.1	ENSG00000251034.2	ENSG00000251034
ENST00000509641.2	ENSG00000251049.2	ENSG00000251049
ENST00000508555.1	ENSG00000251081.2	ENSG00000251081
ENST00000736477.1	ENSG00000251081.2	ENSG00000251081
ENST00000736478.1	ENSG00000251081.2	ENSG00000251081
ENST00000510153.1	ENSG00000251093.1	ENSG00000251093
ENST00000507916.6	ENSG00000251095.9	ENSG00000251095
ENST00000509723.1	ENSG00000251095.9	ENSG00000251095
ENST00000513572.4	ENSG00000251095.9	ENSG00000251095
ENST00000612706.2	ENSG00000251095.9	ENSG00000251095
ENST00000621944.1	ENSG00000251095.9	ENSG00000251095
ENST00000689416.2	ENSG00000251095.9	ENSG00000251095
ENST00000691837.2	ENSG00000251095.9	ENSG00000251095
ENST00000776683.1	ENSG00000251095.9	ENSG00000251095
ENST00000776684.1	ENSG00000251095.9	ENSG00000251095
ENST00000776694.1	ENSG00000251095.9	ENSG00000251095
ENST00000776695.1	ENSG00000251095.9	ENSG00000251095
ENST00000776696.1	ENSG00000251095.9	ENSG00000251095
ENST00000776699.1	ENSG00000251095.9	ENSG00000251095
ENST00000776700.1	ENSG00000251095.9	ENSG00000251095
ENST00000776705.1	ENSG00000251095.9	ENSG00000251095
ENST00000776708.1	ENSG00000251095.9	ENSG00000251095
ENST00000776709.1	ENSG00000251095.9	ENSG00000251095
ENST00000776710.1	ENSG00000251095.9	ENSG00000251095
ENST00000776711.1	ENSG00000251095.9	ENSG00000251095
ENST00000776712.1	ENSG00000251095.9	ENSG00000251095
ENST00000776713.1	ENSG00000251095.9	ENSG00000251095
ENST00000776714.1	ENSG00000251095.9	ENSG00000251095
ENST00000776717.1	ENSG00000251095.9	ENSG00000251095
ENST00000508020.2	ENSG00000251139.3	ENSG00000251139
ENST00000740904.1	ENSG00000251139.3	ENSG00000251139
ENST00000515343.1	ENSG00000251152.1	ENSG00000251152
ENST00000671148.1	ENSG00000251170.7	ENSG00000251170
ENST00000815626.1	ENSG00000251185.2	ENSG00000251185
ENST00000509956.1	ENSG00000251200.3	ENSG00000251200
ENST00000660605.1	ENSG00000251200.3	ENSG00000251200
ENST00000770483.1	ENSG00000251200.3	ENSG00000251200
ENST00000770484.1	ENSG00000251200.3	ENSG00000251200
ENST00000770485.1	ENSG00000251200.3	ENSG00000251200
ENST00000669827.1	ENSG00000251244.4	ENSG00000251244
ENST00000669860.1	ENSG00000251244.4	ENSG00000251244
ENST00000693509.2	ENSG00000251244.4	ENSG00000251244
ENST00000730967.1	ENSG00000251244.4	ENSG00000251244
ENST00000730968.1	ENSG00000251244.4	ENSG00000251244
ENST00000730969.1	ENSG00000251244.4	ENSG00000251244
ENST00000730970.1	ENSG00000251244.4	ENSG00000251244
ENST00000730971.1	ENSG00000251244.4	ENSG00000251244
ENST00000514766.2	ENSG00000251248.2	ENSG00000251248
ENST00000824956.1	ENSG00000251264.2	ENSG00000251264
ENST00000824957.1	ENSG00000251264.2	ENSG00000251264
ENST00000824958.1	ENSG00000251264.2	ENSG00000251264
ENST00000824959.1	ENSG00000251264.2	ENSG00000251264
ENST00000824960.1	ENSG00000251264.2	ENSG00000251264
ENST00000514966.1	ENSG00000251310.2	ENSG00000251310
ENST00000510371.5	ENSG00000251339.7	ENSG00000251339
ENST00000662149.1	ENSG00000251339.7	ENSG00000251339
ENST00000515153.1	ENSG00000251361.2	ENSG00000251361
ENST00000762928.1	ENSG00000251361.2	ENSG00000251361
ENST00000762929.1	ENSG00000251361.2	ENSG00000251361
ENST00000762930.1	ENSG00000251361.2	ENSG00000251361
ENST00000762931.1	ENSG00000251361.2	ENSG00000251361
ENST00000762932.1	ENSG00000251361.2	ENSG00000251361
ENST00000762933.1	ENSG00000251361.2	ENSG00000251361
ENST00000762935.1	ENSG00000251361.2	ENSG00000251361
ENST00000762936.1	ENSG00000251361.2	ENSG00000251361
ENST00000762937.1	ENSG00000251361.2	ENSG00000251361
ENST00000762938.1	ENSG00000251361.2	ENSG00000251361
ENST00000762940.1	ENSG00000251361.2	ENSG00000251361
ENST00000762941.1	ENSG00000251361.2	ENSG00000251361
ENST00000762942.1	ENSG00000251361.2	ENSG00000251361
ENST00000762944.1	ENSG00000251361.2	ENSG00000251361
ENST00000762945.1	ENSG00000251361.2	ENSG00000251361
ENST00000762946.1	ENSG00000251361.2	ENSG00000251361
ENST00000762947.1	ENSG00000251361.2	ENSG00000251361
ENST00000762948.1	ENSG00000251361.2	ENSG00000251361
ENST00000762949.1	ENSG00000251361.2	ENSG00000251361
ENST00000762950.1	ENSG00000251361.2	ENSG00000251361
ENST00000762951.1	ENSG00000251361.2	ENSG00000251361
ENST00000762952.1	ENSG00000251361.2	ENSG00000251361
ENST00000762953.1	ENSG00000251361.2	ENSG00000251361
ENST00000762954.1	ENSG00000251361.2	ENSG00000251361
ENST00000762955.1	ENSG00000251361.2	ENSG00000251361
ENST00000762956.1	ENSG00000251361.2	ENSG00000251361
ENST00000762957.1	ENSG00000251361.2	ENSG00000251361
ENST00000762960.1	ENSG00000251361.2	ENSG00000251361
ENST00000762962.1	ENSG00000251361.2	ENSG00000251361
ENST00000762963.1	ENSG00000251361.2	ENSG00000251361
ENST00000762964.1	ENSG00000251361.2	ENSG00000251361
ENST00000762965.1	ENSG00000251361.2	ENSG00000251361
ENST00000762966.1	ENSG00000251361.2	ENSG00000251361
ENST00000762967.1	ENSG00000251361.2	ENSG00000251361
ENST00000762969.1	ENSG00000251361.2	ENSG00000251361
ENST00000762970.1	ENSG00000251361.2	ENSG00000251361
ENST00000762971.1	ENSG00000251361.2	ENSG00000251361
ENST00000762972.1	ENSG00000251361.2	ENSG00000251361
ENST00000762973.1	ENSG00000251361.2	ENSG00000251361
ENST00000762974.1	ENSG00000251361.2	ENSG00000251361
ENST00000762975.1	ENSG00000251361.2	ENSG00000251361
ENST00000762978.1	ENSG00000251361.2	ENSG00000251361
ENST00000762979.1	ENSG00000251361.2	ENSG00000251361
ENST00000762981.1	ENSG00000251361.2	ENSG00000251361
ENST00000762982.1	ENSG00000251361.2	ENSG00000251361
ENST00000762983.1	ENSG00000251361.2	ENSG00000251361
ENST00000762985.1	ENSG00000251361.2	ENSG00000251361
ENST00000762986.1	ENSG00000251361.2	ENSG00000251361
ENST00000762987.1	ENSG00000251361.2	ENSG00000251361
ENST00000762988.1	ENSG00000251361.2	ENSG00000251361
ENST00000762989.1	ENSG00000251361.2	ENSG00000251361
ENST00000762990.1	ENSG00000251361.2	ENSG00000251361
ENST00000762991.1	ENSG00000251361.2	ENSG00000251361
ENST00000762993.1	ENSG00000251361.2	ENSG00000251361
ENST00000762994.1	ENSG00000251361.2	ENSG00000251361
ENST00000762995.1	ENSG00000251361.2	ENSG00000251361
ENST00000762998.1	ENSG00000251361.2	ENSG00000251361
ENST00000762999.1	ENSG00000251361.2	ENSG00000251361
ENST00000763001.1	ENSG00000251361.2	ENSG00000251361
ENST00000763002.1	ENSG00000251361.2	ENSG00000251361
ENST00000763003.1	ENSG00000251361.2	ENSG00000251361
ENST00000763005.1	ENSG00000251361.2	ENSG00000251361
ENST00000763007.1	ENSG00000251361.2	ENSG00000251361
ENST00000763008.1	ENSG00000251361.2	ENSG00000251361
ENST00000763009.1	ENSG00000251361.2	ENSG00000251361
ENST00000763010.1	ENSG00000251361.2	ENSG00000251361
ENST00000763011.1	ENSG00000251361.2	ENSG00000251361
ENST00000763012.1	ENSG00000251361.2	ENSG00000251361
ENST00000763013.1	ENSG00000251361.2	ENSG00000251361
ENST00000763014.1	ENSG00000251361.2	ENSG00000251361
ENST00000763015.1	ENSG00000251361.2	ENSG00000251361
ENST00000513925.1	ENSG00000251371.2	ENSG00000251371
ENST00000512349.1	ENSG00000251376.1	ENSG00000251376
ENST00000507424.1	ENSG00000251408.1	ENSG00000251408
ENST00000509999.3	ENSG00000251409.3	ENSG00000251409
ENST00000754764.1	ENSG00000251409.3	ENSG00000251409
ENST00000754765.1	ENSG00000251409.3	ENSG00000251409
ENST00000505636.1	ENSG00000251434.1	ENSG00000251434
ENST00000514269.1	ENSG00000251455.1	ENSG00000251455
ENST00000510640.2	ENSG00000251460.2	ENSG00000251460
ENST00000504735.1	ENSG00000251471.2	ENSG00000251471
ENST00000770260.1	ENSG00000251471.2	ENSG00000251471
ENST00000770261.1	ENSG00000251471.2	ENSG00000251471
ENST00000513955.1	ENSG00000251487.2	ENSG00000251487
ENST00000510753.1	ENSG00000251511.2	ENSG00000251511
ENST00000511279.1	ENSG00000251517.1	ENSG00000251517
ENST00000505408.1	ENSG00000251523.1	ENSG00000251523
ENST00000752457.1	ENSG00000251584.3	ENSG00000251584
ENST00000752458.1	ENSG00000251584.3	ENSG00000251584
ENST00000752460.1	ENSG00000251584.3	ENSG00000251584
ENST00000752462.1	ENSG00000251584.3	ENSG00000251584
ENST00000752463.1	ENSG00000251584.3	ENSG00000251584
ENST00000752464.1	ENSG00000251584.3	ENSG00000251584
ENST00000508255.1	ENSG00000251599.1	ENSG00000251599
ENST00000505579.1	ENSG00000251621.1	ENSG00000251621
ENST00000506010.1	ENSG00000251642.2	ENSG00000251642
ENST00000757707.1	ENSG00000251642.2	ENSG00000251642
ENST00000757708.1	ENSG00000251642.2	ENSG00000251642
ENST00000757709.1	ENSG00000251642.2	ENSG00000251642
ENST00000757710.1	ENSG00000251642.2	ENSG00000251642
ENST00000757711.1	ENSG00000251642.2	ENSG00000251642
ENST00000757712.1	ENSG00000251642.2	ENSG00000251642
ENST00000757713.1	ENSG00000251642.2	ENSG00000251642
ENST00000514334.1	ENSG00000251687.1	ENSG00000251687
ENST00000524042.1	ENSG00000253104.1	ENSG00000253104
ENST00000520032.1	ENSG00000253321.2	ENSG00000253321
ENST00000764463.1	ENSG00000253321.2	ENSG00000253321
ENST00000517716.3	ENSG00000253515.3	ENSG00000253515
ENST00000843824.1	ENSG00000253515.3	ENSG00000253515
ENST00000523413.3	ENSG00000253572.3	ENSG00000253572
ENST00000523745.1	ENSG00000253776.1	ENSG00000253776
ENST00000527035.1	ENSG00000254545.1	ENSG00000254545
ENST00000764615.1	ENSG00000255647.4	ENSG00000255647
ENST00000724272.1	ENSG00000255946.4	ENSG00000255946
ENST00000489557.2	ENSG00000257045.1	ENSG00000257045
ENST00000835116.1	ENSG00000258526.9	ENSG00000258526
ENST00000554749.1	ENSG00000258634.3	ENSG00000258634
ENST00000702013.2	ENSG00000258649.4	ENSG00000258649
ENST00000725093.1	ENSG00000258649.4	ENSG00000258649
ENST00000725094.1	ENSG00000258649.4	ENSG00000258649
ENST00000725095.1	ENSG00000258649.4	ENSG00000258649
ENST00000660325.2	ENSG00000258667.5	ENSG00000258667
ENST00000698324.1	ENSG00000258667.5	ENSG00000258667
ENST00000698331.1	ENSG00000258667.5	ENSG00000258667
ENST00000698332.1	ENSG00000258667.5	ENSG00000258667
ENST00000733793.1	ENSG00000258667.5	ENSG00000258667
ENST00000505973.1	ENSG00000259080.1	ENSG00000259080
ENST00000563286.1	ENSG00000259959.1	ENSG00000259959
ENST00000569293.1	ENSG00000260142.1	ENSG00000260142
ENST00000569449.1	ENSG00000260244.1	ENSG00000260244
ENST00000567102.1	ENSG00000260296.1	ENSG00000260296
ENST00000567886.1	ENSG00000260322.1	ENSG00000260322
ENST00000568966.2	ENSG00000260391.2	ENSG00000260391
ENST00000564032.1	ENSG00000260460.1	ENSG00000260460
ENST00000565336.1	ENSG00000260464.1	ENSG00000260464
ENST00000563417.1	ENSG00000260505.1	ENSG00000260505
ENST00000570141.1	ENSG00000260698.1	ENSG00000260698
ENST00000569932.1	ENSG00000260743.1	ENSG00000260743
ENST00000691011.2	ENSG00000260834.3	ENSG00000260834
ENST00000765030.1	ENSG00000260834.3	ENSG00000260834
ENST00000765031.1	ENSG00000260834.3	ENSG00000260834
ENST00000765032.1	ENSG00000260834.3	ENSG00000260834
ENST00000567832.1	ENSG00000260855.1	ENSG00000260855
ENST00000562820.1	ENSG00000260871.1	ENSG00000260871
ENST00000568817.1	ENSG00000260878.1	ENSG00000260878
ENST00000564063.1	ENSG00000260879.1	ENSG00000260879
ENST00000565390.2	ENSG00000260920.2	ENSG00000260920
ENST00000564261.1	ENSG00000260972.1	ENSG00000260972
ENST00000569593.1	ENSG00000260990.2	ENSG00000260990
ENST00000838099.1	ENSG00000260990.2	ENSG00000260990
ENST00000562504.1	ENSG00000261000.1	ENSG00000261000
ENST00000565955.1	ENSG00000261055.2	ENSG00000261055
ENST00000746665.1	ENSG00000261055.2	ENSG00000261055
ENST00000567150.1	ENSG00000261060.1	ENSG00000261060
ENST00000565388.1	ENSG00000261065.1	ENSG00000261065
ENST00000563949.1	ENSG00000261096.1	ENSG00000261096
ENST00000565044.1	ENSG00000261104.1	ENSG00000261104
ENST00000569860.1	ENSG00000261117.1	ENSG00000261117
ENST00000566529.1	ENSG00000261146.1	ENSG00000261146
ENST00000564956.1	ENSG00000261269.1	ENSG00000261269
ENST00000562191.2	ENSG00000261292.2	ENSG00000261292
ENST00000562328.2	ENSG00000261338.2	ENSG00000261338
ENST00000567305.1	ENSG00000261379.1	ENSG00000261379
ENST00000563761.1	ENSG00000261434.1	ENSG00000261434
ENST00000567067.2	ENSG00000261600.2	ENSG00000261600
ENST00000797278.1	ENSG00000261600.2	ENSG00000261600
ENST00000797281.1	ENSG00000261600.2	ENSG00000261600
ENST00000563320.1	ENSG00000261642.1	ENSG00000261642
ENST00000566804.1	ENSG00000261734.1	ENSG00000261734
ENST00000568686.1	ENSG00000261786.1	ENSG00000261786
ENST00000568958.1	ENSG00000261829.1	ENSG00000261829
ENST00000576302.1	ENSG00000262211.1	ENSG00000262211
ENST00000572477.1	ENSG00000263270.5	ENSG00000263270
ENST00000574620.1	ENSG00000263270.5	ENSG00000263270
ENST00000584148.1	ENSG00000264188.1	ENSG00000264188
ENST00000582536.1	ENSG00000265073.1	ENSG00000265073
ENST00000586761.2	ENSG00000266993.3	ENSG00000266993
ENST00000588291.1	ENSG00000266993.3	ENSG00000266993
ENST00000591675.1	ENSG00000266993.3	ENSG00000266993
ENST00000592936.1	ENSG00000267284.3	ENSG00000267284
ENST00000836429.1	ENSG00000267383.10	ENSG00000267383
ENST00000589496.2	ENSG00000267520.2	ENSG00000267520
ENST00000590024.1	ENSG00000267784.1	ENSG00000267784
ENST00000597288.1	ENSG00000267919.1	ENSG00000267919
ENST00000730699.1	ENSG00000268583.3	ENSG00000268583
ENST00000597192.1	ENSG00000269068.2	ENSG00000269068
ENST00000601909.1	ENSG00000269489.1	ENSG00000269489
ENST00000600169.2	ENSG00000269559.2	ENSG00000269559
ENST00000601684.1	ENSG00000269621.1	ENSG00000269621
ENST00000598623.1	ENSG00000269707.3	ENSG00000269707
ENST00000662784.1	ENSG00000269707.3	ENSG00000269707
ENST00000663413.1	ENSG00000269707.3	ENSG00000269707
ENST00000666384.1	ENSG00000269707.3	ENSG00000269707
ENST00000666977.1	ENSG00000269707.3	ENSG00000269707
ENST00000733859.1	ENSG00000269707.3	ENSG00000269707
ENST00000733860.1	ENSG00000269707.3	ENSG00000269707
ENST00000602747.1	ENSG00000269887.1	ENSG00000269887
ENST00000602879.2	ENSG00000269889.2	ENSG00000269889
ENST00000719253.1	ENSG00000269889.2	ENSG00000269889
ENST00000602406.1	ENSG00000269925.1	ENSG00000269925
ENST00000602820.1	ENSG00000269949.1	ENSG00000269949
ENST00000602607.1	ENSG00000269971.1	ENSG00000269971
ENST00000602458.1	ENSG00000269973.1	ENSG00000269973
ENST00000602436.1	ENSG00000269982.1	ENSG00000269982
ENST00000602843.1	ENSG00000270031.1	ENSG00000270031
ENST00000602755.2	ENSG00000270066.4	ENSG00000270066
ENST00000764982.1	ENSG00000270066.4	ENSG00000270066
ENST00000764983.1	ENSG00000270066.4	ENSG00000270066
ENST00000764984.1	ENSG00000270066.4	ENSG00000270066
ENST00000764985.1	ENSG00000270066.4	ENSG00000270066
ENST00000602835.1	ENSG00000270096.1	ENSG00000270096
ENST00000602813.1	ENSG00000270103.3	ENSG00000270103
ENST00000602618.1	ENSG00000270115.1	ENSG00000270115
ENST00000514061.2	ENSG00000270133.2	ENSG00000270133
ENST00000837494.1	ENSG00000270133.2	ENSG00000270133
ENST00000837496.1	ENSG00000270133.2	ENSG00000270133
ENST00000602913.1	ENSG00000270135.1	ENSG00000270135
ENST00000603052.1	ENSG00000270190.1	ENSG00000270190
ENST00000605056.1	ENSG00000270210.1	ENSG00000270210
ENST00000603415.1	ENSG00000270277.1	ENSG00000270277
ENST00000604546.2	ENSG00000270361.2	ENSG00000270361
ENST00000848401.1	ENSG00000270361.2	ENSG00000270361
ENST00000604994.1	ENSG00000270460.2	ENSG00000270460
ENST00000737371.1	ENSG00000270460.2	ENSG00000270460
ENST00000737372.1	ENSG00000270460.2	ENSG00000270460
ENST00000737373.1	ENSG00000270460.2	ENSG00000270460
ENST00000737374.1	ENSG00000270460.2	ENSG00000270460
ENST00000737375.1	ENSG00000270460.2	ENSG00000270460
ENST00000737376.1	ENSG00000270460.2	ENSG00000270460
ENST00000737377.1	ENSG00000270460.2	ENSG00000270460
ENST00000737378.1	ENSG00000270460.2	ENSG00000270460
ENST00000737379.1	ENSG00000270460.2	ENSG00000270460
ENST00000737380.1	ENSG00000270460.2	ENSG00000270460
ENST00000737381.1	ENSG00000270460.2	ENSG00000270460
ENST00000737382.1	ENSG00000270460.2	ENSG00000270460
ENST00000737383.1	ENSG00000270460.2	ENSG00000270460
ENST00000737384.1	ENSG00000270460.2	ENSG00000270460
ENST00000737385.1	ENSG00000270460.2	ENSG00000270460
ENST00000737386.1	ENSG00000270460.2	ENSG00000270460
ENST00000737387.1	ENSG00000270460.2	ENSG00000270460
ENST00000737388.1	ENSG00000270460.2	ENSG00000270460
ENST00000737389.1	ENSG00000270460.2	ENSG00000270460
ENST00000737390.1	ENSG00000270460.2	ENSG00000270460
ENST00000737391.1	ENSG00000270460.2	ENSG00000270460
ENST00000737392.1	ENSG00000270460.2	ENSG00000270460
ENST00000737393.1	ENSG00000270460.2	ENSG00000270460
ENST00000737394.1	ENSG00000270460.2	ENSG00000270460
ENST00000737395.1	ENSG00000270460.2	ENSG00000270460
ENST00000737396.1	ENSG00000270460.2	ENSG00000270460
ENST00000737397.1	ENSG00000270460.2	ENSG00000270460
ENST00000737398.1	ENSG00000270460.2	ENSG00000270460
ENST00000737399.1	ENSG00000270460.2	ENSG00000270460
ENST00000737400.1	ENSG00000270460.2	ENSG00000270460
ENST00000737401.1	ENSG00000270460.2	ENSG00000270460
ENST00000737402.1	ENSG00000270460.2	ENSG00000270460
ENST00000737403.1	ENSG00000270460.2	ENSG00000270460
ENST00000605740.1	ENSG00000270540.1	ENSG00000270540
ENST00000604340.1	ENSG00000270557.1	ENSG00000270557
ENST00000603521.1	ENSG00000270574.1	ENSG00000270574
ENST00000604052.1	ENSG00000270640.1	ENSG00000270640
ENST00000604818.3	ENSG00000270659.3	ENSG00000270659
ENST00000814271.1	ENSG00000270659.3	ENSG00000270659
ENST00000814272.1	ENSG00000270659.3	ENSG00000270659
ENST00000814273.1	ENSG00000270659.3	ENSG00000270659
ENST00000603472.1	ENSG00000270681.1	ENSG00000270681
ENST00000604845.1	ENSG00000270696.1	ENSG00000270696
ENST00000604692.1	ENSG00000270956.1	ENSG00000270956
ENST00000603612.1	ENSG00000270996.1	ENSG00000270996
ENST00000604215.1	ENSG00000271011.1	ENSG00000271011
ENST00000605334.1	ENSG00000271141.1	ENSG00000271141
ENST00000605739.1	ENSG00000271151.1	ENSG00000271151
ENST00000604448.1	ENSG00000271172.1	ENSG00000271172
ENST00000605537.2	ENSG00000271192.2	ENSG00000271192
ENST00000746139.1	ENSG00000271192.2	ENSG00000271192
ENST00000746140.1	ENSG00000271192.2	ENSG00000271192
ENST00000746142.1	ENSG00000271192.2	ENSG00000271192
ENST00000746143.1	ENSG00000271192.2	ENSG00000271192
ENST00000746144.1	ENSG00000271192.2	ENSG00000271192
ENST00000746145.1	ENSG00000271192.2	ENSG00000271192
ENST00000746146.1	ENSG00000271192.2	ENSG00000271192
ENST00000746149.1	ENSG00000271192.2	ENSG00000271192
ENST00000746150.1	ENSG00000271192.2	ENSG00000271192
ENST00000605811.1	ENSG00000271228.1	ENSG00000271228
ENST00000603401.1	ENSG00000271252.1	ENSG00000271252
ENST00000604239.1	ENSG00000271320.1	ENSG00000271320
ENST00000604219.1	ENSG00000271452.1	ENSG00000271452
ENST00000603748.1	ENSG00000271590.1	ENSG00000271590
ENST00000603982.1	ENSG00000271653.1	ENSG00000271653
ENST00000607849.1	ENSG00000271716.1	ENSG00000271716
ENST00000607670.1	ENSG00000271746.1	ENSG00000271746
ENST00000606839.1	ENSG00000271778.1	ENSG00000271778
ENST00000607068.1	ENSG00000271781.1	ENSG00000271781
ENST00000606154.1	ENSG00000271811.1	ENSG00000271811
ENST00000606180.1	ENSG00000271825.1	ENSG00000271825
ENST00000716660.1	ENSG00000271855.2	ENSG00000271855
ENST00000716661.1	ENSG00000271855.2	ENSG00000271855
ENST00000716662.1	ENSG00000271855.2	ENSG00000271855
ENST00000716663.1	ENSG00000271855.2	ENSG00000271855
ENST00000716664.1	ENSG00000271855.2	ENSG00000271855
ENST00000716665.1	ENSG00000271855.2	ENSG00000271855
ENST00000716666.1	ENSG00000271855.2	ENSG00000271855
ENST00000830795.1	ENSG00000271855.2	ENSG00000271855
ENST00000830796.1	ENSG00000271855.2	ENSG00000271855
ENST00000606259.5	ENSG00000271858.5	ENSG00000271858
ENST00000606665.5	ENSG00000271858.5	ENSG00000271858
ENST00000607088.5	ENSG00000271858.5	ENSG00000271858
ENST00000607121.5	ENSG00000271858.5	ENSG00000271858
ENST00000607362.1	ENSG00000271858.5	ENSG00000271858
ENST00000607583.1	ENSG00000271858.5	ENSG00000271858
ENST00000847877.1	ENSG00000271860.10	ENSG00000271860
ENST00000607625.1	ENSG00000271862.1	ENSG00000271862
ENST00000607540.2	ENSG00000271894.2	ENSG00000271894
ENST00000717261.1	ENSG00000271894.2	ENSG00000271894
ENST00000607752.1	ENSG00000271917.1	ENSG00000271917
ENST00000607027.1	ENSG00000271926.1	ENSG00000271926
ENST00000606114.1	ENSG00000271936.1	ENSG00000271936
ENST00000607464.1	ENSG00000271964.1	ENSG00000271964
ENST00000607679.1	ENSG00000271992.1	ENSG00000271992
ENST00000607744.1	ENSG00000271993.1	ENSG00000271993
ENST00000606200.1	ENSG00000271996.1	ENSG00000271996
ENST00000848397.1	ENSG00000272004.2	ENSG00000272004
ENST00000607611.1	ENSG00000272033.1	ENSG00000272033
ENST00000606229.1	ENSG00000272054.1	ENSG00000272054
ENST00000606008.1	ENSG00000272077.1	ENSG00000272077
ENST00000606802.1	ENSG00000272078.1	ENSG00000272078
ENST00000606527.1	ENSG00000272100.1	ENSG00000272100
ENST00000605892.2	ENSG00000272103.2	ENSG00000272103
ENST00000606346.1	ENSG00000272109.2	ENSG00000272109
ENST00000606656.1	ENSG00000272109.2	ENSG00000272109
ENST00000667085.1	ENSG00000272109.2	ENSG00000272109
ENST00000607459.1	ENSG00000272153.1	ENSG00000272153
ENST00000607338.1	ENSG00000272175.1	ENSG00000272175
ENST00000717257.1	ENSG00000272180.2	ENSG00000272180
ENST00000605919.1	ENSG00000272181.1	ENSG00000272181
ENST00000607214.1	ENSG00000272182.1	ENSG00000272182
ENST00000606287.1	ENSG00000272183.1	ENSG00000272183
ENST00000823055.1	ENSG00000272202.2	ENSG00000272202
ENST00000606818.1	ENSG00000272211.1	ENSG00000272211
ENST00000607759.1	ENSG00000272362.1	ENSG00000272362
ENST00000607321.2	ENSG00000272371.2	ENSG00000272371
ENST00000807137.1	ENSG00000272371.2	ENSG00000272371
ENST00000807138.1	ENSG00000272371.2	ENSG00000272371
ENST00000807139.1	ENSG00000272371.2	ENSG00000272371
ENST00000807140.1	ENSG00000272371.2	ENSG00000272371
ENST00000607698.1	ENSG00000272432.1	ENSG00000272432
ENST00000607245.1	ENSG00000272434.2	ENSG00000272434
ENST00000605920.1	ENSG00000272447.1	ENSG00000272447
ENST00000606645.4	ENSG00000272449.4	ENSG00000272449
ENST00000606330.1	ENSG00000272483.1	ENSG00000272483
ENST00000607363.1	ENSG00000272498.1	ENSG00000272498
ENST00000606713.1	ENSG00000272529.1	ENSG00000272529
ENST00000608881.1	ENSG00000272555.1	ENSG00000272555
ENST00000609669.1	ENSG00000272574.1	ENSG00000272574
ENST00000609969.1	ENSG00000272597.1	ENSG00000272597
ENST00000607970.3	ENSG00000272622.3	ENSG00000272622
ENST00000668519.2	ENSG00000272622.3	ENSG00000272622
ENST00000727652.1	ENSG00000272622.3	ENSG00000272622
ENST00000727653.1	ENSG00000272622.3	ENSG00000272622
ENST00000727654.1	ENSG00000272622.3	ENSG00000272622
ENST00000727655.1	ENSG00000272622.3	ENSG00000272622
ENST00000727656.1	ENSG00000272622.3	ENSG00000272622
ENST00000727657.1	ENSG00000272622.3	ENSG00000272622
ENST00000727658.1	ENSG00000272622.3	ENSG00000272622
ENST00000727659.1	ENSG00000272622.3	ENSG00000272622
ENST00000727660.1	ENSG00000272622.3	ENSG00000272622
ENST00000727661.1	ENSG00000272622.3	ENSG00000272622
ENST00000727662.1	ENSG00000272622.3	ENSG00000272622
ENST00000727663.1	ENSG00000272622.3	ENSG00000272622
ENST00000727664.1	ENSG00000272622.3	ENSG00000272622
ENST00000727665.1	ENSG00000272622.3	ENSG00000272622
ENST00000727666.1	ENSG00000272622.3	ENSG00000272622
ENST00000727667.1	ENSG00000272622.3	ENSG00000272622
ENST00000727668.1	ENSG00000272622.3	ENSG00000272622
ENST00000608088.1	ENSG00000272632.1	ENSG00000272632
ENST00000609350.1	ENSG00000272667.1	ENSG00000272667
ENST00000608430.2	ENSG00000272668.3	ENSG00000272668
ENST00000702985.2	ENSG00000272668.3	ENSG00000272668
ENST00000717030.1	ENSG00000272668.3	ENSG00000272668
ENST00000775419.1	ENSG00000272668.3	ENSG00000272668
ENST00000608671.1	ENSG00000272672.1	ENSG00000272672
ENST00000608436.1	ENSG00000272678.1	ENSG00000272678
ENST00000608612.2	ENSG00000272702.2	ENSG00000272702
ENST00000610134.1	ENSG00000272702.2	ENSG00000272702
ENST00000821089.1	ENSG00000272702.2	ENSG00000272702
ENST00000608402.1	ENSG00000272717.1	ENSG00000272717
ENST00000608204.1	ENSG00000272744.1	ENSG00000272744
ENST00000608925.1	ENSG00000272754.1	ENSG00000272754
ENST00000609121.1	ENSG00000272797.1	ENSG00000272797
ENST00000608537.2	ENSG00000272800.4	ENSG00000272800
ENST00000661621.1	ENSG00000272800.4	ENSG00000272800
ENST00000841373.1	ENSG00000272800.4	ENSG00000272800
ENST00000841374.1	ENSG00000272800.4	ENSG00000272800
ENST00000608095.1	ENSG00000272807.1	ENSG00000272807
ENST00000609090.1	ENSG00000272812.1	ENSG00000272812
ENST00000609678.1	ENSG00000272824.1	ENSG00000272824
ENST00000608243.1	ENSG00000272855.1	ENSG00000272855
ENST00000421878.2	ENSG00000272865.3	ENSG00000272865
ENST00000656612.1	ENSG00000272865.3	ENSG00000272865
ENST00000666166.1	ENSG00000272865.3	ENSG00000272865
ENST00000666220.1	ENSG00000272865.3	ENSG00000272865
ENST00000821906.1	ENSG00000272865.3	ENSG00000272865
ENST00000821907.1	ENSG00000272865.3	ENSG00000272865
ENST00000822048.1	ENSG00000272865.3	ENSG00000272865
ENST00000609771.1	ENSG00000272885.1	ENSG00000272885
ENST00000609172.2	ENSG00000272927.2	ENSG00000272927
ENST00000784562.1	ENSG00000272927.2	ENSG00000272927
ENST00000784563.1	ENSG00000272927.2	ENSG00000272927
ENST00000610267.1	ENSG00000272936.1	ENSG00000272936
ENST00000609776.1	ENSG00000272944.1	ENSG00000272944
ENST00000609491.1	ENSG00000272966.1	ENSG00000272966
ENST00000610001.2	ENSG00000272970.6	ENSG00000272970
ENST00000660522.1	ENSG00000272970.6	ENSG00000272970
ENST00000663807.1	ENSG00000272970.6	ENSG00000272970
ENST00000665864.2	ENSG00000272970.6	ENSG00000272970
ENST00000666332.1	ENSG00000272970.6	ENSG00000272970
ENST00000671525.1	ENSG00000272970.6	ENSG00000272970
ENST00000693086.1	ENSG00000272970.6	ENSG00000272970
ENST00000700841.1	ENSG00000272970.6	ENSG00000272970
ENST00000716396.1	ENSG00000272970.6	ENSG00000272970
ENST00000716397.1	ENSG00000272970.6	ENSG00000272970
ENST00000716398.1	ENSG00000272970.6	ENSG00000272970
ENST00000716400.1	ENSG00000272970.6	ENSG00000272970
ENST00000609599.1	ENSG00000272986.1	ENSG00000272986
ENST00000610199.1	ENSG00000272995.1	ENSG00000272995
ENST00000609881.2	ENSG00000273004.2	ENSG00000273004
ENST00000809379.1	ENSG00000273004.2	ENSG00000273004
ENST00000809380.1	ENSG00000273004.2	ENSG00000273004
ENST00000809381.1	ENSG00000273004.2	ENSG00000273004
ENST00000809382.1	ENSG00000273004.2	ENSG00000273004
ENST00000608056.1	ENSG00000273006.1	ENSG00000273006
ENST00000609118.1	ENSG00000273010.1	ENSG00000273010
ENST00000608147.1	ENSG00000273026.1	ENSG00000273026
ENST00000608934.1	ENSG00000273063.1	ENSG00000273063
ENST00000608069.1	ENSG00000273064.1	ENSG00000273064
ENST00000610262.3	ENSG00000273080.3	ENSG00000273080
ENST00000607963.1	ENSG00000273110.1	ENSG00000273110
ENST00000537821.2	ENSG00000273112.1	ENSG00000273112
ENST00000608316.1	ENSG00000273113.1	ENSG00000273113
ENST00000610058.2	ENSG00000273156.2	ENSG00000273156
ENST00000608909.1	ENSG00000273174.1	ENSG00000273174
ENST00000610145.3	ENSG00000273175.3	ENSG00000273175
ENST00000609103.1	ENSG00000273177.1	ENSG00000273177
ENST00000609032.1	ENSG00000273198.1	ENSG00000273198
ENST00000609247.2	ENSG00000273204.2	ENSG00000273204
ENST00000610230.1	ENSG00000273264.1	ENSG00000273264
ENST00000609955.1	ENSG00000273275.1	ENSG00000273275
ENST00000609422.1	ENSG00000273302.1	ENSG00000273302
ENST00000610252.1	ENSG00000273305.1	ENSG00000273305
ENST00000608144.1	ENSG00000273306.1	ENSG00000273306
ENST00000608482.1	ENSG00000273308.2	ENSG00000273308
ENST00000808222.1	ENSG00000273308.2	ENSG00000273308
ENST00000808224.1	ENSG00000273308.2	ENSG00000273308
ENST00000471537.3	ENSG00000273328.5	ENSG00000273328
ENST00000487368.4	ENSG00000273328.5	ENSG00000273328
ENST00000496604.5	ENSG00000273328.5	ENSG00000273328
ENST00000610233.1	ENSG00000273367.1	ENSG00000273367
ENST00000610089.1	ENSG00000273375.1	ENSG00000273375
ENST00000608190.1	ENSG00000273384.2	ENSG00000273384
ENST00000749847.1	ENSG00000273384.2	ENSG00000273384
ENST00000749848.1	ENSG00000273384.2	ENSG00000273384
ENST00000800041.1	ENSG00000273443.2	ENSG00000273443
ENST00000608733.1	ENSG00000273447.1	ENSG00000273447
ENST00000609770.1	ENSG00000273448.1	ENSG00000273448
ENST00000609356.1	ENSG00000273449.1	ENSG00000273449
ENST00000609005.1	ENSG00000273454.1	ENSG00000273454
ENST00000608555.5	ENSG00000273461.5	ENSG00000273461
ENST00000609937.3	ENSG00000273472.3	ENSG00000273472
ENST00000783277.1	ENSG00000273472.3	ENSG00000273472
ENST00000783279.1	ENSG00000273472.3	ENSG00000273472
ENST00000609675.1	ENSG00000273487.1	ENSG00000273487
ENST00000609225.1	ENSG00000273493.1	ENSG00000273493
ENST00000614487.1	ENSG00000274159.1	ENSG00000274159
ENST00000610572.1	ENSG00000274238.1	ENSG00000274238
ENST00000655610.2	ENSG00000274265.6	ENSG00000274265
ENST00000665384.2	ENSG00000274265.6	ENSG00000274265
ENST00000788418.1	ENSG00000274265.6	ENSG00000274265
ENST00000788419.1	ENSG00000274265.6	ENSG00000274265
ENST00000788426.1	ENSG00000274265.6	ENSG00000274265
ENST00000788428.1	ENSG00000274265.6	ENSG00000274265
ENST00000788429.1	ENSG00000274265.6	ENSG00000274265
ENST00000788430.1	ENSG00000274265.6	ENSG00000274265
ENST00000788434.1	ENSG00000274265.6	ENSG00000274265
ENST00000788435.1	ENSG00000274265.6	ENSG00000274265
ENST00000788440.1	ENSG00000274265.6	ENSG00000274265
ENST00000788442.1	ENSG00000274265.6	ENSG00000274265
ENST00000788443.1	ENSG00000274265.6	ENSG00000274265
ENST00000788451.1	ENSG00000274265.6	ENSG00000274265
ENST00000788452.1	ENSG00000274265.6	ENSG00000274265
ENST00000788453.1	ENSG00000274265.6	ENSG00000274265
ENST00000788454.1	ENSG00000274265.6	ENSG00000274265
ENST00000788456.1	ENSG00000274265.6	ENSG00000274265
ENST00000612997.1	ENSG00000274281.1	ENSG00000274281
ENST00000614663.5	ENSG00000274372.6	ENSG00000274372
ENST00000617309.1	ENSG00000274372.6	ENSG00000274372
ENST00000659447.1	ENSG00000274372.6	ENSG00000274372
ENST00000668298.1	ENSG00000274372.6	ENSG00000274372
ENST00000740838.1	ENSG00000274372.6	ENSG00000274372
ENST00000740839.1	ENSG00000274372.6	ENSG00000274372
ENST00000740840.1	ENSG00000274372.6	ENSG00000274372
ENST00000740841.1	ENSG00000274372.6	ENSG00000274372
ENST00000740843.1	ENSG00000274372.6	ENSG00000274372
ENST00000740844.1	ENSG00000274372.6	ENSG00000274372
ENST00000740848.1	ENSG00000274372.6	ENSG00000274372
ENST00000740849.1	ENSG00000274372.6	ENSG00000274372
ENST00000740851.1	ENSG00000274372.6	ENSG00000274372
ENST00000740852.1	ENSG00000274372.6	ENSG00000274372
ENST00000740853.1	ENSG00000274372.6	ENSG00000274372
ENST00000740854.1	ENSG00000274372.6	ENSG00000274372
ENST00000740855.1	ENSG00000274372.6	ENSG00000274372
ENST00000740856.1	ENSG00000274372.6	ENSG00000274372
ENST00000740857.1	ENSG00000274372.6	ENSG00000274372
ENST00000740858.1	ENSG00000274372.6	ENSG00000274372
ENST00000740859.1	ENSG00000274372.6	ENSG00000274372
ENST00000740860.1	ENSG00000274372.6	ENSG00000274372
ENST00000740861.1	ENSG00000274372.6	ENSG00000274372
ENST00000740862.1	ENSG00000274372.6	ENSG00000274372
ENST00000740863.1	ENSG00000274372.6	ENSG00000274372
ENST00000740864.1	ENSG00000274372.6	ENSG00000274372
ENST00000740865.1	ENSG00000274372.6	ENSG00000274372
ENST00000740866.1	ENSG00000274372.6	ENSG00000274372
ENST00000740867.1	ENSG00000274372.6	ENSG00000274372
ENST00000740868.1	ENSG00000274372.6	ENSG00000274372
ENST00000740869.1	ENSG00000274372.6	ENSG00000274372
ENST00000740870.1	ENSG00000274372.6	ENSG00000274372
ENST00000740871.1	ENSG00000274372.6	ENSG00000274372
ENST00000740872.1	ENSG00000274372.6	ENSG00000274372
ENST00000740873.1	ENSG00000274372.6	ENSG00000274372
ENST00000740874.1	ENSG00000274372.6	ENSG00000274372
ENST00000740875.1	ENSG00000274372.6	ENSG00000274372
ENST00000740876.1	ENSG00000274372.6	ENSG00000274372
ENST00000740877.1	ENSG00000274372.6	ENSG00000274372
ENST00000615819.1	ENSG00000274387.1	ENSG00000274387
ENST00000620050.1	ENSG00000274629.2	ENSG00000274629
ENST00000622296.1	ENSG00000274629.2	ENSG00000274629
ENST00000840469.1	ENSG00000274629.2	ENSG00000274629
ENST00000840470.1	ENSG00000274629.2	ENSG00000274629
ENST00000840471.1	ENSG00000274629.2	ENSG00000274629
ENST00000840472.1	ENSG00000274629.2	ENSG00000274629
ENST00000840473.1	ENSG00000274629.2	ENSG00000274629
ENST00000840474.1	ENSG00000274629.2	ENSG00000274629
ENST00000462959.2	ENSG00000274769.1	ENSG00000274769
ENST00000747676.1	ENSG00000276216.2	ENSG00000276216
ENST00000616097.1	ENSG00000276266.2	ENSG00000276266
ENST00000809515.1	ENSG00000276266.2	ENSG00000276266
ENST00000809516.1	ENSG00000276266.2	ENSG00000276266
ENST00000809518.1	ENSG00000276266.2	ENSG00000276266
ENST00000610331.1	ENSG00000276334.1	ENSG00000276334
ENST00000457815.1	ENSG00000276407.6	ENSG00000276407
ENST00000716444.1	ENSG00000276407.6	ENSG00000276407
ENST00000716445.1	ENSG00000276407.6	ENSG00000276407
ENST00000716446.1	ENSG00000276407.6	ENSG00000276407
ENST00000753959.1	ENSG00000276407.6	ENSG00000276407
ENST00000753960.1	ENSG00000276407.6	ENSG00000276407
ENST00000753962.1	ENSG00000276407.6	ENSG00000276407
ENST00000753963.1	ENSG00000276407.6	ENSG00000276407
ENST00000753964.1	ENSG00000276407.6	ENSG00000276407
ENST00000617415.1	ENSG00000276517.1	ENSG00000276517
ENST00000620420.1	ENSG00000276542.1	ENSG00000276542
ENST00000613697.1	ENSG00000276997.4	ENSG00000276997
ENST00000617077.1	ENSG00000276997.4	ENSG00000276997
ENST00000617276.1	ENSG00000276997.4	ENSG00000276997
ENST00000612055.1	ENSG00000277007.1	ENSG00000277007
ENST00000611499.1	ENSG00000277680.1	ENSG00000277680
ENST00000621050.1	ENSG00000277825.1	ENSG00000277825
ENST00000613067.2	ENSG00000277855.2	ENSG00000277855
ENST00000850029.1	ENSG00000277855.2	ENSG00000277855
ENST00000850030.1	ENSG00000277855.2	ENSG00000277855
ENST00000850031.1	ENSG00000277855.2	ENSG00000277855
ENST00000850032.1	ENSG00000277855.2	ENSG00000277855
ENST00000850033.1	ENSG00000277855.2	ENSG00000277855
ENST00000850034.1	ENSG00000277855.2	ENSG00000277855
ENST00000850035.1	ENSG00000277855.2	ENSG00000277855
ENST00000850036.1	ENSG00000277855.2	ENSG00000277855
ENST00000850037.1	ENSG00000277855.2	ENSG00000277855
ENST00000850038.1	ENSG00000277855.2	ENSG00000277855
ENST00000850039.1	ENSG00000277855.2	ENSG00000277855
ENST00000850040.1	ENSG00000277855.2	ENSG00000277855
ENST00000850041.1	ENSG00000277855.2	ENSG00000277855
ENST00000850042.1	ENSG00000277855.2	ENSG00000277855
ENST00000850043.1	ENSG00000277855.2	ENSG00000277855
ENST00000850044.1	ENSG00000277855.2	ENSG00000277855
ENST00000850045.1	ENSG00000277855.2	ENSG00000277855
ENST00000850046.1	ENSG00000277855.2	ENSG00000277855
ENST00000850047.1	ENSG00000277855.2	ENSG00000277855
ENST00000850048.1	ENSG00000277855.2	ENSG00000277855
ENST00000850049.1	ENSG00000277855.2	ENSG00000277855
ENST00000850050.1	ENSG00000277855.2	ENSG00000277855
ENST00000850051.1	ENSG00000277855.2	ENSG00000277855
ENST00000619113.1	ENSG00000277997.1	ENSG00000277997
ENST00000616257.1	ENSG00000278431.1	ENSG00000278431
ENST00000619226.1	ENSG00000278784.2	ENSG00000278784
ENST00000623014.1	ENSG00000278877.1	ENSG00000278877
ENST00000624427.1	ENSG00000278880.1	ENSG00000278880
ENST00000623248.1	ENSG00000278908.1	ENSG00000278908
ENST00000624837.1	ENSG00000278913.1	ENSG00000278913
ENST00000625169.1	ENSG00000278934.1	ENSG00000278934
ENST00000624774.1	ENSG00000278943.1	ENSG00000278943
ENST00000623488.1	ENSG00000278958.1	ENSG00000278958
ENST00000624477.1	ENSG00000278967.1	ENSG00000278967
ENST00000625026.1	ENSG00000278981.1	ENSG00000278981
ENST00000623143.1	ENSG00000279011.1	ENSG00000279011
ENST00000623567.1	ENSG00000279013.1	ENSG00000279013
ENST00000624730.1	ENSG00000279015.1	ENSG00000279015
ENST00000623173.1	ENSG00000279017.1	ENSG00000279017
ENST00000624070.1	ENSG00000279024.1	ENSG00000279024
ENST00000624123.1	ENSG00000279061.1	ENSG00000279061
ENST00000640049.1	ENSG00000279096.3	ENSG00000279096
ENST00000623979.1	ENSG00000279097.1	ENSG00000279097
ENST00000624517.2	ENSG00000279151.2	ENSG00000279151
ENST00000826918.1	ENSG00000279151.2	ENSG00000279151
ENST00000624339.1	ENSG00000279179.1	ENSG00000279179
ENST00000624449.1	ENSG00000279201.1	ENSG00000279201
ENST00000624749.1	ENSG00000279201.1	ENSG00000279201
ENST00000624511.1	ENSG00000279205.1	ENSG00000279205
ENST00000623784.2	ENSG00000279227.2	ENSG00000279227
ENST00000622979.1	ENSG00000279254.1	ENSG00000279254
ENST00000624004.1	ENSG00000279311.1	ENSG00000279311
ENST00000623861.1	ENSG00000279317.5	ENSG00000279317
ENST00000638886.1	ENSG00000279317.5	ENSG00000279317
ENST00000639259.3	ENSG00000279317.5	ENSG00000279317
ENST00000686535.3	ENSG00000279317.5	ENSG00000279317
ENST00000796068.1	ENSG00000279317.5	ENSG00000279317
ENST00000622945.1	ENSG00000279324.1	ENSG00000279324
ENST00000625140.1	ENSG00000279333.1	ENSG00000279333
ENST00000623250.1	ENSG00000279348.1	ENSG00000279348
ENST00000623012.1	ENSG00000279376.1	ENSG00000279376
ENST00000624842.1	ENSG00000279384.1	ENSG00000279384
ENST00000622958.1	ENSG00000279401.1	ENSG00000279401
ENST00000623470.1	ENSG00000279417.1	ENSG00000279417
ENST00000624273.1	ENSG00000279443.1	ENSG00000279443
ENST00000625015.1	ENSG00000279450.1	ENSG00000279450
ENST00000623308.1	ENSG00000279464.1	ENSG00000279464
ENST00000624280.1	ENSG00000279465.1	ENSG00000279465
ENST00000623435.1	ENSG00000279513.1	ENSG00000279513
ENST00000623500.1	ENSG00000279531.1	ENSG00000279531
ENST00000623116.1	ENSG00000279544.1	ENSG00000279544
ENST00000623353.1	ENSG00000279557.1	ENSG00000279557
ENST00000624360.1	ENSG00000279598.1	ENSG00000279598
ENST00000624658.1	ENSG00000279667.1	ENSG00000279667
ENST00000624478.1	ENSG00000279721.1	ENSG00000279721
ENST00000623822.1	ENSG00000279737.1	ENSG00000279737
ENST00000623669.1	ENSG00000279774.1	ENSG00000279774
ENST00000624175.1	ENSG00000279839.1	ENSG00000279839
ENST00000624823.1	ENSG00000279883.1	ENSG00000279883
ENST00000623902.1	ENSG00000279912.1	ENSG00000279912
ENST00000624114.1	ENSG00000279913.1	ENSG00000279913
ENST00000623069.1	ENSG00000279918.1	ENSG00000279918
ENST00000624347.1	ENSG00000279946.1	ENSG00000279946
ENST00000624567.1	ENSG00000279957.1	ENSG00000279957
ENST00000623885.1	ENSG00000280005.1	ENSG00000280005
ENST00000624021.1	ENSG00000280009.1	ENSG00000280009
ENST00000624530.1	ENSG00000280015.1	ENSG00000280015
ENST00000624673.1	ENSG00000280017.1	ENSG00000280017
ENST00000624498.1	ENSG00000280020.1	ENSG00000280020
ENST00000625022.1	ENSG00000280053.1	ENSG00000280053
ENST00000624393.1	ENSG00000280059.1	ENSG00000280059
ENST00000624969.1	ENSG00000280105.1	ENSG00000280105
ENST00000624149.1	ENSG00000280154.1	ENSG00000280154
ENST00000624958.1	ENSG00000280157.1	ENSG00000280157
ENST00000624221.1	ENSG00000280159.1	ENSG00000280159
ENST00000624214.1	ENSG00000280173.1	ENSG00000280173
ENST00000624223.1	ENSG00000280185.1	ENSG00000280185
ENST00000623125.1	ENSG00000280219.1	ENSG00000280219
ENST00000624418.1	ENSG00000280222.1	ENSG00000280222
ENST00000623883.1	ENSG00000280234.1	ENSG00000280234
ENST00000623269.1	ENSG00000280241.5	ENSG00000280241
ENST00000623325.1	ENSG00000280241.5	ENSG00000280241
ENST00000624941.4	ENSG00000280241.5	ENSG00000280241
ENST00000660197.1	ENSG00000280241.5	ENSG00000280241
ENST00000839748.1	ENSG00000280241.5	ENSG00000280241
ENST00000839749.1	ENSG00000280241.5	ENSG00000280241
ENST00000839750.1	ENSG00000280241.5	ENSG00000280241
ENST00000839752.1	ENSG00000280241.5	ENSG00000280241
ENST00000839753.1	ENSG00000280241.5	ENSG00000280241
ENST00000839755.1	ENSG00000280241.5	ENSG00000280241
ENST00000839756.1	ENSG00000280241.5	ENSG00000280241
ENST00000839759.1	ENSG00000280241.5	ENSG00000280241
ENST00000622913.1	ENSG00000280242.1	ENSG00000280242
ENST00000624798.1	ENSG00000280251.1	ENSG00000280251
ENST00000624981.1	ENSG00000280262.1	ENSG00000280262
ENST00000624716.1	ENSG00000280270.1	ENSG00000280270
ENST00000625017.1	ENSG00000280284.1	ENSG00000280284
ENST00000624463.1	ENSG00000280285.1	ENSG00000280285
ENST00000624794.1	ENSG00000280310.1	ENSG00000280310
ENST00000623864.1	ENSG00000280323.1	ENSG00000280323
ENST00000624944.1	ENSG00000280360.1	ENSG00000280360
ENST00000623897.1	ENSG00000280369.1	ENSG00000280369
ENST00000624225.1	ENSG00000280390.1	ENSG00000280390
ENST00000624916.1	ENSG00000280399.1	ENSG00000280399
ENST00000623443.1	ENSG00000280417.1	ENSG00000280417
ENST00000623663.2	ENSG00000280425.3	ENSG00000280425
ENST00000623704.1	ENSG00000280449.1	ENSG00000280449
ENST00000630794.1	ENSG00000280538.1	ENSG00000280538
ENST00000626190.1	ENSG00000280552.1	ENSG00000280552
ENST00000626641.1	ENSG00000280666.1	ENSG00000280666
ENST00000630900.1	ENSG00000280770.1	ENSG00000280770
ENST00000630050.1	ENSG00000280906.1	ENSG00000280906
ENST00000629735.1	ENSG00000281102.1	ENSG00000281102
ENST00000630703.1	ENSG00000281104.1	ENSG00000281104
ENST00000631079.3	ENSG00000281160.3	ENSG00000281160
ENST00000807313.1	ENSG00000281160.3	ENSG00000281160
ENST00000626720.1	ENSG00000281188.1	ENSG00000281188
ENST00000434786.2	ENSG00000281195.1	ENSG00000281195
ENST00000628243.1	ENSG00000281210.1	ENSG00000281210
ENST00000628205.1	ENSG00000281360.1	ENSG00000281360
ENST00000625666.1	ENSG00000281469.1	ENSG00000281469
ENST00000627514.1	ENSG00000281470.1	ENSG00000281470
ENST00000628937.1	ENSG00000281571.2	ENSG00000281571
ENST00000638358.1	ENSG00000281571.2	ENSG00000281571
ENST00000626088.1	ENSG00000281741.2	ENSG00000281741
ENST00000640686.1	ENSG00000281741.2	ENSG00000281741
ENST00000625973.1	ENSG00000281772.1	ENSG00000281772
ENST00000628712.1	ENSG00000281806.1	ENSG00000281806
ENST00000630903.1	ENSG00000281806.1	ENSG00000281806
ENST00000628676.1	ENSG00000281821.1	ENSG00000281821
ENST00000632346.2	ENSG00000282024.2	ENSG00000282024
ENST00000632517.3	ENSG00000282048.3	ENSG00000282048
ENST00000632063.2	ENSG00000282097.2	ENSG00000282097
ENST00000837616.1	ENSG00000282097.2	ENSG00000282097
ENST00000837617.1	ENSG00000282097.2	ENSG00000282097
ENST00000837618.1	ENSG00000282097.2	ENSG00000282097
ENST00000837619.1	ENSG00000282097.2	ENSG00000282097
ENST00000837620.1	ENSG00000282097.2	ENSG00000282097
ENST00000837621.1	ENSG00000282097.2	ENSG00000282097
ENST00000837622.1	ENSG00000282097.2	ENSG00000282097
ENST00000837623.1	ENSG00000282097.2	ENSG00000282097
ENST00000837625.1	ENSG00000282097.2	ENSG00000282097
ENST00000837629.1	ENSG00000282097.2	ENSG00000282097
ENST00000837631.1	ENSG00000282097.2	ENSG00000282097
ENST00000837632.1	ENSG00000282097.2	ENSG00000282097
ENST00000837633.1	ENSG00000282097.2	ENSG00000282097
ENST00000837634.1	ENSG00000282097.2	ENSG00000282097
ENST00000837635.1	ENSG00000282097.2	ENSG00000282097
ENST00000837636.1	ENSG00000282097.2	ENSG00000282097
ENST00000633763.1	ENSG00000282143.2	ENSG00000282143
ENST00000719614.1	ENSG00000282143.2	ENSG00000282143
ENST00000633182.2	ENSG00000282221.2	ENSG00000282221
ENST00000568189.6	ENSG00000282304.2	ENSG00000282304
ENST00000632004.1	ENSG00000282317.1	ENSG00000282317
ENST00000633140.1	ENSG00000282386.1	ENSG00000282386
ENST00000632561.2	ENSG00000282418.2	ENSG00000282418
ENST00000822092.1	ENSG00000282418.2	ENSG00000282418
ENST00000822094.1	ENSG00000282418.2	ENSG00000282418
ENST00000822096.1	ENSG00000282418.2	ENSG00000282418
ENST00000822098.1	ENSG00000282418.2	ENSG00000282418
ENST00000633154.1	ENSG00000282535.1	ENSG00000282535
ENST00000633012.1	ENSG00000282564.4	ENSG00000282564
ENST00000689608.2	ENSG00000282564.4	ENSG00000282564
ENST00000702371.2	ENSG00000282564.4	ENSG00000282564
ENST00000702785.1	ENSG00000282564.4	ENSG00000282564
ENST00000812149.1	ENSG00000282564.4	ENSG00000282564
ENST00000812150.1	ENSG00000282564.4	ENSG00000282564
ENST00000812151.1	ENSG00000282564.4	ENSG00000282564
ENST00000812153.1	ENSG00000282564.4	ENSG00000282564
ENST00000812155.1	ENSG00000282564.4	ENSG00000282564
ENST00000812156.1	ENSG00000282564.4	ENSG00000282564
ENST00000812157.1	ENSG00000282564.4	ENSG00000282564
ENST00000812158.1	ENSG00000282564.4	ENSG00000282564
ENST00000812159.1	ENSG00000282564.4	ENSG00000282564
ENST00000812160.1	ENSG00000282564.4	ENSG00000282564
ENST00000812161.1	ENSG00000282564.4	ENSG00000282564
ENST00000812162.1	ENSG00000282564.4	ENSG00000282564
ENST00000812163.1	ENSG00000282564.4	ENSG00000282564
ENST00000812164.1	ENSG00000282564.4	ENSG00000282564
ENST00000812165.1	ENSG00000282564.4	ENSG00000282564
ENST00000812166.1	ENSG00000282564.4	ENSG00000282564
ENST00000812167.1	ENSG00000282564.4	ENSG00000282564
ENST00000632866.2	ENSG00000282718.2	ENSG00000282718
ENST00000731038.1	ENSG00000282718.2	ENSG00000282718
ENST00000731039.1	ENSG00000282718.2	ENSG00000282718
ENST00000731040.1	ENSG00000282718.2	ENSG00000282718
ENST00000731041.1	ENSG00000282718.2	ENSG00000282718
ENST00000633568.1	ENSG00000282722.1	ENSG00000282722
ENST00000633433.1	ENSG00000282740.2	ENSG00000282740
ENST00000849132.1	ENSG00000282740.2	ENSG00000282740
ENST00000809388.1	ENSG00000282828.3	ENSG00000282828
ENST00000809392.1	ENSG00000282828.3	ENSG00000282828
ENST00000809394.1	ENSG00000282828.3	ENSG00000282828
ENST00000809396.1	ENSG00000282828.3	ENSG00000282828
ENST00000809398.1	ENSG00000282828.3	ENSG00000282828
ENST00000809399.1	ENSG00000282828.3	ENSG00000282828
ENST00000634985.2	ENSG00000283058.2	ENSG00000283058
ENST00000634873.1	ENSG00000283118.1	ENSG00000283118
ENST00000636210.2	ENSG00000283175.2	ENSG00000283175
ENST00000846218.1	ENSG00000283175.2	ENSG00000283175
ENST00000846220.1	ENSG00000283175.2	ENSG00000283175
ENST00000636928.1	ENSG00000283260.1	ENSG00000283260
ENST00000637852.1	ENSG00000283315.1	ENSG00000283315
ENST00000636429.1	ENSG00000283355.1	ENSG00000283355
ENST00000635800.1	ENSG00000283392.1	ENSG00000283392
ENST00000636386.1	ENSG00000283445.2	ENSG00000283445
ENST00000637377.2	ENSG00000283445.2	ENSG00000283445
ENST00000767021.1	ENSG00000283445.2	ENSG00000283445
ENST00000767022.1	ENSG00000283445.2	ENSG00000283445
ENST00000767023.1	ENSG00000283445.2	ENSG00000283445
ENST00000767024.1	ENSG00000283445.2	ENSG00000283445
ENST00000767025.1	ENSG00000283445.2	ENSG00000283445
ENST00000637634.1	ENSG00000283635.1	ENSG00000283635
ENST00000641839.1	ENSG00000283674.5	ENSG00000283674
ENST00000639699.1	ENSG00000283841.1	ENSG00000283841
ENST00000640557.1	ENSG00000283849.1	ENSG00000283849
ENST00000473426.1	ENSG00000283994.1	ENSG00000283994
ENST00000634812.2	ENSG00000283999.2	ENSG00000283999
ENST00000638287.1	ENSG00000284294.3	ENSG00000284294
ENST00000714325.1	ENSG00000284294.3	ENSG00000284294
ENST00000640097.1	ENSG00000284309.1	ENSG00000284309
ENST00000639425.1	ENSG00000284319.1	ENSG00000284319
ENST00000639334.1	ENSG00000284467.1	ENSG00000284467
ENST00000638236.1	ENSG00000284600.2	ENSG00000284600
ENST00000638628.1	ENSG00000284600.2	ENSG00000284600
ENST00000819239.1	ENSG00000284604.2	ENSG00000284604
ENST00000641650.1	ENSG00000284624.2	ENSG00000284624
ENST00000641552.2	ENSG00000284641.1	ENSG00000284641
ENST00000641937.1	ENSG00000284641.1	ENSG00000284641
ENST00000641011.1	ENSG00000284642.1	ENSG00000284642
ENST00000641062.1	ENSG00000284642.1	ENSG00000284642
ENST00000641335.1	ENSG00000284642.1	ENSG00000284642
ENST00000641456.1	ENSG00000284642.1	ENSG00000284642
ENST00000642132.1	ENSG00000284645.2	ENSG00000284645
ENST00000731162.1	ENSG00000284645.2	ENSG00000284645
ENST00000731163.1	ENSG00000284645.2	ENSG00000284645
ENST00000731164.1	ENSG00000284645.2	ENSG00000284645
ENST00000731165.1	ENSG00000284645.2	ENSG00000284645
ENST00000731166.1	ENSG00000284645.2	ENSG00000284645
ENST00000642110.1	ENSG00000284647.1	ENSG00000284647
ENST00000642067.2	ENSG00000284650.2	ENSG00000284650
ENST00000641729.1	ENSG00000284657.2	ENSG00000284657
ENST00000764674.1	ENSG00000284657.2	ENSG00000284657
ENST00000641308.1	ENSG00000284669.2	ENSG00000284669
ENST00000789754.1	ENSG00000284669.2	ENSG00000284669
ENST00000641702.1	ENSG00000284676.1	ENSG00000284676
ENST00000641176.1	ENSG00000284699.1	ENSG00000284699
ENST00000641463.2	ENSG00000284705.2	ENSG00000284705
ENST00000642131.1	ENSG00000284708.1	ENSG00000284708
ENST00000641382.1	ENSG00000284719.4	ENSG00000284719
ENST00000641632.1	ENSG00000284719.4	ENSG00000284719
ENST00000687309.2	ENSG00000284719.4	ENSG00000284719
ENST00000811594.1	ENSG00000284719.4	ENSG00000284719
ENST00000811596.1	ENSG00000284719.4	ENSG00000284719
ENST00000811601.1	ENSG00000284719.4	ENSG00000284719
ENST00000811602.1	ENSG00000284719.4	ENSG00000284719
ENST00000811605.1	ENSG00000284719.4	ENSG00000284719
ENST00000641271.1	ENSG00000284721.1	ENSG00000284721
ENST00000641772.1	ENSG00000284726.1	ENSG00000284726
ENST00000641099.2	ENSG00000284734.2	ENSG00000284734
ENST00000838210.1	ENSG00000284734.2	ENSG00000284734
ENST00000838212.1	ENSG00000284734.2	ENSG00000284734
ENST00000641267.2	ENSG00000284738.3	ENSG00000284738
ENST00000641448.2	ENSG00000284738.3	ENSG00000284738
ENST00000693317.2	ENSG00000284738.3	ENSG00000284738
ENST00000820656.1	ENSG00000284738.3	ENSG00000284738
ENST00000820657.1	ENSG00000284738.3	ENSG00000284738
ENST00000820658.1	ENSG00000284738.3	ENSG00000284738
ENST00000820659.1	ENSG00000284738.3	ENSG00000284738
ENST00000820660.1	ENSG00000284738.3	ENSG00000284738
ENST00000820661.1	ENSG00000284738.3	ENSG00000284738
ENST00000820662.1	ENSG00000284738.3	ENSG00000284738
ENST00000820663.1	ENSG00000284738.3	ENSG00000284738
ENST00000820664.1	ENSG00000284738.3	ENSG00000284738
ENST00000820665.1	ENSG00000284738.3	ENSG00000284738
ENST00000820667.1	ENSG00000284738.3	ENSG00000284738
ENST00000641757.1	ENSG00000284744.1	ENSG00000284744
ENST00000641354.1	ENSG00000284747.1	ENSG00000284747
ENST00000642135.1	ENSG00000284747.1	ENSG00000284747
ENST00000641190.2	ENSG00000284748.2	ENSG00000284748
ENST00000647399.2	ENSG00000284808.2	ENSG00000284808
ENST00000845154.1	ENSG00000284882.3	ENSG00000284882
ENST00000643055.1	ENSG00000284902.1	ENSG00000284902
ENST00000646967.2	ENSG00000284928.2	ENSG00000284928
ENST00000646352.1	ENSG00000285041.2	ENSG00000285041
ENST00000767917.1	ENSG00000285041.2	ENSG00000285041
ENST00000642115.2	ENSG00000285042.1	ENSG00000285042
ENST00000646875.2	ENSG00000285079.2	ENSG00000285079
ENST00000760543.1	ENSG00000285079.2	ENSG00000285079
ENST00000760544.1	ENSG00000285079.2	ENSG00000285079
ENST00000642747.1	ENSG00000285309.1	ENSG00000285309
ENST00000643511.1	ENSG00000285325.1	ENSG00000285325
ENST00000644783.1	ENSG00000285361.1	ENSG00000285361
ENST00000643361.1	ENSG00000285407.2	ENSG00000285407
ENST00000646995.2	ENSG00000285407.2	ENSG00000285407
ENST00000785694.1	ENSG00000285454.2	ENSG00000285454
ENST00000785695.1	ENSG00000285454.2	ENSG00000285454
ENST00000785701.1	ENSG00000285454.2	ENSG00000285454
ENST00000785702.1	ENSG00000285454.2	ENSG00000285454
ENST00000644104.1	ENSG00000285473.1	ENSG00000285473
ENST00000648961.1	ENSG00000285521.2	ENSG00000285521
ENST00000839048.1	ENSG00000285521.2	ENSG00000285521
ENST00000839049.1	ENSG00000285521.2	ENSG00000285521
ENST00000648283.1	ENSG00000285530.2	ENSG00000285530
ENST00000835180.1	ENSG00000285530.2	ENSG00000285530
ENST00000649515.1	ENSG00000285548.1	ENSG00000285548
ENST00000649977.1	ENSG00000285569.5	ENSG00000285569
ENST00000655171.1	ENSG00000285569.5	ENSG00000285569
ENST00000656821.1	ENSG00000285569.5	ENSG00000285569
ENST00000663962.1	ENSG00000285569.5	ENSG00000285569
ENST00000670708.1	ENSG00000285569.5	ENSG00000285569
ENST00000685495.2	ENSG00000285569.5	ENSG00000285569
ENST00000688947.2	ENSG00000285569.5	ENSG00000285569
ENST00000746804.1	ENSG00000285569.5	ENSG00000285569
ENST00000746805.1	ENSG00000285569.5	ENSG00000285569
ENST00000650347.1	ENSG00000285570.2	ENSG00000285570
ENST00000649387.1	ENSG00000285591.1	ENSG00000285591
ENST00000648464.2	ENSG00000285611.3	ENSG00000285611
ENST00000805377.1	ENSG00000285611.3	ENSG00000285611
ENST00000805378.1	ENSG00000285611.3	ENSG00000285611
ENST00000805379.1	ENSG00000285611.3	ENSG00000285611
ENST00000805380.1	ENSG00000285611.3	ENSG00000285611
ENST00000648975.1	ENSG00000285616.1	ENSG00000285616
ENST00000648543.1	ENSG00000285618.1	ENSG00000285618
ENST00000647973.1	ENSG00000285631.1	ENSG00000285631
ENST00000660618.1	ENSG00000285646.3	ENSG00000285646
ENST00000833918.1	ENSG00000285646.3	ENSG00000285646
ENST00000648930.1	ENSG00000285651.1	ENSG00000285651
ENST00000650235.1	ENSG00000285677.3	ENSG00000285677
ENST00000664369.2	ENSG00000285677.3	ENSG00000285677
ENST00000671325.2	ENSG00000285677.3	ENSG00000285677
ENST00000810685.1	ENSG00000285677.3	ENSG00000285677
ENST00000810686.1	ENSG00000285677.3	ENSG00000285677
ENST00000810687.1	ENSG00000285677.3	ENSG00000285677
ENST00000810688.1	ENSG00000285677.3	ENSG00000285677
ENST00000810689.1	ENSG00000285677.3	ENSG00000285677
ENST00000648932.1	ENSG00000285685.1	ENSG00000285685
ENST00000649201.1	ENSG00000285689.1	ENSG00000285689
ENST00000648956.1	ENSG00000285701.2	ENSG00000285701
ENST00000738599.1	ENSG00000285701.2	ENSG00000285701
ENST00000649558.2	ENSG00000285731.2	ENSG00000285731
ENST00000762764.1	ENSG00000285731.2	ENSG00000285731
ENST00000762765.1	ENSG00000285731.2	ENSG00000285731
ENST00000648920.2	ENSG00000285738.2	ENSG00000285738
ENST00000648206.1	ENSG00000285788.1	ENSG00000285788
ENST00000649991.1	ENSG00000285804.2	ENSG00000285804
ENST00000660186.1	ENSG00000285804.2	ENSG00000285804
ENST00000648578.1	ENSG00000285819.2	ENSG00000285819
ENST00000720612.1	ENSG00000285819.2	ENSG00000285819
ENST00000720613.1	ENSG00000285819.2	ENSG00000285819
ENST00000720614.1	ENSG00000285819.2	ENSG00000285819
ENST00000720615.1	ENSG00000285819.2	ENSG00000285819
ENST00000720616.1	ENSG00000285819.2	ENSG00000285819
ENST00000720617.1	ENSG00000285819.2	ENSG00000285819
ENST00000720618.1	ENSG00000285819.2	ENSG00000285819
ENST00000720619.1	ENSG00000285819.2	ENSG00000285819
ENST00000647576.1	ENSG00000285836.1	ENSG00000285836
ENST00000648141.1	ENSG00000285857.1	ENSG00000285857
ENST00000648968.1	ENSG00000285873.2	ENSG00000285873
ENST00000848577.1	ENSG00000285876.2	ENSG00000285876
ENST00000848578.1	ENSG00000285876.2	ENSG00000285876
ENST00000848579.1	ENSG00000285876.2	ENSG00000285876
ENST00000848580.1	ENSG00000285876.2	ENSG00000285876
ENST00000848581.1	ENSG00000285876.2	ENSG00000285876
ENST00000848582.1	ENSG00000285876.2	ENSG00000285876
ENST00000848583.1	ENSG00000285876.2	ENSG00000285876
ENST00000733149.1	ENSG00000285894.3	ENSG00000285894
ENST00000648569.2	ENSG00000285923.2	ENSG00000285923
ENST00000813885.1	ENSG00000285923.2	ENSG00000285923
ENST00000813886.1	ENSG00000285923.2	ENSG00000285923
ENST00000647620.1	ENSG00000285954.1	ENSG00000285954
ENST00000648697.1	ENSG00000285959.1	ENSG00000285959
ENST00000650360.1	ENSG00000285959.1	ENSG00000285959
ENST00000649475.1	ENSG00000285969.1	ENSG00000285969
ENST00000652205.1	ENSG00000285997.1	ENSG00000285997
ENST00000651017.2	ENSG00000286002.2	ENSG00000286002
ENST00000650913.1	ENSG00000286004.1	ENSG00000286004
ENST00000474753.2	ENSG00000286011.2	ENSG00000286011
ENST00000650829.1	ENSG00000286011.2	ENSG00000286011
ENST00000651365.1	ENSG00000286011.2	ENSG00000286011
ENST00000652602.1	ENSG00000286011.2	ENSG00000286011
ENST00000650675.1	ENSG00000286036.1	ENSG00000286036
ENST00000652035.3	ENSG00000286039.4	ENSG00000286039
ENST00000684811.1	ENSG00000286039.4	ENSG00000286039
ENST00000684846.2	ENSG00000286039.4	ENSG00000286039
ENST00000687541.2	ENSG00000286039.4	ENSG00000286039
ENST00000688075.2	ENSG00000286039.4	ENSG00000286039
ENST00000688267.2	ENSG00000286039.4	ENSG00000286039
ENST00000692288.2	ENSG00000286039.4	ENSG00000286039
ENST00000693691.3	ENSG00000286039.4	ENSG00000286039
ENST00000701555.2	ENSG00000286039.4	ENSG00000286039
ENST00000786340.1	ENSG00000286039.4	ENSG00000286039
ENST00000786341.1	ENSG00000286039.4	ENSG00000286039
ENST00000786342.1	ENSG00000286039.4	ENSG00000286039
ENST00000786346.1	ENSG00000286039.4	ENSG00000286039
ENST00000786347.1	ENSG00000286039.4	ENSG00000286039
ENST00000786348.1	ENSG00000286039.4	ENSG00000286039
ENST00000786349.1	ENSG00000286039.4	ENSG00000286039
ENST00000652200.1	ENSG00000286045.1	ENSG00000286045
ENST00000767385.1	ENSG00000286046.2	ENSG00000286046
ENST00000652283.1	ENSG00000286055.1	ENSG00000286055
ENST00000325390.7	ENSG00000286058.3	ENSG00000286058
ENST00000651005.1	ENSG00000286058.3	ENSG00000286058
ENST00000735566.1	ENSG00000286058.3	ENSG00000286058
ENST00000735568.1	ENSG00000286058.3	ENSG00000286058
ENST00000651100.1	ENSG00000286068.1	ENSG00000286068
ENST00000652416.1	ENSG00000286089.1	ENSG00000286089
ENST00000651073.1	ENSG00000286093.1	ENSG00000286093
ENST00000651732.1	ENSG00000286097.1	ENSG00000286097
ENST00000651956.2	ENSG00000286101.2	ENSG00000286101
ENST00000795003.1	ENSG00000286101.2	ENSG00000286101
ENST00000795007.1	ENSG00000286101.2	ENSG00000286101
ENST00000795010.1	ENSG00000286101.2	ENSG00000286101
ENST00000651271.1	ENSG00000286109.2	ENSG00000286109
ENST00000819429.1	ENSG00000286109.2	ENSG00000286109
ENST00000775379.1	ENSG00000286118.2	ENSG00000286118
ENST00000657726.1	ENSG00000286134.3	ENSG00000286134
ENST00000666970.1	ENSG00000286134.3	ENSG00000286134
ENST00000779680.1	ENSG00000286134.3	ENSG00000286134
ENST00000651728.2	ENSG00000286136.3	ENSG00000286136
ENST00000810390.1	ENSG00000286136.3	ENSG00000286136
ENST00000650982.2	ENSG00000286142.2	ENSG00000286142
ENST00000651019.1	ENSG00000286145.3	ENSG00000286145
ENST00000789619.1	ENSG00000286145.3	ENSG00000286145
ENST00000789620.1	ENSG00000286145.3	ENSG00000286145
ENST00000650850.1	ENSG00000286147.1	ENSG00000286147
ENST00000652064.1	ENSG00000286150.1	ENSG00000286150
ENST00000651729.1	ENSG00000286161.1	ENSG00000286161
ENST00000650701.3	ENSG00000286168.3	ENSG00000286168
ENST00000669433.2	ENSG00000286168.3	ENSG00000286168
ENST00000786798.1	ENSG00000286168.3	ENSG00000286168
ENST00000786799.1	ENSG00000286168.3	ENSG00000286168
ENST00000786800.1	ENSG00000286168.3	ENSG00000286168
ENST00000786801.1	ENSG00000286168.3	ENSG00000286168
ENST00000786802.1	ENSG00000286168.3	ENSG00000286168
ENST00000786803.1	ENSG00000286168.3	ENSG00000286168
ENST00000786804.1	ENSG00000286168.3	ENSG00000286168
ENST00000786805.1	ENSG00000286168.3	ENSG00000286168
ENST00000786806.1	ENSG00000286168.3	ENSG00000286168
ENST00000786807.1	ENSG00000286168.3	ENSG00000286168
ENST00000652404.1	ENSG00000286188.1	ENSG00000286188
ENST00000652635.1	ENSG00000286188.1	ENSG00000286188
ENST00000651229.2	ENSG00000286204.2	ENSG00000286204
ENST00000651141.1	ENSG00000286205.1	ENSG00000286205
ENST00000430692.1	ENSG00000286206.2	ENSG00000286206
ENST00000651223.2	ENSG00000286206.2	ENSG00000286206
ENST00000716118.1	ENSG00000286206.2	ENSG00000286206
ENST00000838203.1	ENSG00000286206.2	ENSG00000286206
ENST00000838204.1	ENSG00000286206.2	ENSG00000286206
ENST00000838205.1	ENSG00000286206.2	ENSG00000286206
ENST00000838206.1	ENSG00000286206.2	ENSG00000286206
ENST00000838207.1	ENSG00000286206.2	ENSG00000286206
ENST00000652012.1	ENSG00000286208.2	ENSG00000286208
ENST00000727993.1	ENSG00000286208.2	ENSG00000286208
ENST00000652642.1	ENSG00000286211.2	ENSG00000286211
ENST00000651680.1	ENSG00000286225.1	ENSG00000286225
ENST00000652376.1	ENSG00000286226.1	ENSG00000286226
ENST00000652350.1	ENSG00000286234.2	ENSG00000286234
ENST00000804440.1	ENSG00000286234.2	ENSG00000286234
ENST00000804441.1	ENSG00000286234.2	ENSG00000286234
ENST00000804442.1	ENSG00000286234.2	ENSG00000286234
ENST00000804443.1	ENSG00000286234.2	ENSG00000286234
ENST00000804444.1	ENSG00000286234.2	ENSG00000286234
ENST00000804445.1	ENSG00000286234.2	ENSG00000286234
ENST00000804446.1	ENSG00000286234.2	ENSG00000286234
ENST00000804447.1	ENSG00000286234.2	ENSG00000286234
ENST00000804448.1	ENSG00000286234.2	ENSG00000286234
ENST00000804449.1	ENSG00000286234.2	ENSG00000286234
ENST00000804450.1	ENSG00000286234.2	ENSG00000286234
ENST00000804451.1	ENSG00000286234.2	ENSG00000286234
ENST00000804452.1	ENSG00000286234.2	ENSG00000286234
ENST00000651142.1	ENSG00000286238.1	ENSG00000286238
ENST00000652566.1	ENSG00000286241.2	ENSG00000286241
ENST00000652530.1	ENSG00000286242.1	ENSG00000286242
ENST00000651116.1	ENSG00000286253.1	ENSG00000286253
ENST00000830441.1	ENSG00000286256.3	ENSG00000286256
ENST00000666451.1	ENSG00000286273.1	ENSG00000286273
ENST00000660250.2	ENSG00000286276.2	ENSG00000286276
ENST00000756396.1	ENSG00000286276.2	ENSG00000286276
ENST00000756397.1	ENSG00000286276.2	ENSG00000286276
ENST00000756398.1	ENSG00000286276.2	ENSG00000286276
ENST00000658112.2	ENSG00000286285.2	ENSG00000286285
ENST00000664477.1	ENSG00000286285.2	ENSG00000286285
ENST00000691564.2	ENSG00000286285.2	ENSG00000286285
ENST00000767305.1	ENSG00000286285.2	ENSG00000286285
ENST00000767306.1	ENSG00000286285.2	ENSG00000286285
ENST00000767307.1	ENSG00000286285.2	ENSG00000286285
ENST00000767308.1	ENSG00000286285.2	ENSG00000286285
ENST00000767309.1	ENSG00000286285.2	ENSG00000286285
ENST00000767310.1	ENSG00000286285.2	ENSG00000286285
ENST00000767311.1	ENSG00000286285.2	ENSG00000286285
ENST00000767312.1	ENSG00000286285.2	ENSG00000286285
ENST00000669555.1	ENSG00000286290.1	ENSG00000286290
ENST00000653472.1	ENSG00000286291.1	ENSG00000286291
ENST00000657862.1	ENSG00000286294.3	ENSG00000286294
ENST00000692387.1	ENSG00000286294.3	ENSG00000286294
ENST00000750022.1	ENSG00000286294.3	ENSG00000286294
ENST00000750023.1	ENSG00000286294.3	ENSG00000286294
ENST00000750024.1	ENSG00000286294.3	ENSG00000286294
ENST00000660753.1	ENSG00000286297.1	ENSG00000286297
ENST00000657874.1	ENSG00000286302.1	ENSG00000286302
ENST00000656551.1	ENSG00000286307.1	ENSG00000286307
ENST00000658886.1	ENSG00000286317.1	ENSG00000286317
ENST00000661355.1	ENSG00000286320.3	ENSG00000286320
ENST00000688177.2	ENSG00000286320.3	ENSG00000286320
ENST00000745217.1	ENSG00000286320.3	ENSG00000286320
ENST00000654003.2	ENSG00000286338.2	ENSG00000286338
ENST00000769875.1	ENSG00000286338.2	ENSG00000286338
ENST00000769877.1	ENSG00000286338.2	ENSG00000286338
ENST00000769878.1	ENSG00000286338.2	ENSG00000286338
ENST00000769879.1	ENSG00000286338.2	ENSG00000286338
ENST00000662034.1	ENSG00000286349.1	ENSG00000286349
ENST00000665745.2	ENSG00000286352.2	ENSG00000286352
ENST00000832481.1	ENSG00000286352.2	ENSG00000286352
ENST00000832482.1	ENSG00000286352.2	ENSG00000286352
ENST00000832483.1	ENSG00000286352.2	ENSG00000286352
ENST00000652985.1	ENSG00000286358.1	ENSG00000286358
ENST00000665043.2	ENSG00000286360.2	ENSG00000286360
ENST00000761080.1	ENSG00000286360.2	ENSG00000286360
ENST00000761081.1	ENSG00000286360.2	ENSG00000286360
ENST00000796639.1	ENSG00000286366.2	ENSG00000286366
ENST00000796640.1	ENSG00000286366.2	ENSG00000286366
ENST00000658567.1	ENSG00000286370.2	ENSG00000286370
ENST00000667105.1	ENSG00000286371.2	ENSG00000286371
ENST00000669874.1	ENSG00000286371.2	ENSG00000286371
ENST00000671296.1	ENSG00000286371.2	ENSG00000286371
ENST00000819311.1	ENSG00000286371.2	ENSG00000286371
ENST00000656270.1	ENSG00000286372.1	ENSG00000286372
ENST00000671652.2	ENSG00000286377.2	ENSG00000286377
ENST00000788568.1	ENSG00000286377.2	ENSG00000286377
ENST00000788569.1	ENSG00000286377.2	ENSG00000286377
ENST00000658878.2	ENSG00000286378.2	ENSG00000286378
ENST00000657488.1	ENSG00000286379.1	ENSG00000286379
ENST00000655658.1	ENSG00000286383.3	ENSG00000286383
ENST00000702552.1	ENSG00000286383.3	ENSG00000286383
ENST00000745313.1	ENSG00000286383.3	ENSG00000286383
ENST00000654998.2	ENSG00000286389.3	ENSG00000286389
ENST00000658160.1	ENSG00000286389.3	ENSG00000286389
ENST00000661157.1	ENSG00000286389.3	ENSG00000286389
ENST00000665412.1	ENSG00000286389.3	ENSG00000286389
ENST00000665817.2	ENSG00000286389.3	ENSG00000286389
ENST00000666622.1	ENSG00000286389.3	ENSG00000286389
ENST00000684869.2	ENSG00000286389.3	ENSG00000286389
ENST00000813403.1	ENSG00000286389.3	ENSG00000286389
ENST00000813404.1	ENSG00000286389.3	ENSG00000286389
ENST00000813405.1	ENSG00000286389.3	ENSG00000286389
ENST00000813406.1	ENSG00000286389.3	ENSG00000286389
ENST00000813407.1	ENSG00000286389.3	ENSG00000286389
ENST00000813408.1	ENSG00000286389.3	ENSG00000286389
ENST00000813409.1	ENSG00000286389.3	ENSG00000286389
ENST00000813410.1	ENSG00000286389.3	ENSG00000286389
ENST00000663688.2	ENSG00000286398.2	ENSG00000286398
ENST00000775179.1	ENSG00000286398.2	ENSG00000286398
ENST00000775180.1	ENSG00000286398.2	ENSG00000286398
ENST00000775181.1	ENSG00000286398.2	ENSG00000286398
ENST00000775182.1	ENSG00000286398.2	ENSG00000286398
ENST00000671345.1	ENSG00000286412.1	ENSG00000286412
ENST00000658639.1	ENSG00000286415.2	ENSG00000286415
ENST00000775638.1	ENSG00000286415.2	ENSG00000286415
ENST00000775640.1	ENSG00000286415.2	ENSG00000286415
ENST00000775646.1	ENSG00000286415.2	ENSG00000286415
ENST00000839866.1	ENSG00000286423.2	ENSG00000286423
ENST00000657197.2	ENSG00000286429.2	ENSG00000286429
ENST00000771341.1	ENSG00000286429.2	ENSG00000286429
ENST00000771342.1	ENSG00000286429.2	ENSG00000286429
ENST00000659286.1	ENSG00000286441.2	ENSG00000286441
ENST00000797471.1	ENSG00000286441.2	ENSG00000286441
ENST00000797472.1	ENSG00000286441.2	ENSG00000286441
ENST00000797473.1	ENSG00000286441.2	ENSG00000286441
ENST00000797474.1	ENSG00000286441.2	ENSG00000286441
ENST00000655812.1	ENSG00000286453.2	ENSG00000286453
ENST00000716322.1	ENSG00000286453.2	ENSG00000286453
ENST00000805119.1	ENSG00000286453.2	ENSG00000286453
ENST00000805120.1	ENSG00000286453.2	ENSG00000286453
ENST00000663274.1	ENSG00000286455.2	ENSG00000286455
ENST00000748856.1	ENSG00000286455.2	ENSG00000286455
ENST00000702124.2	ENSG00000286456.4	ENSG00000286456
ENST00000752056.1	ENSG00000286456.4	ENSG00000286456
ENST00000812498.1	ENSG00000286473.2	ENSG00000286473
ENST00000812499.1	ENSG00000286473.2	ENSG00000286473
ENST00000812501.1	ENSG00000286473.2	ENSG00000286473
ENST00000657946.1	ENSG00000286480.1	ENSG00000286480
ENST00000770505.1	ENSG00000286481.3	ENSG00000286481
ENST00000770506.1	ENSG00000286481.3	ENSG00000286481
ENST00000819387.1	ENSG00000286481.3	ENSG00000286481
ENST00000819524.1	ENSG00000286481.3	ENSG00000286481
ENST00000819527.1	ENSG00000286481.3	ENSG00000286481
ENST00000819528.1	ENSG00000286481.3	ENSG00000286481
ENST00000819529.1	ENSG00000286481.3	ENSG00000286481
ENST00000819530.1	ENSG00000286481.3	ENSG00000286481
ENST00000655079.1	ENSG00000286486.1	ENSG00000286486
ENST00000655181.1	ENSG00000286496.2	ENSG00000286496
ENST00000655863.1	ENSG00000286496.2	ENSG00000286496
ENST00000670763.1	ENSG00000286496.2	ENSG00000286496
ENST00000812026.1	ENSG00000286496.2	ENSG00000286496
ENST00000812027.1	ENSG00000286496.2	ENSG00000286496
ENST00000812029.1	ENSG00000286496.2	ENSG00000286496
ENST00000835410.1	ENSG00000286503.2	ENSG00000286503
ENST00000835413.1	ENSG00000286503.2	ENSG00000286503
ENST00000835414.1	ENSG00000286503.2	ENSG00000286503
ENST00000835415.1	ENSG00000286503.2	ENSG00000286503
ENST00000658792.1	ENSG00000286515.1	ENSG00000286515
ENST00000656440.1	ENSG00000286523.2	ENSG00000286523
ENST00000658930.1	ENSG00000286523.2	ENSG00000286523
ENST00000685729.3	ENSG00000286525.4	ENSG00000286525
ENST00000687379.2	ENSG00000286525.4	ENSG00000286525
ENST00000701251.1	ENSG00000286525.4	ENSG00000286525
ENST00000826419.1	ENSG00000286525.4	ENSG00000286525
ENST00000653962.2	ENSG00000286530.2	ENSG00000286530
ENST00000762847.1	ENSG00000286530.2	ENSG00000286530
ENST00000667372.1	ENSG00000286531.2	ENSG00000286531
ENST00000776083.1	ENSG00000286531.2	ENSG00000286531
ENST00000776084.1	ENSG00000286531.2	ENSG00000286531
ENST00000665990.1	ENSG00000286539.1	ENSG00000286539
ENST00000658746.1	ENSG00000286543.2	ENSG00000286543
ENST00000736920.1	ENSG00000286543.2	ENSG00000286543
ENST00000736921.1	ENSG00000286543.2	ENSG00000286543
ENST00000655033.1	ENSG00000286552.2	ENSG00000286552
ENST00000810720.1	ENSG00000286552.2	ENSG00000286552
ENST00000803677.1	ENSG00000286558.2	ENSG00000286558
ENST00000660274.1	ENSG00000286568.1	ENSG00000286568
ENST00000670948.1	ENSG00000286574.1	ENSG00000286574
ENST00000654869.1	ENSG00000286580.2	ENSG00000286580
ENST00000795142.1	ENSG00000286580.2	ENSG00000286580
ENST00000662071.2	ENSG00000286581.2	ENSG00000286581
ENST00000816234.1	ENSG00000286584.4	ENSG00000286584
ENST00000653103.3	ENSG00000286585.4	ENSG00000286585
ENST00000692713.2	ENSG00000286585.4	ENSG00000286585
ENST00000701103.2	ENSG00000286585.4	ENSG00000286585
ENST00000701220.2	ENSG00000286585.4	ENSG00000286585
ENST00000702168.2	ENSG00000286585.4	ENSG00000286585
ENST00000771982.1	ENSG00000286585.4	ENSG00000286585
ENST00000771983.1	ENSG00000286585.4	ENSG00000286585
ENST00000771984.1	ENSG00000286585.4	ENSG00000286585
ENST00000771985.1	ENSG00000286585.4	ENSG00000286585
ENST00000771986.1	ENSG00000286585.4	ENSG00000286585
ENST00000771987.1	ENSG00000286585.4	ENSG00000286585
ENST00000771988.1	ENSG00000286585.4	ENSG00000286585
ENST00000771989.1	ENSG00000286585.4	ENSG00000286585
ENST00000771990.1	ENSG00000286585.4	ENSG00000286585
ENST00000771991.1	ENSG00000286585.4	ENSG00000286585
ENST00000771992.1	ENSG00000286585.4	ENSG00000286585
ENST00000771993.1	ENSG00000286585.4	ENSG00000286585
ENST00000771994.1	ENSG00000286585.4	ENSG00000286585
ENST00000771995.1	ENSG00000286585.4	ENSG00000286585
ENST00000771996.1	ENSG00000286585.4	ENSG00000286585
ENST00000771997.1	ENSG00000286585.4	ENSG00000286585
ENST00000771998.1	ENSG00000286585.4	ENSG00000286585
ENST00000663662.2	ENSG00000286597.2	ENSG00000286597
ENST00000658628.2	ENSG00000286604.2	ENSG00000286604
ENST00000759172.1	ENSG00000286604.2	ENSG00000286604
ENST00000759173.1	ENSG00000286604.2	ENSG00000286604
ENST00000759174.1	ENSG00000286604.2	ENSG00000286604
ENST00000759175.1	ENSG00000286604.2	ENSG00000286604
ENST00000666065.1	ENSG00000286606.1	ENSG00000286606
ENST00000664012.1	ENSG00000286620.1	ENSG00000286620
ENST00000666479.2	ENSG00000286623.2	ENSG00000286623
ENST00000661235.1	ENSG00000286654.1	ENSG00000286654
ENST00000670174.1	ENSG00000286654.1	ENSG00000286654
ENST00000667867.2	ENSG00000286660.2	ENSG00000286660
ENST00000653821.1	ENSG00000286668.1	ENSG00000286668
ENST00000659272.1	ENSG00000286679.1	ENSG00000286679
ENST00000661005.1	ENSG00000286679.1	ENSG00000286679
ENST00000662301.1	ENSG00000286679.1	ENSG00000286679
ENST00000662899.1	ENSG00000286679.1	ENSG00000286679
ENST00000663837.1	ENSG00000286679.1	ENSG00000286679
ENST00000664863.1	ENSG00000286679.1	ENSG00000286679
ENST00000665560.1	ENSG00000286679.1	ENSG00000286679
ENST00000667806.1	ENSG00000286679.1	ENSG00000286679
ENST00000668262.1	ENSG00000286679.1	ENSG00000286679
ENST00000668854.1	ENSG00000286679.1	ENSG00000286679
ENST00000670631.1	ENSG00000286679.1	ENSG00000286679
ENST00000655579.1	ENSG00000286689.1	ENSG00000286689
ENST00000662423.2	ENSG00000286697.2	ENSG00000286697
ENST00000653800.3	ENSG00000286705.3	ENSG00000286705
ENST00000653720.1	ENSG00000286707.1	ENSG00000286707
ENST00000661577.1	ENSG00000286707.1	ENSG00000286707
ENST00000663884.2	ENSG00000286714.2	ENSG00000286714
ENST00000790421.1	ENSG00000286714.2	ENSG00000286714
ENST00000790423.1	ENSG00000286714.2	ENSG00000286714
ENST00000790424.1	ENSG00000286714.2	ENSG00000286714
ENST00000790425.1	ENSG00000286714.2	ENSG00000286714
ENST00000790426.1	ENSG00000286714.2	ENSG00000286714
ENST00000790427.1	ENSG00000286714.2	ENSG00000286714
ENST00000790428.1	ENSG00000286714.2	ENSG00000286714
ENST00000790429.1	ENSG00000286714.2	ENSG00000286714
ENST00000790430.1	ENSG00000286714.2	ENSG00000286714
ENST00000790431.1	ENSG00000286714.2	ENSG00000286714
ENST00000790432.1	ENSG00000286714.2	ENSG00000286714
ENST00000790433.1	ENSG00000286714.2	ENSG00000286714
ENST00000790434.1	ENSG00000286714.2	ENSG00000286714
ENST00000656369.1	ENSG00000286720.2	ENSG00000286720
ENST00000658268.1	ENSG00000286720.2	ENSG00000286720
ENST00000668359.2	ENSG00000286720.2	ENSG00000286720
ENST00000671146.1	ENSG00000286720.2	ENSG00000286720
ENST00000731816.1	ENSG00000286720.2	ENSG00000286720
ENST00000731817.1	ENSG00000286720.2	ENSG00000286720
ENST00000731818.1	ENSG00000286720.2	ENSG00000286720
ENST00000731819.1	ENSG00000286720.2	ENSG00000286720
ENST00000731820.1	ENSG00000286720.2	ENSG00000286720
ENST00000731821.1	ENSG00000286720.2	ENSG00000286720
ENST00000731822.1	ENSG00000286720.2	ENSG00000286720
ENST00000731823.1	ENSG00000286720.2	ENSG00000286720
ENST00000731824.1	ENSG00000286720.2	ENSG00000286720
ENST00000731825.1	ENSG00000286720.2	ENSG00000286720
ENST00000731826.1	ENSG00000286720.2	ENSG00000286720
ENST00000731827.1	ENSG00000286720.2	ENSG00000286720
ENST00000731828.1	ENSG00000286720.2	ENSG00000286720
ENST00000731829.1	ENSG00000286720.2	ENSG00000286720
ENST00000731830.1	ENSG00000286720.2	ENSG00000286720
ENST00000731831.1	ENSG00000286720.2	ENSG00000286720
ENST00000731832.1	ENSG00000286720.2	ENSG00000286720
ENST00000670393.1	ENSG00000286721.2	ENSG00000286721
ENST00000663266.2	ENSG00000286728.2	ENSG00000286728
ENST00000716389.1	ENSG00000286728.2	ENSG00000286728
ENST00000716390.1	ENSG00000286728.2	ENSG00000286728
ENST00000716392.1	ENSG00000286728.2	ENSG00000286728
ENST00000716393.1	ENSG00000286728.2	ENSG00000286728
ENST00000716438.1	ENSG00000286728.2	ENSG00000286728
ENST00000716442.1	ENSG00000286728.2	ENSG00000286728
ENST00000716443.1	ENSG00000286728.2	ENSG00000286728
ENST00000736039.1	ENSG00000286728.2	ENSG00000286728
ENST00000736047.1	ENSG00000286728.2	ENSG00000286728
ENST00000736048.1	ENSG00000286728.2	ENSG00000286728
ENST00000736050.1	ENSG00000286728.2	ENSG00000286728
ENST00000736051.1	ENSG00000286728.2	ENSG00000286728
ENST00000736057.1	ENSG00000286728.2	ENSG00000286728
ENST00000811613.1	ENSG00000286728.2	ENSG00000286728
ENST00000811614.1	ENSG00000286728.2	ENSG00000286728
ENST00000659560.1	ENSG00000286735.2	ENSG00000286735
ENST00000732215.1	ENSG00000286735.2	ENSG00000286735
ENST00000732216.1	ENSG00000286735.2	ENSG00000286735
ENST00000732217.1	ENSG00000286735.2	ENSG00000286735
ENST00000732218.1	ENSG00000286735.2	ENSG00000286735
ENST00000732219.1	ENSG00000286735.2	ENSG00000286735
ENST00000671357.1	ENSG00000286739.3	ENSG00000286739
ENST00000744072.1	ENSG00000286739.3	ENSG00000286739
ENST00000744073.1	ENSG00000286739.3	ENSG00000286739
ENST00000655229.1	ENSG00000286746.2	ENSG00000286746
ENST00000810343.1	ENSG00000286747.2	ENSG00000286747
ENST00000653275.2	ENSG00000286748.2	ENSG00000286748
ENST00000662514.2	ENSG00000286758.2	ENSG00000286758
ENST00000760340.1	ENSG00000286758.2	ENSG00000286758
ENST00000760341.1	ENSG00000286758.2	ENSG00000286758
ENST00000760342.1	ENSG00000286758.2	ENSG00000286758
ENST00000665688.1	ENSG00000286772.2	ENSG00000286772
ENST00000758016.1	ENSG00000286772.2	ENSG00000286772
ENST00000758017.1	ENSG00000286772.2	ENSG00000286772
ENST00000661074.1	ENSG00000286773.1	ENSG00000286773
ENST00000667494.2	ENSG00000286774.2	ENSG00000286774
ENST00000833157.1	ENSG00000286774.2	ENSG00000286774
ENST00000833158.1	ENSG00000286774.2	ENSG00000286774
ENST00000833160.1	ENSG00000286774.2	ENSG00000286774
ENST00000833161.1	ENSG00000286774.2	ENSG00000286774
ENST00000658582.2	ENSG00000286796.2	ENSG00000286796
ENST00000669652.2	ENSG00000286796.2	ENSG00000286796
ENST00000829602.1	ENSG00000286796.2	ENSG00000286796
ENST00000829603.1	ENSG00000286796.2	ENSG00000286796
ENST00000829604.1	ENSG00000286796.2	ENSG00000286796
ENST00000829605.1	ENSG00000286796.2	ENSG00000286796
ENST00000829606.1	ENSG00000286796.2	ENSG00000286796
ENST00000829607.1	ENSG00000286796.2	ENSG00000286796
ENST00000829608.1	ENSG00000286796.2	ENSG00000286796
ENST00000829609.1	ENSG00000286796.2	ENSG00000286796
ENST00000829610.1	ENSG00000286796.2	ENSG00000286796
ENST00000829611.1	ENSG00000286796.2	ENSG00000286796
ENST00000829612.1	ENSG00000286796.2	ENSG00000286796
ENST00000829613.1	ENSG00000286796.2	ENSG00000286796
ENST00000829614.1	ENSG00000286796.2	ENSG00000286796
ENST00000655441.1	ENSG00000286797.2	ENSG00000286797
ENST00000671641.1	ENSG00000286797.2	ENSG00000286797
ENST00000799165.1	ENSG00000286797.2	ENSG00000286797
ENST00000799166.1	ENSG00000286797.2	ENSG00000286797
ENST00000799167.1	ENSG00000286797.2	ENSG00000286797
ENST00000654891.1	ENSG00000286802.2	ENSG00000286802
ENST00000769947.1	ENSG00000286802.2	ENSG00000286802
ENST00000769948.1	ENSG00000286802.2	ENSG00000286802
ENST00000769949.1	ENSG00000286802.2	ENSG00000286802
ENST00000662068.1	ENSG00000286806.1	ENSG00000286806
ENST00000653932.1	ENSG00000286807.1	ENSG00000286807
ENST00000664752.1	ENSG00000286821.2	ENSG00000286821
ENST00000747076.1	ENSG00000286821.2	ENSG00000286821
ENST00000667378.2	ENSG00000286822.2	ENSG00000286822
ENST00000785443.1	ENSG00000286822.2	ENSG00000286822
ENST00000785444.1	ENSG00000286822.2	ENSG00000286822
ENST00000785445.1	ENSG00000286822.2	ENSG00000286822
ENST00000654632.2	ENSG00000286828.2	ENSG00000286828
ENST00000800873.1	ENSG00000286828.2	ENSG00000286828
ENST00000800874.1	ENSG00000286828.2	ENSG00000286828
ENST00000800875.1	ENSG00000286828.2	ENSG00000286828
ENST00000800876.1	ENSG00000286828.2	ENSG00000286828
ENST00000800877.1	ENSG00000286828.2	ENSG00000286828
ENST00000666971.1	ENSG00000286829.2	ENSG00000286829
ENST00000826690.1	ENSG00000286829.2	ENSG00000286829
ENST00000826692.1	ENSG00000286829.2	ENSG00000286829
ENST00000657012.1	ENSG00000286833.4	ENSG00000286833
ENST00000666693.1	ENSG00000286833.4	ENSG00000286833
ENST00000686552.3	ENSG00000286833.4	ENSG00000286833
ENST00000671297.2	ENSG00000286851.2	ENSG00000286851
ENST00000751469.1	ENSG00000286851.2	ENSG00000286851
ENST00000655926.1	ENSG00000286856.2	ENSG00000286856
ENST00000834079.1	ENSG00000286856.2	ENSG00000286856
ENST00000834080.1	ENSG00000286856.2	ENSG00000286856
ENST00000834081.1	ENSG00000286856.2	ENSG00000286856
ENST00000834082.1	ENSG00000286856.2	ENSG00000286856
ENST00000834083.1	ENSG00000286856.2	ENSG00000286856
ENST00000834084.1	ENSG00000286856.2	ENSG00000286856
ENST00000834085.1	ENSG00000286856.2	ENSG00000286856
ENST00000834086.1	ENSG00000286856.2	ENSG00000286856
ENST00000834087.1	ENSG00000286856.2	ENSG00000286856
ENST00000834088.1	ENSG00000286856.2	ENSG00000286856
ENST00000834090.1	ENSG00000286856.2	ENSG00000286856
ENST00000655474.2	ENSG00000286857.2	ENSG00000286857
ENST00000655295.1	ENSG00000286860.1	ENSG00000286860
ENST00000658855.1	ENSG00000286862.2	ENSG00000286862
ENST00000810023.1	ENSG00000286862.2	ENSG00000286862
ENST00000810024.1	ENSG00000286862.2	ENSG00000286862
ENST00000659745.1	ENSG00000286873.2	ENSG00000286873
ENST00000797139.1	ENSG00000286873.2	ENSG00000286873
ENST00000797140.1	ENSG00000286873.2	ENSG00000286873
ENST00000797141.1	ENSG00000286873.2	ENSG00000286873
ENST00000658526.2	ENSG00000286879.2	ENSG00000286879
ENST00000787038.1	ENSG00000286879.2	ENSG00000286879
ENST00000656025.1	ENSG00000286883.1	ENSG00000286883
ENST00000670315.1	ENSG00000286888.2	ENSG00000286888
ENST00000782843.1	ENSG00000286888.2	ENSG00000286888
ENST00000655512.1	ENSG00000286891.1	ENSG00000286891
ENST00000665455.2	ENSG00000286891.1	ENSG00000286891
ENST00000667550.1	ENSG00000286891.1	ENSG00000286891
ENST00000653387.1	ENSG00000286896.3	ENSG00000286896
ENST00000701794.1	ENSG00000286896.3	ENSG00000286896
ENST00000730241.1	ENSG00000286896.3	ENSG00000286896
ENST00000730242.1	ENSG00000286896.3	ENSG00000286896
ENST00000730243.1	ENSG00000286896.3	ENSG00000286896
ENST00000730246.1	ENSG00000286896.3	ENSG00000286896
ENST00000730247.1	ENSG00000286896.3	ENSG00000286896
ENST00000730248.1	ENSG00000286896.3	ENSG00000286896
ENST00000654887.2	ENSG00000286898.2	ENSG00000286898
ENST00000671139.1	ENSG00000286904.1	ENSG00000286904
ENST00000667447.1	ENSG00000286909.2	ENSG00000286909
ENST00000808010.1	ENSG00000286909.2	ENSG00000286909
ENST00000808012.1	ENSG00000286909.2	ENSG00000286909
ENST00000808013.1	ENSG00000286909.2	ENSG00000286909
ENST00000808016.1	ENSG00000286909.2	ENSG00000286909
ENST00000808018.1	ENSG00000286909.2	ENSG00000286909
ENST00000808019.1	ENSG00000286909.2	ENSG00000286909
ENST00000808020.1	ENSG00000286909.2	ENSG00000286909
ENST00000808021.1	ENSG00000286909.2	ENSG00000286909
ENST00000808022.1	ENSG00000286909.2	ENSG00000286909
ENST00000808024.1	ENSG00000286909.2	ENSG00000286909
ENST00000808025.1	ENSG00000286909.2	ENSG00000286909
ENST00000808026.1	ENSG00000286909.2	ENSG00000286909
ENST00000808028.1	ENSG00000286909.2	ENSG00000286909
ENST00000654217.1	ENSG00000286918.1	ENSG00000286918
ENST00000656348.1	ENSG00000286952.1	ENSG00000286952
ENST00000656733.1	ENSG00000286956.1	ENSG00000286956
ENST00000653281.2	ENSG00000286957.2	ENSG00000286957
ENST00000668686.1	ENSG00000286957.2	ENSG00000286957
ENST00000655343.1	ENSG00000286963.2	ENSG00000286963
ENST00000731703.1	ENSG00000286963.2	ENSG00000286963
ENST00000731707.1	ENSG00000286963.2	ENSG00000286963
ENST00000665299.1	ENSG00000286966.1	ENSG00000286966
ENST00000654896.1	ENSG00000286970.1	ENSG00000286970
ENST00000659482.1	ENSG00000286970.1	ENSG00000286970
ENST00000564121.2	ENSG00000286971.2	ENSG00000286971
ENST00000795258.1	ENSG00000286971.2	ENSG00000286971
ENST00000795260.1	ENSG00000286971.2	ENSG00000286971
ENST00000663725.1	ENSG00000286979.1	ENSG00000286979
ENST00000671393.1	ENSG00000286980.2	ENSG00000286980
ENST00000802604.1	ENSG00000286980.2	ENSG00000286980
ENST00000746502.1	ENSG00000286986.2	ENSG00000286986
ENST00000828256.1	ENSG00000286989.2	ENSG00000286989
ENST00000664895.1	ENSG00000287005.1	ENSG00000287005
ENST00000658732.1	ENSG00000287008.1	ENSG00000287008
ENST00000663800.1	ENSG00000287012.1	ENSG00000287012
ENST00000667592.1	ENSG00000287015.1	ENSG00000287015
ENST00000665393.1	ENSG00000287027.2	ENSG00000287027
ENST00000723535.1	ENSG00000287027.2	ENSG00000287027
ENST00000653641.1	ENSG00000287031.2	ENSG00000287031
ENST00000807650.1	ENSG00000287031.2	ENSG00000287031
ENST00000807651.1	ENSG00000287031.2	ENSG00000287031
ENST00000807653.1	ENSG00000287031.2	ENSG00000287031
ENST00000807654.1	ENSG00000287031.2	ENSG00000287031
ENST00000657346.1	ENSG00000287040.1	ENSG00000287040
ENST00000654595.1	ENSG00000287042.4	ENSG00000287042
ENST00000747309.1	ENSG00000287042.4	ENSG00000287042
ENST00000668810.2	ENSG00000287046.2	ENSG00000287046
ENST00000665531.1	ENSG00000287048.2	ENSG00000287048
ENST00000670545.1	ENSG00000287048.2	ENSG00000287048
ENST00000762467.1	ENSG00000287048.2	ENSG00000287048
ENST00000762468.1	ENSG00000287048.2	ENSG00000287048
ENST00000762469.1	ENSG00000287048.2	ENSG00000287048
ENST00000762470.1	ENSG00000287048.2	ENSG00000287048
ENST00000762471.1	ENSG00000287048.2	ENSG00000287048
ENST00000762472.1	ENSG00000287048.2	ENSG00000287048
ENST00000762473.1	ENSG00000287048.2	ENSG00000287048
ENST00000762474.1	ENSG00000287048.2	ENSG00000287048
ENST00000762475.1	ENSG00000287048.2	ENSG00000287048
ENST00000762586.1	ENSG00000287048.2	ENSG00000287048
ENST00000762587.1	ENSG00000287048.2	ENSG00000287048
ENST00000762588.1	ENSG00000287048.2	ENSG00000287048
ENST00000654460.2	ENSG00000287049.2	ENSG00000287049
ENST00000659815.1	ENSG00000287076.2	ENSG00000287076
ENST00000660766.1	ENSG00000287076.2	ENSG00000287076
ENST00000662386.1	ENSG00000287076.2	ENSG00000287076
ENST00000759598.1	ENSG00000287076.2	ENSG00000287076
ENST00000661897.1	ENSG00000287078.2	ENSG00000287078
ENST00000718871.1	ENSG00000287078.2	ENSG00000287078
ENST00000718872.1	ENSG00000287078.2	ENSG00000287078
ENST00000657619.1	ENSG00000287081.1	ENSG00000287081
ENST00000761455.1	ENSG00000287090.2	ENSG00000287090
ENST00000761456.1	ENSG00000287090.2	ENSG00000287090
ENST00000664060.1	ENSG00000287099.1	ENSG00000287099
ENST00000664007.2	ENSG00000287119.2	ENSG00000287119
ENST00000811861.1	ENSG00000287119.2	ENSG00000287119
ENST00000811864.1	ENSG00000287119.2	ENSG00000287119
ENST00000811866.1	ENSG00000287119.2	ENSG00000287119
ENST00000811867.1	ENSG00000287119.2	ENSG00000287119
ENST00000811868.1	ENSG00000287119.2	ENSG00000287119
ENST00000811869.1	ENSG00000287119.2	ENSG00000287119
ENST00000811870.1	ENSG00000287119.2	ENSG00000287119
ENST00000811871.1	ENSG00000287119.2	ENSG00000287119
ENST00000668450.1	ENSG00000287123.1	ENSG00000287123
ENST00000669532.1	ENSG00000287130.1	ENSG00000287130
ENST00000658676.2	ENSG00000287131.2	ENSG00000287131
ENST00000725818.1	ENSG00000287131.2	ENSG00000287131
ENST00000725819.1	ENSG00000287131.2	ENSG00000287131
ENST00000725820.1	ENSG00000287131.2	ENSG00000287131
ENST00000725821.1	ENSG00000287131.2	ENSG00000287131
ENST00000725822.1	ENSG00000287131.2	ENSG00000287131
ENST00000725823.1	ENSG00000287131.2	ENSG00000287131
ENST00000669966.1	ENSG00000287133.2	ENSG00000287133
ENST00000775821.1	ENSG00000287133.2	ENSG00000287133
ENST00000663378.1	ENSG00000287135.1	ENSG00000287135
ENST00000671279.1	ENSG00000287140.1	ENSG00000287140
ENST00000666287.1	ENSG00000287141.2	ENSG00000287141
ENST00000754084.1	ENSG00000287141.2	ENSG00000287141
ENST00000661670.1	ENSG00000287143.2	ENSG00000287143
ENST00000785485.1	ENSG00000287143.2	ENSG00000287143
ENST00000732231.1	ENSG00000287144.2	ENSG00000287144
ENST00000652826.1	ENSG00000287149.2	ENSG00000287149
ENST00000657712.1	ENSG00000287149.2	ENSG00000287149
ENST00000667123.1	ENSG00000287149.2	ENSG00000287149
ENST00000667180.1	ENSG00000287149.2	ENSG00000287149
ENST00000655014.1	ENSG00000287158.4	ENSG00000287158
ENST00000689623.2	ENSG00000287158.4	ENSG00000287158
ENST00000702662.2	ENSG00000287158.4	ENSG00000287158
ENST00000751800.1	ENSG00000287158.4	ENSG00000287158
ENST00000669561.2	ENSG00000287164.2	ENSG00000287164
ENST00000749287.1	ENSG00000287164.2	ENSG00000287164
ENST00000749288.1	ENSG00000287164.2	ENSG00000287164
ENST00000654219.1	ENSG00000287172.2	ENSG00000287172
ENST00000668214.1	ENSG00000287172.2	ENSG00000287172
ENST00000669228.1	ENSG00000287172.2	ENSG00000287172
ENST00000670984.1	ENSG00000287172.2	ENSG00000287172
ENST00000798785.1	ENSG00000287172.2	ENSG00000287172
ENST00000660627.1	ENSG00000287177.2	ENSG00000287177
ENST00000835618.1	ENSG00000287177.2	ENSG00000287177
ENST00000669329.1	ENSG00000287192.1	ENSG00000287192
ENST00000666418.1	ENSG00000287198.1	ENSG00000287198
ENST00000671562.1	ENSG00000287199.1	ENSG00000287199
ENST00000659697.2	ENSG00000287207.2	ENSG00000287207
ENST00000742436.1	ENSG00000287207.2	ENSG00000287207
ENST00000660512.1	ENSG00000287218.1	ENSG00000287218
ENST00000668227.1	ENSG00000287220.1	ENSG00000287220
ENST00000654476.1	ENSG00000287232.1	ENSG00000287232
ENST00000661474.1	ENSG00000287232.1	ENSG00000287232
ENST00000662991.1	ENSG00000287232.1	ENSG00000287232
ENST00000664376.1	ENSG00000287232.1	ENSG00000287232
ENST00000669206.1	ENSG00000287232.1	ENSG00000287232
ENST00000669278.1	ENSG00000287232.1	ENSG00000287232
ENST00000670210.1	ENSG00000287232.1	ENSG00000287232
ENST00000670252.1	ENSG00000287232.1	ENSG00000287232
ENST00000664961.2	ENSG00000287238.3	ENSG00000287238
ENST00000714290.2	ENSG00000287238.3	ENSG00000287238
ENST00000714291.1	ENSG00000287238.3	ENSG00000287238
ENST00000664298.1	ENSG00000287259.2	ENSG00000287259
ENST00000783961.1	ENSG00000287259.2	ENSG00000287259
ENST00000783962.1	ENSG00000287259.2	ENSG00000287259
ENST00000783963.1	ENSG00000287259.2	ENSG00000287259
ENST00000783964.1	ENSG00000287259.2	ENSG00000287259
ENST00000666897.1	ENSG00000287273.1	ENSG00000287273
ENST00000652889.2	ENSG00000287277.3	ENSG00000287277
ENST00000660116.1	ENSG00000287282.1	ENSG00000287282
ENST00000657170.1	ENSG00000287284.2	ENSG00000287284
ENST00000776740.1	ENSG00000287284.2	ENSG00000287284
ENST00000776742.1	ENSG00000287284.2	ENSG00000287284
ENST00000663117.1	ENSG00000287286.2	ENSG00000287286
ENST00000814082.1	ENSG00000287286.2	ENSG00000287286
ENST00000814083.1	ENSG00000287286.2	ENSG00000287286
ENST00000814084.1	ENSG00000287286.2	ENSG00000287286
ENST00000669991.1	ENSG00000287292.2	ENSG00000287292
ENST00000777254.1	ENSG00000287292.2	ENSG00000287292
ENST00000817567.1	ENSG00000287292.2	ENSG00000287292
ENST00000817568.1	ENSG00000287292.2	ENSG00000287292
ENST00000817569.1	ENSG00000287292.2	ENSG00000287292
ENST00000817570.1	ENSG00000287292.2	ENSG00000287292
ENST00000817571.1	ENSG00000287292.2	ENSG00000287292
ENST00000817572.1	ENSG00000287292.2	ENSG00000287292
ENST00000817573.1	ENSG00000287292.2	ENSG00000287292
ENST00000817574.1	ENSG00000287292.2	ENSG00000287292
ENST00000817580.1	ENSG00000287292.2	ENSG00000287292
ENST00000817581.1	ENSG00000287292.2	ENSG00000287292
ENST00000817582.1	ENSG00000287292.2	ENSG00000287292
ENST00000817583.1	ENSG00000287292.2	ENSG00000287292
ENST00000662174.2	ENSG00000287308.2	ENSG00000287308
ENST00000720352.1	ENSG00000287308.2	ENSG00000287308
ENST00000720353.1	ENSG00000287308.2	ENSG00000287308
ENST00000720358.1	ENSG00000287308.2	ENSG00000287308
ENST00000720364.1	ENSG00000287308.2	ENSG00000287308
ENST00000720365.1	ENSG00000287308.2	ENSG00000287308
ENST00000720367.1	ENSG00000287308.2	ENSG00000287308
ENST00000717813.1	ENSG00000287312.2	ENSG00000287312
ENST00000717814.1	ENSG00000287312.2	ENSG00000287312
ENST00000717816.1	ENSG00000287312.2	ENSG00000287312
ENST00000717817.1	ENSG00000287312.2	ENSG00000287312
ENST00000717819.1	ENSG00000287312.2	ENSG00000287312
ENST00000717824.1	ENSG00000287312.2	ENSG00000287312
ENST00000717825.1	ENSG00000287312.2	ENSG00000287312
ENST00000666330.2	ENSG00000287331.2	ENSG00000287331
ENST00000820000.1	ENSG00000287331.2	ENSG00000287331
ENST00000661166.2	ENSG00000287348.2	ENSG00000287348
ENST00000722730.1	ENSG00000287348.2	ENSG00000287348
ENST00000810894.1	ENSG00000287356.2	ENSG00000287356
ENST00000723358.1	ENSG00000287360.2	ENSG00000287360
ENST00000723359.1	ENSG00000287360.2	ENSG00000287360
ENST00000662448.1	ENSG00000287367.3	ENSG00000287367
ENST00000812594.1	ENSG00000287367.3	ENSG00000287367
ENST00000812596.1	ENSG00000287367.3	ENSG00000287367
ENST00000657459.1	ENSG00000287374.2	ENSG00000287374
ENST00000813424.1	ENSG00000287374.2	ENSG00000287374
ENST00000813426.1	ENSG00000287374.2	ENSG00000287374
ENST00000813427.1	ENSG00000287374.2	ENSG00000287374
ENST00000653928.1	ENSG00000287377.1	ENSG00000287377
ENST00000668940.1	ENSG00000287382.2	ENSG00000287382
ENST00000669835.2	ENSG00000287382.2	ENSG00000287382
ENST00000716477.1	ENSG00000287382.2	ENSG00000287382
ENST00000779094.1	ENSG00000287382.2	ENSG00000287382
ENST00000779095.1	ENSG00000287382.2	ENSG00000287382
ENST00000779096.1	ENSG00000287382.2	ENSG00000287382
ENST00000662838.1	ENSG00000287383.1	ENSG00000287383
ENST00000666494.1	ENSG00000287389.3	ENSG00000287389
ENST00000662528.1	ENSG00000287392.1	ENSG00000287392
ENST00000667181.1	ENSG00000287395.1	ENSG00000287395
ENST00000670253.1	ENSG00000287401.1	ENSG00000287401
ENST00000663908.1	ENSG00000287406.2	ENSG00000287406
ENST00000774102.1	ENSG00000287406.2	ENSG00000287406
ENST00000774103.1	ENSG00000287406.2	ENSG00000287406
ENST00000774104.1	ENSG00000287406.2	ENSG00000287406
ENST00000774105.1	ENSG00000287406.2	ENSG00000287406
ENST00000774107.1	ENSG00000287406.2	ENSG00000287406
ENST00000774108.1	ENSG00000287406.2	ENSG00000287406
ENST00000774109.1	ENSG00000287406.2	ENSG00000287406
ENST00000774110.1	ENSG00000287406.2	ENSG00000287406
ENST00000774111.1	ENSG00000287406.2	ENSG00000287406
ENST00000774112.1	ENSG00000287406.2	ENSG00000287406
ENST00000774113.1	ENSG00000287406.2	ENSG00000287406
ENST00000774114.1	ENSG00000287406.2	ENSG00000287406
ENST00000774115.1	ENSG00000287406.2	ENSG00000287406
ENST00000774116.1	ENSG00000287406.2	ENSG00000287406
ENST00000659692.1	ENSG00000287415.2	ENSG00000287415
ENST00000724513.1	ENSG00000287415.2	ENSG00000287415
ENST00000671400.1	ENSG00000287417.1	ENSG00000287417
ENST00000667697.1	ENSG00000287421.2	ENSG00000287421
ENST00000837046.1	ENSG00000287421.2	ENSG00000287421
ENST00000662866.1	ENSG00000287433.1	ENSG00000287433
ENST00000766251.1	ENSG00000287441.2	ENSG00000287441
ENST00000766252.1	ENSG00000287441.2	ENSG00000287441
ENST00000766253.1	ENSG00000287441.2	ENSG00000287441
ENST00000669079.1	ENSG00000287449.1	ENSG00000287449
ENST00000662276.1	ENSG00000287453.1	ENSG00000287453
ENST00000655237.2	ENSG00000287463.2	ENSG00000287463
ENST00000747992.1	ENSG00000287463.2	ENSG00000287463
ENST00000668705.1	ENSG00000287472.1	ENSG00000287472
ENST00000772129.1	ENSG00000287474.2	ENSG00000287474
ENST00000666708.1	ENSG00000287486.1	ENSG00000287486
ENST00000655364.1	ENSG00000287510.1	ENSG00000287510
ENST00000665661.1	ENSG00000287512.1	ENSG00000287512
ENST00000653014.1	ENSG00000287513.2	ENSG00000287513
ENST00000794867.1	ENSG00000287513.2	ENSG00000287513
ENST00000413994.2	ENSG00000287516.2	ENSG00000287516
ENST00000444330.1	ENSG00000287516.2	ENSG00000287516
ENST00000652871.1	ENSG00000287516.2	ENSG00000287516
ENST00000654758.1	ENSG00000287516.2	ENSG00000287516
ENST00000655137.1	ENSG00000287516.2	ENSG00000287516
ENST00000656080.1	ENSG00000287516.2	ENSG00000287516
ENST00000658165.1	ENSG00000287516.2	ENSG00000287516
ENST00000660219.1	ENSG00000287516.2	ENSG00000287516
ENST00000660302.1	ENSG00000287516.2	ENSG00000287516
ENST00000660633.1	ENSG00000287516.2	ENSG00000287516
ENST00000662773.1	ENSG00000287516.2	ENSG00000287516
ENST00000663708.1	ENSG00000287516.2	ENSG00000287516
ENST00000664580.1	ENSG00000287516.2	ENSG00000287516
ENST00000665712.1	ENSG00000287516.2	ENSG00000287516
ENST00000667955.1	ENSG00000287516.2	ENSG00000287516
ENST00000668538.1	ENSG00000287516.2	ENSG00000287516
ENST00000669530.1	ENSG00000287516.2	ENSG00000287516
ENST00000669820.1	ENSG00000287516.2	ENSG00000287516
ENST00000670701.1	ENSG00000287516.2	ENSG00000287516
ENST00000720719.1	ENSG00000287516.2	ENSG00000287516
ENST00000720720.1	ENSG00000287516.2	ENSG00000287516
ENST00000720721.1	ENSG00000287516.2	ENSG00000287516
ENST00000720722.1	ENSG00000287516.2	ENSG00000287516
ENST00000720723.1	ENSG00000287516.2	ENSG00000287516
ENST00000720724.1	ENSG00000287516.2	ENSG00000287516
ENST00000720725.1	ENSG00000287516.2	ENSG00000287516
ENST00000720726.1	ENSG00000287516.2	ENSG00000287516
ENST00000720727.1	ENSG00000287516.2	ENSG00000287516
ENST00000657898.1	ENSG00000287525.1	ENSG00000287525
ENST00000655100.1	ENSG00000287532.1	ENSG00000287532
ENST00000652952.1	ENSG00000287536.1	ENSG00000287536
ENST00000667612.1	ENSG00000287552.1	ENSG00000287552
ENST00000662406.1	ENSG00000287555.1	ENSG00000287555
ENST00000671401.1	ENSG00000287555.1	ENSG00000287555
ENST00000665742.1	ENSG00000287565.1	ENSG00000287565
ENST00000664270.1	ENSG00000287582.2	ENSG00000287582
ENST00000670076.1	ENSG00000287587.1	ENSG00000287587
ENST00000662327.1	ENSG00000287589.2	ENSG00000287589
ENST00000659534.2	ENSG00000287595.4	ENSG00000287595
ENST00000687092.1	ENSG00000287595.4	ENSG00000287595
ENST00000736315.1	ENSG00000287595.4	ENSG00000287595
ENST00000736319.1	ENSG00000287595.4	ENSG00000287595
ENST00000736320.1	ENSG00000287595.4	ENSG00000287595
ENST00000665809.1	ENSG00000287597.1	ENSG00000287597
ENST00000669199.1	ENSG00000287620.2	ENSG00000287620
ENST00000720013.1	ENSG00000287620.2	ENSG00000287620
ENST00000720014.1	ENSG00000287620.2	ENSG00000287620
ENST00000720015.1	ENSG00000287620.2	ENSG00000287620
ENST00000720016.1	ENSG00000287620.2	ENSG00000287620
ENST00000720018.1	ENSG00000287620.2	ENSG00000287620
ENST00000720019.1	ENSG00000287620.2	ENSG00000287620
ENST00000653710.1	ENSG00000287621.2	ENSG00000287621
ENST00000669128.1	ENSG00000287623.1	ENSG00000287623
ENST00000660157.2	ENSG00000287625.2	ENSG00000287625
ENST00000661374.2	ENSG00000287625.2	ENSG00000287625
ENST00000671359.1	ENSG00000287625.2	ENSG00000287625
ENST00000746747.1	ENSG00000287625.2	ENSG00000287625
ENST00000746748.1	ENSG00000287625.2	ENSG00000287625
ENST00000746749.1	ENSG00000287625.2	ENSG00000287625
ENST00000746750.1	ENSG00000287625.2	ENSG00000287625
ENST00000746751.1	ENSG00000287625.2	ENSG00000287625
ENST00000746752.1	ENSG00000287625.2	ENSG00000287625
ENST00000746755.1	ENSG00000287625.2	ENSG00000287625
ENST00000746756.1	ENSG00000287625.2	ENSG00000287625
ENST00000660086.1	ENSG00000287632.2	ENSG00000287632
ENST00000778802.1	ENSG00000287632.2	ENSG00000287632
ENST00000778803.1	ENSG00000287632.2	ENSG00000287632
ENST00000778804.1	ENSG00000287632.2	ENSG00000287632
ENST00000660074.1	ENSG00000287633.2	ENSG00000287633
ENST00000664950.1	ENSG00000287633.2	ENSG00000287633
ENST00000667224.1	ENSG00000287633.2	ENSG00000287633
ENST00000754077.1	ENSG00000287633.2	ENSG00000287633
ENST00000653627.1	ENSG00000287634.2	ENSG00000287634
ENST00000756251.1	ENSG00000287634.2	ENSG00000287634
ENST00000660178.1	ENSG00000287640.1	ENSG00000287640
ENST00000671560.1	ENSG00000287661.1	ENSG00000287661
ENST00000666011.1	ENSG00000287662.1	ENSG00000287662
ENST00000661265.1	ENSG00000287669.1	ENSG00000287669
ENST00000662935.1	ENSG00000287670.2	ENSG00000287670
ENST00000662952.2	ENSG00000287670.2	ENSG00000287670
ENST00000665969.1	ENSG00000287670.2	ENSG00000287670
ENST00000827744.1	ENSG00000287670.2	ENSG00000287670
ENST00000827745.1	ENSG00000287670.2	ENSG00000287670
ENST00000827746.1	ENSG00000287670.2	ENSG00000287670
ENST00000655747.1	ENSG00000287676.1	ENSG00000287676
ENST00000658037.1	ENSG00000287679.1	ENSG00000287679
ENST00000661031.1	ENSG00000287691.2	ENSG00000287691
ENST00000838086.1	ENSG00000287691.2	ENSG00000287691
ENST00000838087.1	ENSG00000287691.2	ENSG00000287691
ENST00000838088.1	ENSG00000287691.2	ENSG00000287691
ENST00000660031.2	ENSG00000287692.2	ENSG00000287692
ENST00000755916.1	ENSG00000287692.2	ENSG00000287692
ENST00000755917.1	ENSG00000287692.2	ENSG00000287692
ENST00000657368.1	ENSG00000287701.1	ENSG00000287701
ENST00000659139.3	ENSG00000287706.4	ENSG00000287706
ENST00000693350.1	ENSG00000287706.4	ENSG00000287706
ENST00000700832.2	ENSG00000287706.4	ENSG00000287706
ENST00000716345.1	ENSG00000287706.4	ENSG00000287706
ENST00000654218.1	ENSG00000287720.1	ENSG00000287720
ENST00000658668.1	ENSG00000287720.1	ENSG00000287720
ENST00000661097.1	ENSG00000287720.1	ENSG00000287720
ENST00000658428.1	ENSG00000287724.1	ENSG00000287724
ENST00000658681.2	ENSG00000287743.2	ENSG00000287743
ENST00000843681.1	ENSG00000287743.2	ENSG00000287743
ENST00000843682.1	ENSG00000287743.2	ENSG00000287743
ENST00000849233.1	ENSG00000287763.2	ENSG00000287763
ENST00000849234.1	ENSG00000287763.2	ENSG00000287763
ENST00000849235.1	ENSG00000287763.2	ENSG00000287763
ENST00000849236.1	ENSG00000287763.2	ENSG00000287763
ENST00000849237.1	ENSG00000287763.2	ENSG00000287763
ENST00000849238.1	ENSG00000287763.2	ENSG00000287763
ENST00000849239.1	ENSG00000287763.2	ENSG00000287763
ENST00000849240.1	ENSG00000287763.2	ENSG00000287763
ENST00000659869.1	ENSG00000287774.4	ENSG00000287774
ENST00000684805.3	ENSG00000287774.4	ENSG00000287774
ENST00000810626.1	ENSG00000287774.4	ENSG00000287774
ENST00000810627.1	ENSG00000287774.4	ENSG00000287774
ENST00000810628.1	ENSG00000287774.4	ENSG00000287774
ENST00000810629.1	ENSG00000287774.4	ENSG00000287774
ENST00000810630.1	ENSG00000287774.4	ENSG00000287774
ENST00000810631.1	ENSG00000287774.4	ENSG00000287774
ENST00000810632.1	ENSG00000287774.4	ENSG00000287774
ENST00000810633.1	ENSG00000287774.4	ENSG00000287774
ENST00000656610.1	ENSG00000287778.3	ENSG00000287778
ENST00000662830.1	ENSG00000287778.3	ENSG00000287778
ENST00000670155.1	ENSG00000287778.3	ENSG00000287778
ENST00000690401.2	ENSG00000287778.3	ENSG00000287778
ENST00000835462.1	ENSG00000287778.3	ENSG00000287778
ENST00000835463.1	ENSG00000287778.3	ENSG00000287778
ENST00000835465.1	ENSG00000287778.3	ENSG00000287778
ENST00000835466.1	ENSG00000287778.3	ENSG00000287778
ENST00000835467.1	ENSG00000287778.3	ENSG00000287778
ENST00000662579.1	ENSG00000287783.2	ENSG00000287783
ENST00000667965.1	ENSG00000287783.2	ENSG00000287783
ENST00000816144.1	ENSG00000287783.2	ENSG00000287783
ENST00000816145.1	ENSG00000287783.2	ENSG00000287783
ENST00000816146.1	ENSG00000287783.2	ENSG00000287783
ENST00000669245.1	ENSG00000287786.1	ENSG00000287786
ENST00000658948.2	ENSG00000287791.2	ENSG00000287791
ENST00000654112.1	ENSG00000287793.1	ENSG00000287793
ENST00000664771.1	ENSG00000287797.1	ENSG00000287797
ENST00000664413.1	ENSG00000287805.1	ENSG00000287805
ENST00000661054.1	ENSG00000287831.1	ENSG00000287831
ENST00000659448.2	ENSG00000287841.2	ENSG00000287841
ENST00000726885.1	ENSG00000287841.2	ENSG00000287841
ENST00000726886.1	ENSG00000287841.2	ENSG00000287841
ENST00000662284.1	ENSG00000287847.1	ENSG00000287847
ENST00000846094.1	ENSG00000287854.2	ENSG00000287854
ENST00000846095.1	ENSG00000287854.2	ENSG00000287854
ENST00000655360.1	ENSG00000287862.2	ENSG00000287862
ENST00000659578.2	ENSG00000287862.2	ENSG00000287862
ENST00000668454.1	ENSG00000287862.2	ENSG00000287862
ENST00000690871.2	ENSG00000287862.2	ENSG00000287862
ENST00000718054.1	ENSG00000287862.2	ENSG00000287862
ENST00000815243.1	ENSG00000287862.2	ENSG00000287862
ENST00000815244.1	ENSG00000287862.2	ENSG00000287862
ENST00000815245.1	ENSG00000287862.2	ENSG00000287862
ENST00000815246.1	ENSG00000287862.2	ENSG00000287862
ENST00000815247.1	ENSG00000287862.2	ENSG00000287862
ENST00000815248.1	ENSG00000287862.2	ENSG00000287862
ENST00000815249.1	ENSG00000287862.2	ENSG00000287862
ENST00000815250.1	ENSG00000287862.2	ENSG00000287862
ENST00000815251.1	ENSG00000287862.2	ENSG00000287862
ENST00000815252.1	ENSG00000287862.2	ENSG00000287862
ENST00000815253.1	ENSG00000287862.2	ENSG00000287862
ENST00000815254.1	ENSG00000287862.2	ENSG00000287862
ENST00000815255.1	ENSG00000287862.2	ENSG00000287862
ENST00000659131.1	ENSG00000287867.1	ENSG00000287867
ENST00000654296.1	ENSG00000287870.1	ENSG00000287870
ENST00000670548.1	ENSG00000287881.1	ENSG00000287881
ENST00000821347.1	ENSG00000287883.2	ENSG00000287883
ENST00000653722.1	ENSG00000287899.2	ENSG00000287899
ENST00000670364.2	ENSG00000287899.2	ENSG00000287899
ENST00000829464.1	ENSG00000287899.2	ENSG00000287899
ENST00000829465.1	ENSG00000287899.2	ENSG00000287899
ENST00000829466.1	ENSG00000287899.2	ENSG00000287899
ENST00000829467.1	ENSG00000287899.2	ENSG00000287899
ENST00000657064.3	ENSG00000287902.3	ENSG00000287902
ENST00000782205.1	ENSG00000287902.3	ENSG00000287902
ENST00000782206.1	ENSG00000287902.3	ENSG00000287902
ENST00000782207.1	ENSG00000287902.3	ENSG00000287902
ENST00000661961.1	ENSG00000287916.1	ENSG00000287916
ENST00000661535.1	ENSG00000287919.2	ENSG00000287919
ENST00000827396.1	ENSG00000287919.2	ENSG00000287919
ENST00000827397.1	ENSG00000287919.2	ENSG00000287919
ENST00000827398.1	ENSG00000287919.2	ENSG00000287919
ENST00000827399.1	ENSG00000287919.2	ENSG00000287919
ENST00000827400.1	ENSG00000287919.2	ENSG00000287919
ENST00000827401.1	ENSG00000287919.2	ENSG00000287919
ENST00000827402.1	ENSG00000287919.2	ENSG00000287919
ENST00000827403.1	ENSG00000287919.2	ENSG00000287919
ENST00000827404.1	ENSG00000287919.2	ENSG00000287919
ENST00000827405.1	ENSG00000287919.2	ENSG00000287919
ENST00000827406.1	ENSG00000287919.2	ENSG00000287919
ENST00000827407.1	ENSG00000287919.2	ENSG00000287919
ENST00000827408.1	ENSG00000287919.2	ENSG00000287919
ENST00000661878.1	ENSG00000287929.2	ENSG00000287929
ENST00000812172.1	ENSG00000287929.2	ENSG00000287929
ENST00000812173.1	ENSG00000287929.2	ENSG00000287929
ENST00000670671.2	ENSG00000287937.2	ENSG00000287937
ENST00000667165.1	ENSG00000287940.2	ENSG00000287940
ENST00000716667.1	ENSG00000287940.2	ENSG00000287940
ENST00000758254.1	ENSG00000287940.2	ENSG00000287940
ENST00000656239.1	ENSG00000287958.3	ENSG00000287958
ENST00000702477.2	ENSG00000287958.3	ENSG00000287958
ENST00000785475.1	ENSG00000287958.3	ENSG00000287958
ENST00000785476.1	ENSG00000287958.3	ENSG00000287958
ENST00000785477.1	ENSG00000287958.3	ENSG00000287958
ENST00000785478.1	ENSG00000287958.3	ENSG00000287958
ENST00000785479.1	ENSG00000287958.3	ENSG00000287958
ENST00000785480.1	ENSG00000287958.3	ENSG00000287958
ENST00000785481.1	ENSG00000287958.3	ENSG00000287958
ENST00000785482.1	ENSG00000287958.3	ENSG00000287958
ENST00000785483.1	ENSG00000287958.3	ENSG00000287958
ENST00000785484.1	ENSG00000287958.3	ENSG00000287958
ENST00000657204.1	ENSG00000287964.2	ENSG00000287964
ENST00000667007.1	ENSG00000287964.2	ENSG00000287964
ENST00000813116.1	ENSG00000287964.2	ENSG00000287964
ENST00000813117.1	ENSG00000287964.2	ENSG00000287964
ENST00000813119.1	ENSG00000287964.2	ENSG00000287964
ENST00000653925.1	ENSG00000287968.2	ENSG00000287968
ENST00000795185.1	ENSG00000287968.2	ENSG00000287968
ENST00000664186.1	ENSG00000287979.2	ENSG00000287979
ENST00000834550.1	ENSG00000287979.2	ENSG00000287979
ENST00000664031.1	ENSG00000287980.2	ENSG00000287980
ENST00000828985.1	ENSG00000287980.2	ENSG00000287980
ENST00000667627.1	ENSG00000287981.1	ENSG00000287981
ENST00000671301.1	ENSG00000287987.1	ENSG00000287987
ENST00000741232.1	ENSG00000287999.2	ENSG00000287999
ENST00000757447.1	ENSG00000287999.2	ENSG00000287999
ENST00000757448.1	ENSG00000287999.2	ENSG00000287999
ENST00000757450.1	ENSG00000287999.2	ENSG00000287999
ENST00000657288.1	ENSG00000288003.1	ENSG00000288003
ENST00000780112.1	ENSG00000288004.2	ENSG00000288004
ENST00000780113.1	ENSG00000288004.2	ENSG00000288004
ENST00000780114.1	ENSG00000288004.2	ENSG00000288004
ENST00000780119.1	ENSG00000288004.2	ENSG00000288004
ENST00000780120.1	ENSG00000288004.2	ENSG00000288004
ENST00000780122.1	ENSG00000288004.2	ENSG00000288004
ENST00000669720.1	ENSG00000288007.2	ENSG00000288007
ENST00000850141.1	ENSG00000288007.2	ENSG00000288007
ENST00000850142.1	ENSG00000288007.2	ENSG00000288007
ENST00000850143.1	ENSG00000288007.2	ENSG00000288007
ENST00000850144.1	ENSG00000288007.2	ENSG00000288007
ENST00000850145.1	ENSG00000288007.2	ENSG00000288007
ENST00000850146.1	ENSG00000288007.2	ENSG00000288007
ENST00000850148.1	ENSG00000288007.2	ENSG00000288007
ENST00000850149.1	ENSG00000288007.2	ENSG00000288007
ENST00000664814.1	ENSG00000288025.1	ENSG00000288025
ENST00000655075.1	ENSG00000288029.2	ENSG00000288029
ENST00000764670.1	ENSG00000288029.2	ENSG00000288029
ENST00000656900.1	ENSG00000288030.1	ENSG00000288030
ENST00000663782.1	ENSG00000288032.1	ENSG00000288032
ENST00000662764.1	ENSG00000288048.1	ENSG00000288048
ENST00000658475.1	ENSG00000288050.1	ENSG00000288050
ENST00000658263.1	ENSG00000288064.1	ENSG00000288064
ENST00000653174.1	ENSG00000288065.1	ENSG00000288065
ENST00000660385.1	ENSG00000288066.1	ENSG00000288066
ENST00000657664.1	ENSG00000288074.1	ENSG00000288074
ENST00000659348.1	ENSG00000288077.1	ENSG00000288077
ENST00000659717.2	ENSG00000288078.2	ENSG00000288078
ENST00000665274.1	ENSG00000288087.1	ENSG00000288087
ENST00000667751.1	ENSG00000288093.1	ENSG00000288093
ENST00000656673.1	ENSG00000288105.1	ENSG00000288105
ENST00000660085.1	ENSG00000288105.1	ENSG00000288105
ENST00000660849.1	ENSG00000288105.1	ENSG00000288105
ENST00000665198.1	ENSG00000288105.1	ENSG00000288105
ENST00000823004.1	ENSG00000288321.2	ENSG00000288321
ENST00000823005.1	ENSG00000288321.2	ENSG00000288321
ENST00000672433.1	ENSG00000288414.1	ENSG00000288414
ENST00000673008.1	ENSG00000288414.1	ENSG00000288414
ENST00000654041.1	ENSG00000288535.1	ENSG00000288535
ENST00000454305.1	ENSG00000288543.1	ENSG00000288543
ENST00000669256.1	ENSG00000288562.2	ENSG00000288562
ENST00000756045.1	ENSG00000288562.2	ENSG00000288562
ENST00000756046.1	ENSG00000288562.2	ENSG00000288562
ENST00000756047.1	ENSG00000288562.2	ENSG00000288562
ENST00000756048.1	ENSG00000288562.2	ENSG00000288562
ENST00000716407.1	ENSG00000288576.2	ENSG00000288576
ENST00000673795.2	ENSG00000288582.2	ENSG00000288582
ENST00000673884.1	ENSG00000288588.2	ENSG00000288588
ENST00000812506.1	ENSG00000288588.2	ENSG00000288588
ENST00000674266.1	ENSG00000288597.1	ENSG00000288597
ENST00000504598.5	ENSG00000288606.1	ENSG00000288606
ENST00000437833.2	ENSG00000288670.1	ENSG00000288670
ENST00000681309.1	ENSG00000288679.1	ENSG00000288679
ENST00000681662.1	ENSG00000288685.1	ENSG00000288685
ENST00000681682.2	ENSG00000288692.2	ENSG00000288692
ENST00000460895.5	ENSG00000288700.3	ENSG00000288700
ENST00000467013.5	ENSG00000288700.3	ENSG00000288700
ENST00000472904.6	ENSG00000288700.3	ENSG00000288700
ENST00000682319.1	ENSG00000288700.3	ENSG00000288700
ENST00000683452.1	ENSG00000288700.3	ENSG00000288700
ENST00000684049.1	ENSG00000288700.3	ENSG00000288700
ENST00000686482.3	ENSG00000288700.3	ENSG00000288700
ENST00000830980.1	ENSG00000288700.3	ENSG00000288700
ENST00000830981.1	ENSG00000288700.3	ENSG00000288700
ENST00000830982.1	ENSG00000288700.3	ENSG00000288700
ENST00000830983.1	ENSG00000288700.3	ENSG00000288700
ENST00000830984.1	ENSG00000288700.3	ENSG00000288700
ENST00000830985.1	ENSG00000288700.3	ENSG00000288700
ENST00000682415.1	ENSG00000288703.2	ENSG00000288703
ENST00000807317.1	ENSG00000288703.2	ENSG00000288703
ENST00000807319.1	ENSG00000288703.2	ENSG00000288703
ENST00000683405.2	ENSG00000288717.2	ENSG00000288717
ENST00000721969.1	ENSG00000288717.2	ENSG00000288717
ENST00000721970.1	ENSG00000288717.2	ENSG00000288717
ENST00000721971.1	ENSG00000288717.2	ENSG00000288717
ENST00000682011.1	ENSG00000288720.2	ENSG00000288720
ENST00000684202.1	ENSG00000288720.2	ENSG00000288720
ENST00000699185.1	ENSG00000288720.2	ENSG00000288720
ENST00000687417.2	ENSG00000288728.3	ENSG00000288728
ENST00000725392.1	ENSG00000288728.3	ENSG00000288728
ENST00000689973.3	ENSG00000288736.3	ENSG00000288736
ENST00000690142.2	ENSG00000288736.3	ENSG00000288736
ENST00000690992.2	ENSG00000288736.3	ENSG00000288736
ENST00000702202.2	ENSG00000288736.3	ENSG00000288736
ENST00000702722.2	ENSG00000288736.3	ENSG00000288736
ENST00000837291.1	ENSG00000288736.3	ENSG00000288736
ENST00000837292.1	ENSG00000288736.3	ENSG00000288736
ENST00000837293.1	ENSG00000288736.3	ENSG00000288736
ENST00000837294.1	ENSG00000288736.3	ENSG00000288736
ENST00000686965.1	ENSG00000288740.2	ENSG00000288740
ENST00000692568.1	ENSG00000288740.2	ENSG00000288740
ENST00000693054.2	ENSG00000288740.2	ENSG00000288740
ENST00000789028.1	ENSG00000288740.2	ENSG00000288740
ENST00000688288.2	ENSG00000288760.2	ENSG00000288760
ENST00000685569.2	ENSG00000288769.3	ENSG00000288769
ENST00000692239.2	ENSG00000288769.3	ENSG00000288769
ENST00000692607.1	ENSG00000288769.3	ENSG00000288769
ENST00000753997.1	ENSG00000288769.3	ENSG00000288769
ENST00000753998.1	ENSG00000288769.3	ENSG00000288769
ENST00000753999.1	ENSG00000288769.3	ENSG00000288769
ENST00000754000.1	ENSG00000288769.3	ENSG00000288769
ENST00000754001.1	ENSG00000288769.3	ENSG00000288769
ENST00000754002.1	ENSG00000288769.3	ENSG00000288769
ENST00000814952.1	ENSG00000288771.3	ENSG00000288771
ENST00000692663.2	ENSG00000288774.2	ENSG00000288774
ENST00000690049.1	ENSG00000288780.1	ENSG00000288780
ENST00000769957.1	ENSG00000288781.3	ENSG00000288781
ENST00000693380.2	ENSG00000288785.2	ENSG00000288785
ENST00000739980.1	ENSG00000288785.2	ENSG00000288785
ENST00000739981.1	ENSG00000288785.2	ENSG00000288785
ENST00000739982.1	ENSG00000288785.2	ENSG00000288785
ENST00000739983.1	ENSG00000288785.2	ENSG00000288785
ENST00000739984.1	ENSG00000288785.2	ENSG00000288785
ENST00000739985.1	ENSG00000288785.2	ENSG00000288785
ENST00000739986.1	ENSG00000288785.2	ENSG00000288785
ENST00000739987.1	ENSG00000288785.2	ENSG00000288785
ENST00000739988.1	ENSG00000288785.2	ENSG00000288785
ENST00000739989.1	ENSG00000288785.2	ENSG00000288785
ENST00000739990.1	ENSG00000288785.2	ENSG00000288785
ENST00000739991.1	ENSG00000288785.2	ENSG00000288785
ENST00000739992.1	ENSG00000288785.2	ENSG00000288785
ENST00000739993.1	ENSG00000288785.2	ENSG00000288785
ENST00000739994.1	ENSG00000288785.2	ENSG00000288785
ENST00000739995.1	ENSG00000288785.2	ENSG00000288785
ENST00000739996.1	ENSG00000288785.2	ENSG00000288785
ENST00000739997.1	ENSG00000288785.2	ENSG00000288785
ENST00000767690.1	ENSG00000288791.2	ENSG00000288791
ENST00000767692.1	ENSG00000288791.2	ENSG00000288791
ENST00000685057.1	ENSG00000288792.1	ENSG00000288792
ENST00000689647.1	ENSG00000288793.1	ENSG00000288793
ENST00000692151.1	ENSG00000288794.1	ENSG00000288794
ENST00000685046.1	ENSG00000288803.1	ENSG00000288803
ENST00000685799.2	ENSG00000288804.2	ENSG00000288804
ENST00000692053.3	ENSG00000288822.3	ENSG00000288822
ENST00000689293.2	ENSG00000288835.2	ENSG00000288835
ENST00000796101.1	ENSG00000288835.2	ENSG00000288835
ENST00000693532.2	ENSG00000288846.2	ENSG00000288846
ENST00000800107.1	ENSG00000288846.2	ENSG00000288846
ENST00000800108.1	ENSG00000288846.2	ENSG00000288846
ENST00000690303.3	ENSG00000288848.3	ENSG00000288848
ENST00000766643.1	ENSG00000288848.3	ENSG00000288848
ENST00000766644.1	ENSG00000288848.3	ENSG00000288848
ENST00000766645.1	ENSG00000288848.3	ENSG00000288848
ENST00000766652.1	ENSG00000288848.3	ENSG00000288848
ENST00000693297.2	ENSG00000288862.2	ENSG00000288862
ENST00000843226.1	ENSG00000288862.2	ENSG00000288862
ENST00000843227.1	ENSG00000288862.2	ENSG00000288862
ENST00000685605.3	ENSG00000288868.3	ENSG00000288868
ENST00000690011.3	ENSG00000288880.3	ENSG00000288880
ENST00000702956.2	ENSG00000288880.3	ENSG00000288880
ENST00000724872.1	ENSG00000288880.3	ENSG00000288880
ENST00000724873.1	ENSG00000288880.3	ENSG00000288880
ENST00000724874.1	ENSG00000288880.3	ENSG00000288880
ENST00000685633.3	ENSG00000288886.3	ENSG00000288886
ENST00000687045.2	ENSG00000288886.3	ENSG00000288886
ENST00000692682.2	ENSG00000288886.3	ENSG00000288886
ENST00000702236.2	ENSG00000288886.3	ENSG00000288886
ENST00000702807.2	ENSG00000288886.3	ENSG00000288886
ENST00000716304.1	ENSG00000288886.3	ENSG00000288886
ENST00000716305.1	ENSG00000288886.3	ENSG00000288886
ENST00000801176.1	ENSG00000288886.3	ENSG00000288886
ENST00000690443.2	ENSG00000288895.3	ENSG00000288895
ENST00000693515.3	ENSG00000288895.3	ENSG00000288895
ENST00000803501.1	ENSG00000288895.3	ENSG00000288895
ENST00000803502.1	ENSG00000288895.3	ENSG00000288895
ENST00000803503.1	ENSG00000288895.3	ENSG00000288895
ENST00000803504.1	ENSG00000288895.3	ENSG00000288895
ENST00000803505.1	ENSG00000288895.3	ENSG00000288895
ENST00000803506.1	ENSG00000288895.3	ENSG00000288895
ENST00000803507.1	ENSG00000288895.3	ENSG00000288895
ENST00000687233.2	ENSG00000288898.2	ENSG00000288898
ENST00000689696.2	ENSG00000288898.2	ENSG00000288898
ENST00000798916.1	ENSG00000288898.2	ENSG00000288898
ENST00000798917.1	ENSG00000288898.2	ENSG00000288898
ENST00000798918.1	ENSG00000288898.2	ENSG00000288898
ENST00000798919.1	ENSG00000288898.2	ENSG00000288898
ENST00000798920.1	ENSG00000288898.2	ENSG00000288898
ENST00000798923.1	ENSG00000288898.2	ENSG00000288898
ENST00000798925.1	ENSG00000288898.2	ENSG00000288898
ENST00000798926.1	ENSG00000288898.2	ENSG00000288898
ENST00000414512.1	ENSG00000288902.3	ENSG00000288902
ENST00000438633.1	ENSG00000288902.3	ENSG00000288902
ENST00000657044.1	ENSG00000288902.3	ENSG00000288902
ENST00000662749.1	ENSG00000288902.3	ENSG00000288902
ENST00000665624.1	ENSG00000288902.3	ENSG00000288902
ENST00000670511.1	ENSG00000288902.3	ENSG00000288902
ENST00000692185.2	ENSG00000288902.3	ENSG00000288902
ENST00000702748.2	ENSG00000288902.3	ENSG00000288902
ENST00000830324.1	ENSG00000288902.3	ENSG00000288902
ENST00000830327.1	ENSG00000288902.3	ENSG00000288902
ENST00000830328.1	ENSG00000288902.3	ENSG00000288902
ENST00000830333.1	ENSG00000288902.3	ENSG00000288902
ENST00000830334.1	ENSG00000288902.3	ENSG00000288902
ENST00000830335.1	ENSG00000288902.3	ENSG00000288902
ENST00000830339.1	ENSG00000288902.3	ENSG00000288902
ENST00000830341.1	ENSG00000288902.3	ENSG00000288902
ENST00000830342.1	ENSG00000288902.3	ENSG00000288902
ENST00000830343.1	ENSG00000288902.3	ENSG00000288902
ENST00000830344.1	ENSG00000288902.3	ENSG00000288902
ENST00000830345.1	ENSG00000288902.3	ENSG00000288902
ENST00000830443.1	ENSG00000288902.3	ENSG00000288902
ENST00000830444.1	ENSG00000288902.3	ENSG00000288902
ENST00000830445.1	ENSG00000288902.3	ENSG00000288902
ENST00000830446.1	ENSG00000288902.3	ENSG00000288902
ENST00000830447.1	ENSG00000288902.3	ENSG00000288902
ENST00000830448.1	ENSG00000288902.3	ENSG00000288902
ENST00000830449.1	ENSG00000288902.3	ENSG00000288902
ENST00000830450.1	ENSG00000288902.3	ENSG00000288902
ENST00000830451.1	ENSG00000288902.3	ENSG00000288902
ENST00000830452.1	ENSG00000288902.3	ENSG00000288902
ENST00000830782.1	ENSG00000288902.3	ENSG00000288902
ENST00000831051.1	ENSG00000288902.3	ENSG00000288902
ENST00000831052.1	ENSG00000288902.3	ENSG00000288902
ENST00000831053.1	ENSG00000288902.3	ENSG00000288902
ENST00000685351.3	ENSG00000288913.3	ENSG00000288913
ENST00000777676.1	ENSG00000288913.3	ENSG00000288913
ENST00000777677.1	ENSG00000288913.3	ENSG00000288913
ENST00000688638.3	ENSG00000288927.3	ENSG00000288927
ENST00000693657.3	ENSG00000288927.3	ENSG00000288927
ENST00000812282.1	ENSG00000288927.3	ENSG00000288927
ENST00000812283.1	ENSG00000288927.3	ENSG00000288927
ENST00000717282.1	ENSG00000288932.1	ENSG00000288932
ENST00000717284.1	ENSG00000288932.1	ENSG00000288932
ENST00000717285.1	ENSG00000288932.1	ENSG00000288932
ENST00000686928.3	ENSG00000288934.3	ENSG00000288934
ENST00000776060.1	ENSG00000288934.3	ENSG00000288934
ENST00000686372.3	ENSG00000288937.3	ENSG00000288937
ENST00000762315.1	ENSG00000288937.3	ENSG00000288937
ENST00000685440.2	ENSG00000288940.2	ENSG00000288940
ENST00000749797.1	ENSG00000288940.2	ENSG00000288940
ENST00000691915.2	ENSG00000288955.2	ENSG00000288955
ENST00000690386.3	ENSG00000288960.3	ENSG00000288960
ENST00000777622.1	ENSG00000288960.3	ENSG00000288960
ENST00000777624.1	ENSG00000288960.3	ENSG00000288960
ENST00000777625.1	ENSG00000288960.3	ENSG00000288960
ENST00000777627.1	ENSG00000288960.3	ENSG00000288960
ENST00000777628.1	ENSG00000288960.3	ENSG00000288960
ENST00000777629.1	ENSG00000288960.3	ENSG00000288960
ENST00000777630.1	ENSG00000288960.3	ENSG00000288960
ENST00000777631.1	ENSG00000288960.3	ENSG00000288960
ENST00000777632.1	ENSG00000288960.3	ENSG00000288960
ENST00000688058.2	ENSG00000288967.2	ENSG00000288967
ENST00000687679.1	ENSG00000288969.1	ENSG00000288969
ENST00000692072.1	ENSG00000288978.4	ENSG00000288978
ENST00000702007.2	ENSG00000288978.4	ENSG00000288978
ENST00000787667.1	ENSG00000288978.4	ENSG00000288978
ENST00000733520.1	ENSG00000288996.3	ENSG00000288996
ENST00000733521.1	ENSG00000288996.3	ENSG00000288996
ENST00000733524.1	ENSG00000288996.3	ENSG00000288996
ENST00000733526.1	ENSG00000288996.3	ENSG00000288996
ENST00000692741.3	ENSG00000288998.3	ENSG00000288998
ENST00000692613.3	ENSG00000288999.3	ENSG00000288999
ENST00000718566.1	ENSG00000288999.3	ENSG00000288999
ENST00000751766.1	ENSG00000289002.3	ENSG00000289002
ENST00000686975.1	ENSG00000289003.1	ENSG00000289003
ENST00000691317.2	ENSG00000289019.2	ENSG00000289019
ENST00000809220.1	ENSG00000289019.2	ENSG00000289019
ENST00000809221.1	ENSG00000289019.2	ENSG00000289019
ENST00000809222.1	ENSG00000289019.2	ENSG00000289019
ENST00000809223.1	ENSG00000289019.2	ENSG00000289019
ENST00000809224.1	ENSG00000289019.2	ENSG00000289019
ENST00000691022.2	ENSG00000289026.2	ENSG00000289026
ENST00000738740.1	ENSG00000289026.2	ENSG00000289026
ENST00000738741.1	ENSG00000289026.2	ENSG00000289026
ENST00000738742.1	ENSG00000289026.2	ENSG00000289026
ENST00000738743.1	ENSG00000289026.2	ENSG00000289026
ENST00000738744.1	ENSG00000289026.2	ENSG00000289026
ENST00000738745.1	ENSG00000289026.2	ENSG00000289026
ENST00000738746.1	ENSG00000289026.2	ENSG00000289026
ENST00000738747.1	ENSG00000289026.2	ENSG00000289026
ENST00000738748.1	ENSG00000289026.2	ENSG00000289026
ENST00000738749.1	ENSG00000289026.2	ENSG00000289026
ENST00000738750.1	ENSG00000289026.2	ENSG00000289026
ENST00000738751.1	ENSG00000289026.2	ENSG00000289026
ENST00000689467.2	ENSG00000289032.2	ENSG00000289032
ENST00000691558.2	ENSG00000289035.2	ENSG00000289035
ENST00000804741.1	ENSG00000289035.2	ENSG00000289035
ENST00000804742.1	ENSG00000289035.2	ENSG00000289035
ENST00000804743.1	ENSG00000289035.2	ENSG00000289035
ENST00000684930.2	ENSG00000289043.2	ENSG00000289043
ENST00000728237.1	ENSG00000289043.2	ENSG00000289043
ENST00000736902.1	ENSG00000289060.2	ENSG00000289060
ENST00000687731.3	ENSG00000289063.3	ENSG00000289063
ENST00000685957.3	ENSG00000289071.3	ENSG00000289071
ENST00000831767.1	ENSG00000289071.3	ENSG00000289071
ENST00000831768.1	ENSG00000289071.3	ENSG00000289071
ENST00000686967.3	ENSG00000289075.3	ENSG00000289075
ENST00000687957.3	ENSG00000289076.3	ENSG00000289076
ENST00000819314.1	ENSG00000289076.3	ENSG00000289076
ENST00000685464.2	ENSG00000289078.2	ENSG00000289078
ENST00000689432.2	ENSG00000289078.2	ENSG00000289078
ENST00000818544.1	ENSG00000289078.2	ENSG00000289078
ENST00000818545.1	ENSG00000289078.2	ENSG00000289078
ENST00000818546.1	ENSG00000289078.2	ENSG00000289078
ENST00000818549.1	ENSG00000289078.2	ENSG00000289078
ENST00000818550.1	ENSG00000289078.2	ENSG00000289078
ENST00000693574.3	ENSG00000289086.3	ENSG00000289086
ENST00000750514.1	ENSG00000289086.3	ENSG00000289086
ENST00000750515.1	ENSG00000289086.3	ENSG00000289086
ENST00000750516.1	ENSG00000289086.3	ENSG00000289086
ENST00000750517.1	ENSG00000289086.3	ENSG00000289086
ENST00000750518.1	ENSG00000289086.3	ENSG00000289086
ENST00000750519.1	ENSG00000289086.3	ENSG00000289086
ENST00000750520.1	ENSG00000289086.3	ENSG00000289086
ENST00000750521.1	ENSG00000289086.3	ENSG00000289086
ENST00000688946.1	ENSG00000289096.1	ENSG00000289096
ENST00000684838.1	ENSG00000289099.1	ENSG00000289099
ENST00000685721.3	ENSG00000289106.3	ENSG00000289106
ENST00000691633.3	ENSG00000289112.3	ENSG00000289112
ENST00000747818.1	ENSG00000289112.3	ENSG00000289112
ENST00000687320.2	ENSG00000289113.2	ENSG00000289113
ENST00000689191.2	ENSG00000289113.2	ENSG00000289113
ENST00000723970.1	ENSG00000289113.2	ENSG00000289113
ENST00000723972.1	ENSG00000289113.2	ENSG00000289113
ENST00000687361.2	ENSG00000289114.2	ENSG00000289114
ENST00000754479.1	ENSG00000289114.2	ENSG00000289114
ENST00000690903.2	ENSG00000289121.2	ENSG00000289121
ENST00000686250.1	ENSG00000289138.1	ENSG00000289138
ENST00000690658.3	ENSG00000289165.3	ENSG00000289165
ENST00000702551.2	ENSG00000289165.3	ENSG00000289165
ENST00000734902.1	ENSG00000289165.3	ENSG00000289165
ENST00000734903.1	ENSG00000289165.3	ENSG00000289165
ENST00000734904.1	ENSG00000289165.3	ENSG00000289165
ENST00000734905.1	ENSG00000289165.3	ENSG00000289165
ENST00000689790.2	ENSG00000289169.2	ENSG00000289169
ENST00000720931.1	ENSG00000289169.2	ENSG00000289169
ENST00000720932.1	ENSG00000289169.2	ENSG00000289169
ENST00000689583.1	ENSG00000289186.1	ENSG00000289186
ENST00000798913.1	ENSG00000289197.3	ENSG00000289197
ENST00000798914.1	ENSG00000289197.3	ENSG00000289197
ENST00000722170.1	ENSG00000289202.4	ENSG00000289202
ENST00000722174.1	ENSG00000289202.4	ENSG00000289202
ENST00000686960.2	ENSG00000289205.3	ENSG00000289205
ENST00000702947.1	ENSG00000289205.3	ENSG00000289205
ENST00000779284.1	ENSG00000289205.3	ENSG00000289205
ENST00000691991.1	ENSG00000289212.2	ENSG00000289212
ENST00000810898.1	ENSG00000289212.2	ENSG00000289212
ENST00000810899.1	ENSG00000289212.2	ENSG00000289212
ENST00000687934.1	ENSG00000289233.1	ENSG00000289233
ENST00000688589.2	ENSG00000289243.2	ENSG00000289243
ENST00000835243.1	ENSG00000289243.2	ENSG00000289243
ENST00000835244.1	ENSG00000289243.2	ENSG00000289243
ENST00000835245.1	ENSG00000289243.2	ENSG00000289243
ENST00000835246.1	ENSG00000289243.2	ENSG00000289243
ENST00000835247.1	ENSG00000289243.2	ENSG00000289243
ENST00000685323.1	ENSG00000289250.1	ENSG00000289250
ENST00000685640.3	ENSG00000289253.3	ENSG00000289253
ENST00000836607.1	ENSG00000289253.3	ENSG00000289253
ENST00000692287.1	ENSG00000289265.1	ENSG00000289265
ENST00000690844.1	ENSG00000289272.1	ENSG00000289272
ENST00000691016.1	ENSG00000289273.1	ENSG00000289273
ENST00000690174.1	ENSG00000289279.1	ENSG00000289279
ENST00000687576.3	ENSG00000289288.3	ENSG00000289288
ENST00000692401.3	ENSG00000289296.3	ENSG00000289296
ENST00000753973.1	ENSG00000289300.3	ENSG00000289300
ENST00000753974.1	ENSG00000289300.3	ENSG00000289300
ENST00000753975.1	ENSG00000289300.3	ENSG00000289300
ENST00000691946.1	ENSG00000289305.1	ENSG00000289305
ENST00000686538.2	ENSG00000289308.3	ENSG00000289308
ENST00000687859.2	ENSG00000289308.3	ENSG00000289308
ENST00000687980.2	ENSG00000289308.3	ENSG00000289308
ENST00000691227.2	ENSG00000289308.3	ENSG00000289308
ENST00000693254.3	ENSG00000289308.3	ENSG00000289308
ENST00000693203.3	ENSG00000289317.3	ENSG00000289317
ENST00000720774.1	ENSG00000289317.3	ENSG00000289317
ENST00000720775.1	ENSG00000289317.3	ENSG00000289317
ENST00000685922.2	ENSG00000289318.3	ENSG00000289318
ENST00000702389.1	ENSG00000289318.3	ENSG00000289318
ENST00000722525.1	ENSG00000289318.3	ENSG00000289318
ENST00000722526.1	ENSG00000289318.3	ENSG00000289318
ENST00000687869.3	ENSG00000289324.3	ENSG00000289324
ENST00000688727.2	ENSG00000289326.3	ENSG00000289326
ENST00000690893.2	ENSG00000289326.3	ENSG00000289326
ENST00000702577.2	ENSG00000289326.3	ENSG00000289326
ENST00000813446.1	ENSG00000289326.3	ENSG00000289326
ENST00000813447.1	ENSG00000289326.3	ENSG00000289326
ENST00000813448.1	ENSG00000289326.3	ENSG00000289326
ENST00000813449.1	ENSG00000289326.3	ENSG00000289326
ENST00000813450.1	ENSG00000289326.3	ENSG00000289326
ENST00000813451.1	ENSG00000289326.3	ENSG00000289326
ENST00000813452.1	ENSG00000289326.3	ENSG00000289326
ENST00000813454.1	ENSG00000289326.3	ENSG00000289326
ENST00000813455.1	ENSG00000289326.3	ENSG00000289326
ENST00000813457.1	ENSG00000289326.3	ENSG00000289326
ENST00000813458.1	ENSG00000289326.3	ENSG00000289326
ENST00000813460.1	ENSG00000289326.3	ENSG00000289326
ENST00000813463.1	ENSG00000289326.3	ENSG00000289326
ENST00000813464.1	ENSG00000289326.3	ENSG00000289326
ENST00000813465.1	ENSG00000289326.3	ENSG00000289326
ENST00000813466.1	ENSG00000289326.3	ENSG00000289326
ENST00000813467.1	ENSG00000289326.3	ENSG00000289326
ENST00000813468.1	ENSG00000289326.3	ENSG00000289326
ENST00000813469.1	ENSG00000289326.3	ENSG00000289326
ENST00000813470.1	ENSG00000289326.3	ENSG00000289326
ENST00000813471.1	ENSG00000289326.3	ENSG00000289326
ENST00000813472.1	ENSG00000289326.3	ENSG00000289326
ENST00000813473.1	ENSG00000289326.3	ENSG00000289326
ENST00000813474.1	ENSG00000289326.3	ENSG00000289326
ENST00000813475.1	ENSG00000289326.3	ENSG00000289326
ENST00000693347.1	ENSG00000289337.1	ENSG00000289337
ENST00000685356.3	ENSG00000289341.3	ENSG00000289341
ENST00000689735.3	ENSG00000289342.3	ENSG00000289342
ENST00000691532.2	ENSG00000289342.3	ENSG00000289342
ENST00000702483.2	ENSG00000289342.3	ENSG00000289342
ENST00000775425.1	ENSG00000289342.3	ENSG00000289342
ENST00000775426.1	ENSG00000289342.3	ENSG00000289342
ENST00000775427.1	ENSG00000289342.3	ENSG00000289342
ENST00000775428.1	ENSG00000289342.3	ENSG00000289342
ENST00000775429.1	ENSG00000289342.3	ENSG00000289342
ENST00000775430.1	ENSG00000289342.3	ENSG00000289342
ENST00000775431.1	ENSG00000289342.3	ENSG00000289342
ENST00000690647.2	ENSG00000289348.2	ENSG00000289348
ENST00000834898.1	ENSG00000289348.2	ENSG00000289348
ENST00000453206.1	ENSG00000289349.2	ENSG00000289349
ENST00000840656.1	ENSG00000289349.2	ENSG00000289349
ENST00000840658.1	ENSG00000289349.2	ENSG00000289349
ENST00000840660.1	ENSG00000289349.2	ENSG00000289349
ENST00000840661.1	ENSG00000289349.2	ENSG00000289349
ENST00000689412.3	ENSG00000289351.3	ENSG00000289351
ENST00000759759.1	ENSG00000289351.3	ENSG00000289351
ENST00000759760.1	ENSG00000289351.3	ENSG00000289351
ENST00000759761.1	ENSG00000289351.3	ENSG00000289351
ENST00000759762.1	ENSG00000289351.3	ENSG00000289351
ENST00000685379.1	ENSG00000289355.3	ENSG00000289355
ENST00000686843.3	ENSG00000289355.3	ENSG00000289355
ENST00000702238.2	ENSG00000289355.3	ENSG00000289355
ENST00000820315.1	ENSG00000289355.3	ENSG00000289355
ENST00000820316.1	ENSG00000289355.3	ENSG00000289355
ENST00000820317.1	ENSG00000289355.3	ENSG00000289355
ENST00000820319.1	ENSG00000289355.3	ENSG00000289355
ENST00000820320.1	ENSG00000289355.3	ENSG00000289355
ENST00000820321.1	ENSG00000289355.3	ENSG00000289355
ENST00000820322.1	ENSG00000289355.3	ENSG00000289355
ENST00000820323.1	ENSG00000289355.3	ENSG00000289355
ENST00000820324.1	ENSG00000289355.3	ENSG00000289355
ENST00000820325.1	ENSG00000289355.3	ENSG00000289355
ENST00000820326.1	ENSG00000289355.3	ENSG00000289355
ENST00000820327.1	ENSG00000289355.3	ENSG00000289355
ENST00000820328.1	ENSG00000289355.3	ENSG00000289355
ENST00000820329.1	ENSG00000289355.3	ENSG00000289355
ENST00000820330.1	ENSG00000289355.3	ENSG00000289355
ENST00000820331.1	ENSG00000289355.3	ENSG00000289355
ENST00000820332.1	ENSG00000289355.3	ENSG00000289355
ENST00000820333.1	ENSG00000289355.3	ENSG00000289355
ENST00000820334.1	ENSG00000289355.3	ENSG00000289355
ENST00000820335.1	ENSG00000289355.3	ENSG00000289355
ENST00000820336.1	ENSG00000289355.3	ENSG00000289355
ENST00000820337.1	ENSG00000289355.3	ENSG00000289355
ENST00000820338.1	ENSG00000289355.3	ENSG00000289355
ENST00000820339.1	ENSG00000289355.3	ENSG00000289355
ENST00000820340.1	ENSG00000289355.3	ENSG00000289355
ENST00000685669.2	ENSG00000289356.2	ENSG00000289356
ENST00000801371.1	ENSG00000289356.2	ENSG00000289356
ENST00000801372.1	ENSG00000289356.2	ENSG00000289356
ENST00000801373.1	ENSG00000289356.2	ENSG00000289356
ENST00000801374.1	ENSG00000289356.2	ENSG00000289356
ENST00000801375.1	ENSG00000289356.2	ENSG00000289356
ENST00000801376.1	ENSG00000289356.2	ENSG00000289356
ENST00000687523.1	ENSG00000289358.2	ENSG00000289358
ENST00000690562.2	ENSG00000289358.2	ENSG00000289358
ENST00000843788.1	ENSG00000289358.2	ENSG00000289358
ENST00000843789.1	ENSG00000289358.2	ENSG00000289358
ENST00000843790.1	ENSG00000289358.2	ENSG00000289358
ENST00000843791.1	ENSG00000289358.2	ENSG00000289358
ENST00000843792.1	ENSG00000289358.2	ENSG00000289358
ENST00000843793.1	ENSG00000289358.2	ENSG00000289358
ENST00000843794.1	ENSG00000289358.2	ENSG00000289358
ENST00000843795.1	ENSG00000289358.2	ENSG00000289358
ENST00000843796.1	ENSG00000289358.2	ENSG00000289358
ENST00000843797.1	ENSG00000289358.2	ENSG00000289358
ENST00000843798.1	ENSG00000289358.2	ENSG00000289358
ENST00000843799.1	ENSG00000289358.2	ENSG00000289358
ENST00000843800.1	ENSG00000289358.2	ENSG00000289358
ENST00000843801.1	ENSG00000289358.2	ENSG00000289358
ENST00000843802.1	ENSG00000289358.2	ENSG00000289358
ENST00000843803.1	ENSG00000289358.2	ENSG00000289358
ENST00000843804.1	ENSG00000289358.2	ENSG00000289358
ENST00000843805.1	ENSG00000289358.2	ENSG00000289358
ENST00000843806.1	ENSG00000289358.2	ENSG00000289358
ENST00000843807.1	ENSG00000289358.2	ENSG00000289358
ENST00000843808.1	ENSG00000289358.2	ENSG00000289358
ENST00000843809.1	ENSG00000289358.2	ENSG00000289358
ENST00000843810.1	ENSG00000289358.2	ENSG00000289358
ENST00000843811.1	ENSG00000289358.2	ENSG00000289358
ENST00000843812.1	ENSG00000289358.2	ENSG00000289358
ENST00000843813.1	ENSG00000289358.2	ENSG00000289358
ENST00000843814.1	ENSG00000289358.2	ENSG00000289358
ENST00000843815.1	ENSG00000289358.2	ENSG00000289358
ENST00000843816.1	ENSG00000289358.2	ENSG00000289358
ENST00000690275.1	ENSG00000289380.1	ENSG00000289380
ENST00000686328.2	ENSG00000289389.2	ENSG00000289389
ENST00000687687.2	ENSG00000289393.2	ENSG00000289393
ENST00000737342.1	ENSG00000289393.2	ENSG00000289393
ENST00000737343.1	ENSG00000289393.2	ENSG00000289393
ENST00000737344.1	ENSG00000289393.2	ENSG00000289393
ENST00000737345.1	ENSG00000289393.2	ENSG00000289393
ENST00000737346.1	ENSG00000289393.2	ENSG00000289393
ENST00000737347.1	ENSG00000289393.2	ENSG00000289393
ENST00000737348.1	ENSG00000289393.2	ENSG00000289393
ENST00000737349.1	ENSG00000289393.2	ENSG00000289393
ENST00000737350.1	ENSG00000289393.2	ENSG00000289393
ENST00000737351.1	ENSG00000289393.2	ENSG00000289393
ENST00000737352.1	ENSG00000289393.2	ENSG00000289393
ENST00000737353.1	ENSG00000289393.2	ENSG00000289393
ENST00000691240.2	ENSG00000289394.2	ENSG00000289394
ENST00000743912.1	ENSG00000289394.2	ENSG00000289394
ENST00000687540.3	ENSG00000289414.3	ENSG00000289414
ENST00000691300.1	ENSG00000289417.1	ENSG00000289417
ENST00000804703.1	ENSG00000289422.3	ENSG00000289422
ENST00000686005.1	ENSG00000289425.1	ENSG00000289425
ENST00000693292.2	ENSG00000289426.2	ENSG00000289426
ENST00000740683.1	ENSG00000289426.2	ENSG00000289426
ENST00000740684.1	ENSG00000289426.2	ENSG00000289426
ENST00000740686.1	ENSG00000289426.2	ENSG00000289426
ENST00000740687.1	ENSG00000289426.2	ENSG00000289426
ENST00000740688.1	ENSG00000289426.2	ENSG00000289426
ENST00000690027.3	ENSG00000289432.3	ENSG00000289432
ENST00000690036.2	ENSG00000289450.3	ENSG00000289450
ENST00000691186.2	ENSG00000289450.3	ENSG00000289450
ENST00000691357.3	ENSG00000289450.3	ENSG00000289450
ENST00000701024.2	ENSG00000289450.3	ENSG00000289450
ENST00000813894.1	ENSG00000289450.3	ENSG00000289450
ENST00000813896.1	ENSG00000289450.3	ENSG00000289450
ENST00000813897.1	ENSG00000289450.3	ENSG00000289450
ENST00000813898.1	ENSG00000289450.3	ENSG00000289450
ENST00000813899.1	ENSG00000289450.3	ENSG00000289450
ENST00000813900.1	ENSG00000289450.3	ENSG00000289450
ENST00000813901.1	ENSG00000289450.3	ENSG00000289450
ENST00000813902.1	ENSG00000289450.3	ENSG00000289450
ENST00000813903.1	ENSG00000289450.3	ENSG00000289450
ENST00000813904.1	ENSG00000289450.3	ENSG00000289450
ENST00000813905.1	ENSG00000289450.3	ENSG00000289450
ENST00000813906.1	ENSG00000289450.3	ENSG00000289450
ENST00000813907.1	ENSG00000289450.3	ENSG00000289450
ENST00000813908.1	ENSG00000289450.3	ENSG00000289450
ENST00000813918.1	ENSG00000289450.3	ENSG00000289450
ENST00000813919.1	ENSG00000289450.3	ENSG00000289450
ENST00000689641.3	ENSG00000289457.3	ENSG00000289457
ENST00000689020.2	ENSG00000289462.2	ENSG00000289462
ENST00000690414.1	ENSG00000289463.1	ENSG00000289463
ENST00000688670.3	ENSG00000289469.3	ENSG00000289469
ENST00000691714.3	ENSG00000289469.3	ENSG00000289469
ENST00000692257.2	ENSG00000289469.3	ENSG00000289469
ENST00000759375.1	ENSG00000289469.3	ENSG00000289469
ENST00000759376.1	ENSG00000289469.3	ENSG00000289469
ENST00000759377.1	ENSG00000289469.3	ENSG00000289469
ENST00000759378.1	ENSG00000289469.3	ENSG00000289469
ENST00000759379.1	ENSG00000289469.3	ENSG00000289469
ENST00000688847.1	ENSG00000289479.2	ENSG00000289479
ENST00000755579.1	ENSG00000289479.2	ENSG00000289479
ENST00000755590.1	ENSG00000289479.2	ENSG00000289479
ENST00000755592.1	ENSG00000289479.2	ENSG00000289479
ENST00000755594.1	ENSG00000289479.2	ENSG00000289479
ENST00000755595.1	ENSG00000289479.2	ENSG00000289479
ENST00000755596.1	ENSG00000289479.2	ENSG00000289479
ENST00000755597.1	ENSG00000289479.2	ENSG00000289479
ENST00000755598.1	ENSG00000289479.2	ENSG00000289479
ENST00000755599.1	ENSG00000289479.2	ENSG00000289479
ENST00000755600.1	ENSG00000289479.2	ENSG00000289479
ENST00000755601.1	ENSG00000289479.2	ENSG00000289479
ENST00000755603.1	ENSG00000289479.2	ENSG00000289479
ENST00000755604.1	ENSG00000289479.2	ENSG00000289479
ENST00000755605.1	ENSG00000289479.2	ENSG00000289479
ENST00000755606.1	ENSG00000289479.2	ENSG00000289479
ENST00000685826.1	ENSG00000289480.1	ENSG00000289480
ENST00000693491.1	ENSG00000289488.1	ENSG00000289488
ENST00000689805.2	ENSG00000289498.2	ENSG00000289498
ENST00000691896.3	ENSG00000289500.3	ENSG00000289500
ENST00000693211.1	ENSG00000289504.1	ENSG00000289504
ENST00000685341.1	ENSG00000289507.1	ENSG00000289507
ENST00000685094.3	ENSG00000289515.3	ENSG00000289515
ENST00000690643.1	ENSG00000289520.1	ENSG00000289520
ENST00000688489.2	ENSG00000289527.2	ENSG00000289527
ENST00000689822.2	ENSG00000289527.2	ENSG00000289527
ENST00000809014.1	ENSG00000289527.2	ENSG00000289527
ENST00000693757.2	ENSG00000289533.2	ENSG00000289533
ENST00000821770.1	ENSG00000289533.2	ENSG00000289533
ENST00000821771.1	ENSG00000289533.2	ENSG00000289533
ENST00000821772.1	ENSG00000289533.2	ENSG00000289533
ENST00000821773.1	ENSG00000289533.2	ENSG00000289533
ENST00000821774.1	ENSG00000289533.2	ENSG00000289533
ENST00000686725.2	ENSG00000289540.2	ENSG00000289540
ENST00000690154.2	ENSG00000289544.2	ENSG00000289544
ENST00000693270.2	ENSG00000289555.2	ENSG00000289555
ENST00000687484.3	ENSG00000289556.3	ENSG00000289556
ENST00000692668.2	ENSG00000289558.2	ENSG00000289558
ENST00000689865.3	ENSG00000289566.3	ENSG00000289566
ENST00000691863.3	ENSG00000289567.3	ENSG00000289567
ENST00000689453.2	ENSG00000289573.2	ENSG00000289573
ENST00000756969.1	ENSG00000289573.2	ENSG00000289573
ENST00000756970.1	ENSG00000289573.2	ENSG00000289573
ENST00000756971.1	ENSG00000289573.2	ENSG00000289573
ENST00000756972.1	ENSG00000289573.2	ENSG00000289573
ENST00000756973.1	ENSG00000289573.2	ENSG00000289573
ENST00000756974.1	ENSG00000289573.2	ENSG00000289573
ENST00000686574.1	ENSG00000289574.1	ENSG00000289574
ENST00000685016.2	ENSG00000289580.2	ENSG00000289580
ENST00000687715.1	ENSG00000289580.2	ENSG00000289580
ENST00000747872.1	ENSG00000289580.2	ENSG00000289580
ENST00000747873.1	ENSG00000289580.2	ENSG00000289580
ENST00000685856.1	ENSG00000289581.1	ENSG00000289581
ENST00000687782.2	ENSG00000289586.3	ENSG00000289586
ENST00000693024.2	ENSG00000289586.3	ENSG00000289586
ENST00000693132.2	ENSG00000289586.3	ENSG00000289586
ENST00000693378.3	ENSG00000289586.3	ENSG00000289586
ENST00000701404.2	ENSG00000289586.3	ENSG00000289586
ENST00000701690.2	ENSG00000289586.3	ENSG00000289586
ENST00000721569.1	ENSG00000289586.3	ENSG00000289586
ENST00000721570.1	ENSG00000289586.3	ENSG00000289586
ENST00000721571.1	ENSG00000289586.3	ENSG00000289586
ENST00000721574.1	ENSG00000289586.3	ENSG00000289586
ENST00000721575.1	ENSG00000289586.3	ENSG00000289586
ENST00000721576.1	ENSG00000289586.3	ENSG00000289586
ENST00000721577.1	ENSG00000289586.3	ENSG00000289586
ENST00000685806.2	ENSG00000289601.2	ENSG00000289601
ENST00000841910.1	ENSG00000289601.2	ENSG00000289601
ENST00000841911.1	ENSG00000289601.2	ENSG00000289601
ENST00000841912.1	ENSG00000289601.2	ENSG00000289601
ENST00000841913.1	ENSG00000289601.2	ENSG00000289601
ENST00000841914.1	ENSG00000289601.2	ENSG00000289601
ENST00000841915.1	ENSG00000289601.2	ENSG00000289601
ENST00000841917.1	ENSG00000289601.2	ENSG00000289601
ENST00000841918.1	ENSG00000289601.2	ENSG00000289601
ENST00000841919.1	ENSG00000289601.2	ENSG00000289601
ENST00000841922.1	ENSG00000289601.2	ENSG00000289601
ENST00000841924.1	ENSG00000289601.2	ENSG00000289601
ENST00000841931.1	ENSG00000289601.2	ENSG00000289601
ENST00000690654.2	ENSG00000289602.2	ENSG00000289602
ENST00000773366.1	ENSG00000289602.2	ENSG00000289602
ENST00000687595.3	ENSG00000289608.3	ENSG00000289608
ENST00000687814.3	ENSG00000289608.3	ENSG00000289608
ENST00000702511.2	ENSG00000289608.3	ENSG00000289608
ENST00000766167.1	ENSG00000289608.3	ENSG00000289608
ENST00000766168.1	ENSG00000289608.3	ENSG00000289608
ENST00000766169.1	ENSG00000289608.3	ENSG00000289608
ENST00000766170.1	ENSG00000289608.3	ENSG00000289608
ENST00000766171.1	ENSG00000289608.3	ENSG00000289608
ENST00000689718.1	ENSG00000289612.1	ENSG00000289612
ENST00000689436.3	ENSG00000289615.3	ENSG00000289615
ENST00000719170.1	ENSG00000289615.3	ENSG00000289615
ENST00000719171.1	ENSG00000289615.3	ENSG00000289615
ENST00000719172.1	ENSG00000289615.3	ENSG00000289615
ENST00000693039.1	ENSG00000289627.1	ENSG00000289627
ENST00000688777.1	ENSG00000289628.1	ENSG00000289628
ENST00000667880.1	ENSG00000289641.2	ENSG00000289641
ENST00000687847.2	ENSG00000289641.2	ENSG00000289641
ENST00000826703.1	ENSG00000289641.2	ENSG00000289641
ENST00000826704.1	ENSG00000289641.2	ENSG00000289641
ENST00000826705.1	ENSG00000289641.2	ENSG00000289641
ENST00000696101.1	ENSG00000289698.1	ENSG00000289698
ENST00000696106.1	ENSG00000289699.1	ENSG00000289699
ENST00000697331.1	ENSG00000289727.1	ENSG00000289727
ENST00000697332.1	ENSG00000289727.1	ENSG00000289727
ENST00000697333.1	ENSG00000289727.1	ENSG00000289727
ENST00000701016.2	ENSG00000289849.2	ENSG00000289849
ENST00000701881.2	ENSG00000289849.2	ENSG00000289849
ENST00000813154.1	ENSG00000289849.2	ENSG00000289849
ENST00000813155.1	ENSG00000289849.2	ENSG00000289849
ENST00000765828.1	ENSG00000289850.2	ENSG00000289850
ENST00000765829.1	ENSG00000289850.2	ENSG00000289850
ENST00000765830.1	ENSG00000289850.2	ENSG00000289850
ENST00000765831.1	ENSG00000289850.2	ENSG00000289850
ENST00000765832.1	ENSG00000289850.2	ENSG00000289850
ENST00000701129.2	ENSG00000289859.2	ENSG00000289859
ENST00000701335.1	ENSG00000289880.1	ENSG00000289880
ENST00000701346.1	ENSG00000289884.2	ENSG00000289884
ENST00000702159.2	ENSG00000289884.2	ENSG00000289884
ENST00000721985.1	ENSG00000289884.2	ENSG00000289884
ENST00000721986.1	ENSG00000289884.2	ENSG00000289884
ENST00000721987.1	ENSG00000289884.2	ENSG00000289884
ENST00000721988.1	ENSG00000289884.2	ENSG00000289884
ENST00000721989.1	ENSG00000289884.2	ENSG00000289884
ENST00000701348.2	ENSG00000289885.2	ENSG00000289885
ENST00000757132.1	ENSG00000289885.2	ENSG00000289885
ENST00000848830.1	ENSG00000289894.2	ENSG00000289894
ENST00000848831.1	ENSG00000289894.2	ENSG00000289894
ENST00000701499.2	ENSG00000289902.2	ENSG00000289902
ENST00000701612.2	ENSG00000289912.2	ENSG00000289912
ENST00000701779.1	ENSG00000289924.1	ENSG00000289924
ENST00000701808.2	ENSG00000289929.2	ENSG00000289929
ENST00000764695.1	ENSG00000289929.2	ENSG00000289929
ENST00000764696.1	ENSG00000289929.2	ENSG00000289929
ENST00000764697.1	ENSG00000289929.2	ENSG00000289929
ENST00000764698.1	ENSG00000289929.2	ENSG00000289929
ENST00000764699.1	ENSG00000289929.2	ENSG00000289929
ENST00000764700.1	ENSG00000289929.2	ENSG00000289929
ENST00000764702.1	ENSG00000289929.2	ENSG00000289929
ENST00000764703.1	ENSG00000289929.2	ENSG00000289929
ENST00000764704.1	ENSG00000289929.2	ENSG00000289929
ENST00000764705.1	ENSG00000289929.2	ENSG00000289929
ENST00000764706.1	ENSG00000289929.2	ENSG00000289929
ENST00000702215.2	ENSG00000289974.2	ENSG00000289974
ENST00000702314.1	ENSG00000289986.2	ENSG00000289986
ENST00000838657.1	ENSG00000289986.2	ENSG00000289986
ENST00000702390.2	ENSG00000289995.2	ENSG00000289995
ENST00000702402.2	ENSG00000289999.2	ENSG00000289999
ENST00000702444.1	ENSG00000290006.1	ENSG00000290006
ENST00000702465.1	ENSG00000290012.1	ENSG00000290012
ENST00000702485.2	ENSG00000290015.2	ENSG00000290015
ENST00000702523.2	ENSG00000290023.2	ENSG00000290023
ENST00000782040.1	ENSG00000290023.2	ENSG00000290023
ENST00000782042.1	ENSG00000290023.2	ENSG00000290023
ENST00000782043.1	ENSG00000290023.2	ENSG00000290023
ENST00000702606.2	ENSG00000290037.2	ENSG00000290037
ENST00000702618.2	ENSG00000290041.2	ENSG00000290041
ENST00000702633.2	ENSG00000290045.2	ENSG00000290045
ENST00000702636.1	ENSG00000290046.2	ENSG00000290046
ENST00000737037.1	ENSG00000290046.2	ENSG00000290046
ENST00000737038.1	ENSG00000290046.2	ENSG00000290046
ENST00000737039.1	ENSG00000290046.2	ENSG00000290046
ENST00000737040.1	ENSG00000290046.2	ENSG00000290046
ENST00000737041.1	ENSG00000290046.2	ENSG00000290046
ENST00000737042.1	ENSG00000290046.2	ENSG00000290046
ENST00000737043.1	ENSG00000290046.2	ENSG00000290046
ENST00000737044.1	ENSG00000290046.2	ENSG00000290046
ENST00000737045.1	ENSG00000290046.2	ENSG00000290046
ENST00000737046.1	ENSG00000290046.2	ENSG00000290046
ENST00000737047.1	ENSG00000290046.2	ENSG00000290046
ENST00000737048.1	ENSG00000290046.2	ENSG00000290046
ENST00000737049.1	ENSG00000290046.2	ENSG00000290046
ENST00000702717.1	ENSG00000290060.2	ENSG00000290060
ENST00000804809.1	ENSG00000290060.2	ENSG00000290060
ENST00000804810.1	ENSG00000290060.2	ENSG00000290060
ENST00000804811.1	ENSG00000290060.2	ENSG00000290060
ENST00000804813.1	ENSG00000290060.2	ENSG00000290060
ENST00000702756.1	ENSG00000290068.1	ENSG00000290068
ENST00000702772.2	ENSG00000290072.2	ENSG00000290072
ENST00000702780.2	ENSG00000290074.2	ENSG00000290074
ENST00000842744.1	ENSG00000290074.2	ENSG00000290074
ENST00000842745.1	ENSG00000290074.2	ENSG00000290074
ENST00000842749.1	ENSG00000290074.2	ENSG00000290074
ENST00000702788.1	ENSG00000290076.1	ENSG00000290076
ENST00000702949.2	ENSG00000290094.2	ENSG00000290094
ENST00000702961.1	ENSG00000290097.2	ENSG00000290097
ENST00000792681.1	ENSG00000290097.2	ENSG00000290097
ENST00000703002.2	ENSG00000290110.2	ENSG00000290110
ENST00000798203.1	ENSG00000290125.2	ENSG00000290125
ENST00000798204.1	ENSG00000290125.2	ENSG00000290125
ENST00000703097.2	ENSG00000290127.2	ENSG00000290127
ENST00000843830.1	ENSG00000290127.2	ENSG00000290127
ENST00000843832.1	ENSG00000290127.2	ENSG00000290127
ENST00000703685.1	ENSG00000290241.1	ENSG00000290241
ENST00000628854.1	ENSG00000290324.1	ENSG00000290324
ENST00000629883.1	ENSG00000290324.1	ENSG00000290324
ENST00000630779.2	ENSG00000290324.1	ENSG00000290324
ENST00000423728.6	ENSG00000290385.2	ENSG00000290385
ENST00000601814.5	ENSG00000290385.2	ENSG00000290385
ENST00000641049.1	ENSG00000290385.2	ENSG00000290385
ENST00000642074.1	ENSG00000290385.2	ENSG00000290385
ENST00000796425.1	ENSG00000290385.2	ENSG00000290385
ENST00000815369.1	ENSG00000290410.2	ENSG00000290410
ENST00000602666.1	ENSG00000290441.1	ENSG00000290441
ENST00000617495.1	ENSG00000290506.1	ENSG00000290506
ENST00000727784.1	ENSG00000290547.2	ENSG00000290547
ENST00000727785.1	ENSG00000290547.2	ENSG00000290547
ENST00000508395.5	ENSG00000290548.2	ENSG00000290548
ENST00000512782.1	ENSG00000290548.2	ENSG00000290548
ENST00000829003.1	ENSG00000290548.2	ENSG00000290548
ENST00000825810.1	ENSG00000290549.2	ENSG00000290549
ENST00000825822.1	ENSG00000290549.2	ENSG00000290549
ENST00000825823.1	ENSG00000290549.2	ENSG00000290549
ENST00000825826.1	ENSG00000290549.2	ENSG00000290549
ENST00000826015.1	ENSG00000290549.2	ENSG00000290549
ENST00000826054.1	ENSG00000290549.2	ENSG00000290549
ENST00000826058.1	ENSG00000290549.2	ENSG00000290549
ENST00000826077.1	ENSG00000290549.2	ENSG00000290549
ENST00000826078.1	ENSG00000290549.2	ENSG00000290549
ENST00000826079.1	ENSG00000290549.2	ENSG00000290549
ENST00000826081.1	ENSG00000290549.2	ENSG00000290549
ENST00000826082.1	ENSG00000290549.2	ENSG00000290549
ENST00000826083.1	ENSG00000290549.2	ENSG00000290549
ENST00000826084.1	ENSG00000290549.2	ENSG00000290549
ENST00000814034.1	ENSG00000290569.2	ENSG00000290569
ENST00000814035.1	ENSG00000290569.2	ENSG00000290569
ENST00000814036.1	ENSG00000290569.2	ENSG00000290569
ENST00000814043.1	ENSG00000290569.2	ENSG00000290569
ENST00000814044.1	ENSG00000290569.2	ENSG00000290569
ENST00000814045.1	ENSG00000290569.2	ENSG00000290569
ENST00000814047.1	ENSG00000290569.2	ENSG00000290569
ENST00000814049.1	ENSG00000290569.2	ENSG00000290569
ENST00000814052.1	ENSG00000290569.2	ENSG00000290569
ENST00000814057.1	ENSG00000290569.2	ENSG00000290569
ENST00000814060.1	ENSG00000290569.2	ENSG00000290569
ENST00000814061.1	ENSG00000290569.2	ENSG00000290569
ENST00000814068.1	ENSG00000290569.2	ENSG00000290569
ENST00000814069.1	ENSG00000290569.2	ENSG00000290569
ENST00000814071.1	ENSG00000290569.2	ENSG00000290569
ENST00000814077.1	ENSG00000290569.2	ENSG00000290569
ENST00000814078.1	ENSG00000290569.2	ENSG00000290569
ENST00000439137.2	ENSG00000290599.1	ENSG00000290599
ENST00000455215.1	ENSG00000290599.1	ENSG00000290599
ENST00000641567.1	ENSG00000290612.1	ENSG00000290612
ENST00000416266.2	ENSG00000290654.2	ENSG00000290654
ENST00000746889.1	ENSG00000290654.2	ENSG00000290654
ENST00000425151.6	ENSG00000290700.2	ENSG00000290700
ENST00000434289.2	ENSG00000290700.2	ENSG00000290700
ENST00000434661.2	ENSG00000290700.2	ENSG00000290700
ENST00000652553.1	ENSG00000290700.2	ENSG00000290700
ENST00000822175.1	ENSG00000290700.2	ENSG00000290700
ENST00000822177.1	ENSG00000290700.2	ENSG00000290700
ENST00000822184.1	ENSG00000290700.2	ENSG00000290700
ENST00000822187.1	ENSG00000290700.2	ENSG00000290700
ENST00000570130.1	ENSG00000290762.2	ENSG00000290762
ENST00000726784.1	ENSG00000290762.2	ENSG00000290762
ENST00000726786.1	ENSG00000290762.2	ENSG00000290762
ENST00000601375.1	ENSG00000290776.1	ENSG00000290776
ENST00000605733.1	ENSG00000290787.1	ENSG00000290787
ENST00000608318.3	ENSG00000290791.2	ENSG00000290791
ENST00000779565.1	ENSG00000290791.2	ENSG00000290791
ENST00000779566.1	ENSG00000290791.2	ENSG00000290791
ENST00000508601.2	ENSG00000290803.2	ENSG00000290803
ENST00000776984.1	ENSG00000290803.2	ENSG00000290803
ENST00000642086.1	ENSG00000290819.1	ENSG00000290819
ENST00000849269.1	ENSG00000290851.2	ENSG00000290851
ENST00000824694.1	ENSG00000290897.2	ENSG00000290897
ENST00000675302.2	ENSG00000290902.2	ENSG00000290902
ENST00000676277.1	ENSG00000290902.2	ENSG00000290902
ENST00000689661.2	ENSG00000290902.2	ENSG00000290902
ENST00000838621.1	ENSG00000290902.2	ENSG00000290902
ENST00000838626.1	ENSG00000290902.2	ENSG00000290902
ENST00000838632.1	ENSG00000290902.2	ENSG00000290902
ENST00000838633.1	ENSG00000290902.2	ENSG00000290902
ENST00000838640.1	ENSG00000290902.2	ENSG00000290902
ENST00000838642.1	ENSG00000290902.2	ENSG00000290902
ENST00000838645.1	ENSG00000290902.2	ENSG00000290902
ENST00000838648.1	ENSG00000290902.2	ENSG00000290902
ENST00000838650.1	ENSG00000290902.2	ENSG00000290902
ENST00000641974.2	ENSG00000290916.2	ENSG00000290916
ENST00000692936.2	ENSG00000290916.2	ENSG00000290916
ENST00000734697.1	ENSG00000290916.2	ENSG00000290916
ENST00000734698.1	ENSG00000290916.2	ENSG00000290916
ENST00000411596.2	ENSG00000290936.2	ENSG00000290936
ENST00000422555.6	ENSG00000290936.2	ENSG00000290936
ENST00000729657.1	ENSG00000290936.2	ENSG00000290936
ENST00000729658.1	ENSG00000290936.2	ENSG00000290936
ENST00000729659.1	ENSG00000290936.2	ENSG00000290936
ENST00000729660.1	ENSG00000290936.2	ENSG00000290936
ENST00000729661.1	ENSG00000290936.2	ENSG00000290936
ENST00000729662.1	ENSG00000290936.2	ENSG00000290936
ENST00000779248.1	ENSG00000290937.2	ENSG00000290937
ENST00000779250.1	ENSG00000290937.2	ENSG00000290937
ENST00000779251.1	ENSG00000290937.2	ENSG00000290937
ENST00000763387.1	ENSG00000290995.2	ENSG00000290995
ENST00000637601.2	ENSG00000290999.2	ENSG00000290999
ENST00000647832.1	ENSG00000290999.2	ENSG00000290999
ENST00000641144.1	ENSG00000291007.1	ENSG00000291007
ENST00000616781.4	ENSG00000291013.2	ENSG00000291013
ENST00000730504.1	ENSG00000291013.2	ENSG00000291013
ENST00000730505.1	ENSG00000291013.2	ENSG00000291013
ENST00000730506.1	ENSG00000291013.2	ENSG00000291013
ENST00000730507.1	ENSG00000291013.2	ENSG00000291013
ENST00000730508.1	ENSG00000291013.2	ENSG00000291013
ENST00000490470.5	ENSG00000291042.2	ENSG00000291042
ENST00000687252.3	ENSG00000291042.2	ENSG00000291042
ENST00000811431.1	ENSG00000291042.2	ENSG00000291042
ENST00000811432.1	ENSG00000291042.2	ENSG00000291042
ENST00000811434.1	ENSG00000291042.2	ENSG00000291042
ENST00000811435.1	ENSG00000291042.2	ENSG00000291042
ENST00000811436.1	ENSG00000291042.2	ENSG00000291042
ENST00000811437.1	ENSG00000291042.2	ENSG00000291042
ENST00000811438.1	ENSG00000291042.2	ENSG00000291042
ENST00000634905.3	ENSG00000291068.2	ENSG00000291068
ENST00000685304.2	ENSG00000291068.2	ENSG00000291068
ENST00000686132.3	ENSG00000291068.2	ENSG00000291068
ENST00000812841.1	ENSG00000291068.2	ENSG00000291068
ENST00000812842.1	ENSG00000291068.2	ENSG00000291068
ENST00000812843.1	ENSG00000291068.2	ENSG00000291068
ENST00000812844.1	ENSG00000291068.2	ENSG00000291068
ENST00000715307.1	ENSG00000291072.2	ENSG00000291072
ENST00000715308.1	ENSG00000291072.2	ENSG00000291072
ENST00000482249.3	ENSG00000291125.2	ENSG00000291125
ENST00000484422.6	ENSG00000291125.2	ENSG00000291125
ENST00000702688.1	ENSG00000291125.2	ENSG00000291125
ENST00000779588.1	ENSG00000291125.2	ENSG00000291125
ENST00000779590.1	ENSG00000291125.2	ENSG00000291125
ENST00000779591.1	ENSG00000291125.2	ENSG00000291125
ENST00000779592.1	ENSG00000291125.2	ENSG00000291125
ENST00000442128.2	ENSG00000291126.2	ENSG00000291126
ENST00000608013.1	ENSG00000291126.2	ENSG00000291126
ENST00000702794.2	ENSG00000291126.2	ENSG00000291126
ENST00000796883.1	ENSG00000291126.2	ENSG00000291126
ENST00000455247.3	ENSG00000291138.2	ENSG00000291138
ENST00000606395.1	ENSG00000291138.2	ENSG00000291138
ENST00000607656.5	ENSG00000291138.2	ENSG00000291138
ENST00000635298.2	ENSG00000291138.2	ENSG00000291138
ENST00000635606.4	ENSG00000291138.2	ENSG00000291138
ENST00000692135.2	ENSG00000291138.2	ENSG00000291138
ENST00000700887.2	ENSG00000291138.2	ENSG00000291138
ENST00000790441.1	ENSG00000291138.2	ENSG00000291138
ENST00000790443.1	ENSG00000291138.2	ENSG00000291138
ENST00000790445.1	ENSG00000291138.2	ENSG00000291138
ENST00000790447.1	ENSG00000291138.2	ENSG00000291138
ENST00000790448.1	ENSG00000291138.2	ENSG00000291138
ENST00000790451.1	ENSG00000291138.2	ENSG00000291138
ENST00000790453.1	ENSG00000291138.2	ENSG00000291138
ENST00000790454.1	ENSG00000291138.2	ENSG00000291138
ENST00000790455.1	ENSG00000291138.2	ENSG00000291138
ENST00000790456.1	ENSG00000291138.2	ENSG00000291138
ENST00000790457.1	ENSG00000291138.2	ENSG00000291138
ENST00000790458.1	ENSG00000291138.2	ENSG00000291138
ENST00000790459.1	ENSG00000291138.2	ENSG00000291138
ENST00000790460.1	ENSG00000291138.2	ENSG00000291138
ENST00000790461.1	ENSG00000291138.2	ENSG00000291138
ENST00000790462.1	ENSG00000291138.2	ENSG00000291138
ENST00000790463.1	ENSG00000291138.2	ENSG00000291138
ENST00000790464.1	ENSG00000291138.2	ENSG00000291138
ENST00000790465.1	ENSG00000291138.2	ENSG00000291138
ENST00000790466.1	ENSG00000291138.2	ENSG00000291138
ENST00000684840.2	ENSG00000291142.2	ENSG00000291142
ENST00000684883.1	ENSG00000291142.2	ENSG00000291142
ENST00000684927.2	ENSG00000291142.2	ENSG00000291142
ENST00000685339.2	ENSG00000291142.2	ENSG00000291142
ENST00000685483.2	ENSG00000291142.2	ENSG00000291142
ENST00000685524.1	ENSG00000291142.2	ENSG00000291142
ENST00000685969.2	ENSG00000291142.2	ENSG00000291142
ENST00000686468.2	ENSG00000291142.2	ENSG00000291142
ENST00000687639.3	ENSG00000291142.2	ENSG00000291142
ENST00000687779.3	ENSG00000291142.2	ENSG00000291142
ENST00000687960.2	ENSG00000291142.2	ENSG00000291142
ENST00000688156.3	ENSG00000291142.2	ENSG00000291142
ENST00000688537.2	ENSG00000291142.2	ENSG00000291142
ENST00000688776.3	ENSG00000291142.2	ENSG00000291142
ENST00000688880.3	ENSG00000291142.2	ENSG00000291142
ENST00000688907.3	ENSG00000291142.2	ENSG00000291142
ENST00000690054.2	ENSG00000291142.2	ENSG00000291142
ENST00000690563.2	ENSG00000291142.2	ENSG00000291142
ENST00000690633.1	ENSG00000291142.2	ENSG00000291142
ENST00000691471.3	ENSG00000291142.2	ENSG00000291142
ENST00000691557.2	ENSG00000291142.2	ENSG00000291142
ENST00000692798.3	ENSG00000291142.2	ENSG00000291142
ENST00000693569.2	ENSG00000291142.2	ENSG00000291142
ENST00000701012.2	ENSG00000291142.2	ENSG00000291142
ENST00000701785.2	ENSG00000291142.2	ENSG00000291142
ENST00000701912.1	ENSG00000291142.2	ENSG00000291142
ENST00000701955.1	ENSG00000291142.2	ENSG00000291142
ENST00000702109.1	ENSG00000291142.2	ENSG00000291142
ENST00000702734.2	ENSG00000291142.2	ENSG00000291142
ENST00000702753.2	ENSG00000291142.2	ENSG00000291142
ENST00000758701.1	ENSG00000291142.2	ENSG00000291142
ENST00000758705.1	ENSG00000291142.2	ENSG00000291142
ENST00000758711.1	ENSG00000291142.2	ENSG00000291142
ENST00000758712.1	ENSG00000291142.2	ENSG00000291142
ENST00000758729.1	ENSG00000291142.2	ENSG00000291142
ENST00000758730.1	ENSG00000291142.2	ENSG00000291142
ENST00000758734.1	ENSG00000291142.2	ENSG00000291142
ENST00000758736.1	ENSG00000291142.2	ENSG00000291142
ENST00000758737.1	ENSG00000291142.2	ENSG00000291142
ENST00000758738.1	ENSG00000291142.2	ENSG00000291142
ENST00000758739.1	ENSG00000291142.2	ENSG00000291142
ENST00000758747.1	ENSG00000291142.2	ENSG00000291142
ENST00000758748.1	ENSG00000291142.2	ENSG00000291142
ENST00000758749.1	ENSG00000291142.2	ENSG00000291142
ENST00000758750.1	ENSG00000291142.2	ENSG00000291142
ENST00000758752.1	ENSG00000291142.2	ENSG00000291142
ENST00000758753.1	ENSG00000291142.2	ENSG00000291142
ENST00000758754.1	ENSG00000291142.2	ENSG00000291142
ENST00000758756.1	ENSG00000291142.2	ENSG00000291142
ENST00000758764.1	ENSG00000291142.2	ENSG00000291142
ENST00000758772.1	ENSG00000291142.2	ENSG00000291142
ENST00000758775.1	ENSG00000291142.2	ENSG00000291142
ENST00000758779.1	ENSG00000291142.2	ENSG00000291142
ENST00000758784.1	ENSG00000291142.2	ENSG00000291142
ENST00000444990.8	ENSG00000291147.2	ENSG00000291147
ENST00000685837.2	ENSG00000291147.2	ENSG00000291147
ENST00000797838.1	ENSG00000291147.2	ENSG00000291147
ENST00000797841.1	ENSG00000291147.2	ENSG00000291147
ENST00000797845.1	ENSG00000291147.2	ENSG00000291147
ENST00000443258.10	ENSG00000291176.2	ENSG00000291176
ENST00000467292.8	ENSG00000291176.2	ENSG00000291176
ENST00000483000.9	ENSG00000291176.2	ENSG00000291176
ENST00000684860.1	ENSG00000291176.2	ENSG00000291176
ENST00000684890.3	ENSG00000291176.2	ENSG00000291176
ENST00000685061.1	ENSG00000291176.2	ENSG00000291176
ENST00000685203.2	ENSG00000291176.2	ENSG00000291176
ENST00000685309.3	ENSG00000291176.2	ENSG00000291176
ENST00000685321.2	ENSG00000291176.2	ENSG00000291176
ENST00000685451.1	ENSG00000291176.2	ENSG00000291176
ENST00000685578.3	ENSG00000291176.2	ENSG00000291176
ENST00000685821.2	ENSG00000291176.2	ENSG00000291176
ENST00000685912.2	ENSG00000291176.2	ENSG00000291176
ENST00000686146.1	ENSG00000291176.2	ENSG00000291176
ENST00000686333.1	ENSG00000291176.2	ENSG00000291176
ENST00000686450.1	ENSG00000291176.2	ENSG00000291176
ENST00000686549.2	ENSG00000291176.2	ENSG00000291176
ENST00000686616.3	ENSG00000291176.2	ENSG00000291176
ENST00000686623.2	ENSG00000291176.2	ENSG00000291176
ENST00000686703.1	ENSG00000291176.2	ENSG00000291176
ENST00000686766.2	ENSG00000291176.2	ENSG00000291176
ENST00000687200.3	ENSG00000291176.2	ENSG00000291176
ENST00000687277.2	ENSG00000291176.2	ENSG00000291176
ENST00000687350.2	ENSG00000291176.2	ENSG00000291176
ENST00000687421.2	ENSG00000291176.2	ENSG00000291176
ENST00000687514.1	ENSG00000291176.2	ENSG00000291176
ENST00000687567.3	ENSG00000291176.2	ENSG00000291176
ENST00000687767.1	ENSG00000291176.2	ENSG00000291176
ENST00000687808.1	ENSG00000291176.2	ENSG00000291176
ENST00000688019.1	ENSG00000291176.2	ENSG00000291176
ENST00000688439.2	ENSG00000291176.2	ENSG00000291176
ENST00000688890.2	ENSG00000291176.2	ENSG00000291176
ENST00000689054.2	ENSG00000291176.2	ENSG00000291176
ENST00000689299.1	ENSG00000291176.2	ENSG00000291176
ENST00000689315.2	ENSG00000291176.2	ENSG00000291176
ENST00000689487.2	ENSG00000291176.2	ENSG00000291176
ENST00000689599.2	ENSG00000291176.2	ENSG00000291176
ENST00000690132.3	ENSG00000291176.2	ENSG00000291176
ENST00000690226.1	ENSG00000291176.2	ENSG00000291176
ENST00000690506.2	ENSG00000291176.2	ENSG00000291176
ENST00000690531.2	ENSG00000291176.2	ENSG00000291176
ENST00000690546.3	ENSG00000291176.2	ENSG00000291176
ENST00000690894.2	ENSG00000291176.2	ENSG00000291176
ENST00000690986.1	ENSG00000291176.2	ENSG00000291176
ENST00000691037.2	ENSG00000291176.2	ENSG00000291176
ENST00000691311.2	ENSG00000291176.2	ENSG00000291176
ENST00000691480.3	ENSG00000291176.2	ENSG00000291176
ENST00000691683.2	ENSG00000291176.2	ENSG00000291176
ENST00000691870.2	ENSG00000291176.2	ENSG00000291176
ENST00000692100.3	ENSG00000291176.2	ENSG00000291176
ENST00000692114.2	ENSG00000291176.2	ENSG00000291176
ENST00000692128.1	ENSG00000291176.2	ENSG00000291176
ENST00000692153.1	ENSG00000291176.2	ENSG00000291176
ENST00000692284.2	ENSG00000291176.2	ENSG00000291176
ENST00000692364.2	ENSG00000291176.2	ENSG00000291176
ENST00000692639.2	ENSG00000291176.2	ENSG00000291176
ENST00000692942.2	ENSG00000291176.2	ENSG00000291176
ENST00000692960.3	ENSG00000291176.2	ENSG00000291176
ENST00000693304.2	ENSG00000291176.2	ENSG00000291176
ENST00000693333.1	ENSG00000291176.2	ENSG00000291176
ENST00000700796.1	ENSG00000291176.2	ENSG00000291176
ENST00000701113.1	ENSG00000291176.2	ENSG00000291176
ENST00000701149.1	ENSG00000291176.2	ENSG00000291176
ENST00000701505.2	ENSG00000291176.2	ENSG00000291176
ENST00000701589.2	ENSG00000291176.2	ENSG00000291176
ENST00000701677.2	ENSG00000291176.2	ENSG00000291176
ENST00000701738.1	ENSG00000291176.2	ENSG00000291176
ENST00000701887.1	ENSG00000291176.2	ENSG00000291176
ENST00000702185.2	ENSG00000291176.2	ENSG00000291176
ENST00000702348.2	ENSG00000291176.2	ENSG00000291176
ENST00000702452.2	ENSG00000291176.2	ENSG00000291176
ENST00000702710.1	ENSG00000291176.2	ENSG00000291176
ENST00000702739.2	ENSG00000291176.2	ENSG00000291176
ENST00000702789.2	ENSG00000291176.2	ENSG00000291176
ENST00000702836.2	ENSG00000291176.2	ENSG00000291176
ENST00000702843.1	ENSG00000291176.2	ENSG00000291176
ENST00000702875.1	ENSG00000291176.2	ENSG00000291176
ENST00000747333.1	ENSG00000291176.2	ENSG00000291176
ENST00000747334.1	ENSG00000291176.2	ENSG00000291176
ENST00000747335.1	ENSG00000291176.2	ENSG00000291176
ENST00000747336.1	ENSG00000291176.2	ENSG00000291176
ENST00000747337.1	ENSG00000291176.2	ENSG00000291176
ENST00000747338.1	ENSG00000291176.2	ENSG00000291176
ENST00000747339.1	ENSG00000291176.2	ENSG00000291176
ENST00000747340.1	ENSG00000291176.2	ENSG00000291176
ENST00000747341.1	ENSG00000291176.2	ENSG00000291176
ENST00000747342.1	ENSG00000291176.2	ENSG00000291176
ENST00000747343.1	ENSG00000291176.2	ENSG00000291176
ENST00000747344.1	ENSG00000291176.2	ENSG00000291176
ENST00000747345.1	ENSG00000291176.2	ENSG00000291176
ENST00000747346.1	ENSG00000291176.2	ENSG00000291176
ENST00000747347.1	ENSG00000291176.2	ENSG00000291176
ENST00000747348.1	ENSG00000291176.2	ENSG00000291176
ENST00000747349.1	ENSG00000291176.2	ENSG00000291176
ENST00000747350.1	ENSG00000291176.2	ENSG00000291176
ENST00000747351.1	ENSG00000291176.2	ENSG00000291176
ENST00000747352.1	ENSG00000291176.2	ENSG00000291176
ENST00000747353.1	ENSG00000291176.2	ENSG00000291176
ENST00000747354.1	ENSG00000291176.2	ENSG00000291176
ENST00000747355.1	ENSG00000291176.2	ENSG00000291176
ENST00000747356.1	ENSG00000291176.2	ENSG00000291176
ENST00000747357.1	ENSG00000291176.2	ENSG00000291176
ENST00000747358.1	ENSG00000291176.2	ENSG00000291176
ENST00000747359.1	ENSG00000291176.2	ENSG00000291176
ENST00000747360.1	ENSG00000291176.2	ENSG00000291176
ENST00000747361.1	ENSG00000291176.2	ENSG00000291176
ENST00000747362.1	ENSG00000291176.2	ENSG00000291176
ENST00000747363.1	ENSG00000291176.2	ENSG00000291176
ENST00000747364.1	ENSG00000291176.2	ENSG00000291176
ENST00000747365.1	ENSG00000291176.2	ENSG00000291176
ENST00000747366.1	ENSG00000291176.2	ENSG00000291176
ENST00000747367.1	ENSG00000291176.2	ENSG00000291176
ENST00000747368.1	ENSG00000291176.2	ENSG00000291176
ENST00000747369.1	ENSG00000291176.2	ENSG00000291176
ENST00000747370.1	ENSG00000291176.2	ENSG00000291176
ENST00000747371.1	ENSG00000291176.2	ENSG00000291176
ENST00000747372.1	ENSG00000291176.2	ENSG00000291176
ENST00000747373.1	ENSG00000291176.2	ENSG00000291176
ENST00000747374.1	ENSG00000291176.2	ENSG00000291176
ENST00000747375.1	ENSG00000291176.2	ENSG00000291176
ENST00000747376.1	ENSG00000291176.2	ENSG00000291176
ENST00000747377.1	ENSG00000291176.2	ENSG00000291176
ENST00000747378.1	ENSG00000291176.2	ENSG00000291176
ENST00000747379.1	ENSG00000291176.2	ENSG00000291176
ENST00000747380.1	ENSG00000291176.2	ENSG00000291176
ENST00000747381.1	ENSG00000291176.2	ENSG00000291176
ENST00000747382.1	ENSG00000291176.2	ENSG00000291176
ENST00000747383.1	ENSG00000291176.2	ENSG00000291176
ENST00000747384.1	ENSG00000291176.2	ENSG00000291176
ENST00000747385.1	ENSG00000291176.2	ENSG00000291176
ENST00000747386.1	ENSG00000291176.2	ENSG00000291176
ENST00000747387.1	ENSG00000291176.2	ENSG00000291176
ENST00000747388.1	ENSG00000291176.2	ENSG00000291176
ENST00000747389.1	ENSG00000291176.2	ENSG00000291176
ENST00000747390.1	ENSG00000291176.2	ENSG00000291176
ENST00000747391.1	ENSG00000291176.2	ENSG00000291176
ENST00000747392.1	ENSG00000291176.2	ENSG00000291176
ENST00000747393.1	ENSG00000291176.2	ENSG00000291176
ENST00000747394.1	ENSG00000291176.2	ENSG00000291176
ENST00000747395.1	ENSG00000291176.2	ENSG00000291176
ENST00000747396.1	ENSG00000291176.2	ENSG00000291176
ENST00000747397.1	ENSG00000291176.2	ENSG00000291176
ENST00000747398.1	ENSG00000291176.2	ENSG00000291176
ENST00000747399.1	ENSG00000291176.2	ENSG00000291176
ENST00000747400.1	ENSG00000291176.2	ENSG00000291176
ENST00000747401.1	ENSG00000291176.2	ENSG00000291176
ENST00000747402.1	ENSG00000291176.2	ENSG00000291176
ENST00000747403.1	ENSG00000291176.2	ENSG00000291176
ENST00000747404.1	ENSG00000291176.2	ENSG00000291176
ENST00000747405.1	ENSG00000291176.2	ENSG00000291176
ENST00000747406.1	ENSG00000291176.2	ENSG00000291176
ENST00000747407.1	ENSG00000291176.2	ENSG00000291176
ENST00000747408.1	ENSG00000291176.2	ENSG00000291176
ENST00000747409.1	ENSG00000291176.2	ENSG00000291176
ENST00000747410.1	ENSG00000291176.2	ENSG00000291176
ENST00000747411.1	ENSG00000291176.2	ENSG00000291176
ENST00000747412.1	ENSG00000291176.2	ENSG00000291176
ENST00000747413.1	ENSG00000291176.2	ENSG00000291176
ENST00000747414.1	ENSG00000291176.2	ENSG00000291176
ENST00000747415.1	ENSG00000291176.2	ENSG00000291176
ENST00000747416.1	ENSG00000291176.2	ENSG00000291176
ENST00000747417.1	ENSG00000291176.2	ENSG00000291176
ENST00000747418.1	ENSG00000291176.2	ENSG00000291176
ENST00000747419.1	ENSG00000291176.2	ENSG00000291176
ENST00000747420.1	ENSG00000291176.2	ENSG00000291176
ENST00000747423.1	ENSG00000291176.2	ENSG00000291176
ENST00000747427.1	ENSG00000291176.2	ENSG00000291176
ENST00000747428.1	ENSG00000291176.2	ENSG00000291176
ENST00000747429.1	ENSG00000291176.2	ENSG00000291176
ENST00000747432.1	ENSG00000291176.2	ENSG00000291176
ENST00000633218.1	ENSG00000291199.2	ENSG00000291199
ENST00000684788.1	ENSG00000291199.2	ENSG00000291199
ENST00000693055.1	ENSG00000291199.2	ENSG00000291199
ENST00000820544.1	ENSG00000291199.2	ENSG00000291199
ENST00000820545.1	ENSG00000291199.2	ENSG00000291199
ENST00000700994.2	ENSG00000291201.2	ENSG00000291201
ENST00000736500.1	ENSG00000291201.2	ENSG00000291201
ENST00000736503.1	ENSG00000291201.2	ENSG00000291201
ENST00000736504.1	ENSG00000291201.2	ENSG00000291201
ENST00000736505.1	ENSG00000291201.2	ENSG00000291201
ENST00000736510.1	ENSG00000291201.2	ENSG00000291201
ENST00000736511.1	ENSG00000291201.2	ENSG00000291201
ENST00000736515.1	ENSG00000291201.2	ENSG00000291201
ENST00000736520.1	ENSG00000291201.2	ENSG00000291201
ENST00000736521.1	ENSG00000291201.2	ENSG00000291201
ENST00000736523.1	ENSG00000291201.2	ENSG00000291201
ENST00000736524.1	ENSG00000291201.2	ENSG00000291201
ENST00000736528.1	ENSG00000291201.2	ENSG00000291201
ENST00000736529.1	ENSG00000291201.2	ENSG00000291201
ENST00000736531.1	ENSG00000291201.2	ENSG00000291201
ENST00000503038.1	ENSG00000291203.2	ENSG00000291203
ENST00000504422.6	ENSG00000291203.2	ENSG00000291203
ENST00000510844.5	ENSG00000291203.2	ENSG00000291203
ENST00000511950.1	ENSG00000291203.2	ENSG00000291203
ENST00000685769.2	ENSG00000291203.2	ENSG00000291203
ENST00000688857.3	ENSG00000291203.2	ENSG00000291203
ENST00000692067.2	ENSG00000291203.2	ENSG00000291203
ENST00000693497.2	ENSG00000291203.2	ENSG00000291203
ENST00000701137.2	ENSG00000291203.2	ENSG00000291203
ENST00000701349.2	ENSG00000291203.2	ENSG00000291203
ENST00000701524.2	ENSG00000291203.2	ENSG00000291203
ENST00000776172.1	ENSG00000291203.2	ENSG00000291203
ENST00000776175.1	ENSG00000291203.2	ENSG00000291203
ENST00000776176.1	ENSG00000291203.2	ENSG00000291203
ENST00000776182.1	ENSG00000291203.2	ENSG00000291203
ENST00000776183.1	ENSG00000291203.2	ENSG00000291203
ENST00000776184.1	ENSG00000291203.2	ENSG00000291203
ENST00000776185.1	ENSG00000291203.2	ENSG00000291203
ENST00000776186.1	ENSG00000291203.2	ENSG00000291203
ENST00000776187.1	ENSG00000291203.2	ENSG00000291203
ENST00000776191.1	ENSG00000291203.2	ENSG00000291203
ENST00000755326.1	ENSG00000291208.2	ENSG00000291208
ENST00000769696.1	ENSG00000291221.2	ENSG00000291221
ENST00000366264.6	ENSG00000291224.2	ENSG00000291224
ENST00000424904.1	ENSG00000291224.2	ENSG00000291224
ENST00000742778.1	ENSG00000291224.2	ENSG00000291224
ENST00000789662.1	ENSG00000291226.2	ENSG00000291226
ENST00000789663.1	ENSG00000291226.2	ENSG00000291226
ENST00000789665.1	ENSG00000291226.2	ENSG00000291226
ENST00000663163.2	ENSG00000291233.2	ENSG00000291233
ENST00000789073.1	ENSG00000291233.2	ENSG00000291233
ENST00000789074.1	ENSG00000291233.2	ENSG00000291233
ENST00000789107.1	ENSG00000291233.2	ENSG00000291233
ENST00000789108.1	ENSG00000291233.2	ENSG00000291233
ENST00000789109.1	ENSG00000291233.2	ENSG00000291233
ENST00000789110.1	ENSG00000291233.2	ENSG00000291233
ENST00000789111.1	ENSG00000291233.2	ENSG00000291233
ENST00000789112.1	ENSG00000291233.2	ENSG00000291233
ENST00000789113.1	ENSG00000291233.2	ENSG00000291233
ENST00000789114.1	ENSG00000291233.2	ENSG00000291233
ENST00000789115.1	ENSG00000291233.2	ENSG00000291233
ENST00000789116.1	ENSG00000291233.2	ENSG00000291233
ENST00000789117.1	ENSG00000291233.2	ENSG00000291233
ENST00000789118.1	ENSG00000291233.2	ENSG00000291233
ENST00000789119.1	ENSG00000291233.2	ENSG00000291233
ENST00000789122.1	ENSG00000291233.2	ENSG00000291233
ENST00000789123.1	ENSG00000291233.2	ENSG00000291233
ENST00000789124.1	ENSG00000291233.2	ENSG00000291233
ENST00000789125.1	ENSG00000291233.2	ENSG00000291233
ENST00000789126.1	ENSG00000291233.2	ENSG00000291233
ENST00000789127.1	ENSG00000291233.2	ENSG00000291233
ENST00000789129.1	ENSG00000291233.2	ENSG00000291233
ENST00000789130.1	ENSG00000291233.2	ENSG00000291233
ENST00000789131.1	ENSG00000291233.2	ENSG00000291233
ENST00000789133.1	ENSG00000291233.2	ENSG00000291233
ENST00000789134.1	ENSG00000291233.2	ENSG00000291233
ENST00000789135.1	ENSG00000291233.2	ENSG00000291233
ENST00000789136.1	ENSG00000291233.2	ENSG00000291233
ENST00000789137.1	ENSG00000291233.2	ENSG00000291233
ENST00000789138.1	ENSG00000291233.2	ENSG00000291233
ENST00000789139.1	ENSG00000291233.2	ENSG00000291233
ENST00000789140.1	ENSG00000291233.2	ENSG00000291233
ENST00000789143.1	ENSG00000291233.2	ENSG00000291233
ENST00000789144.1	ENSG00000291233.2	ENSG00000291233
ENST00000789146.1	ENSG00000291233.2	ENSG00000291233
ENST00000789147.1	ENSG00000291233.2	ENSG00000291233
ENST00000789149.1	ENSG00000291233.2	ENSG00000291233
ENST00000789150.1	ENSG00000291233.2	ENSG00000291233
ENST00000789151.1	ENSG00000291233.2	ENSG00000291233
ENST00000789152.1	ENSG00000291233.2	ENSG00000291233
ENST00000789153.1	ENSG00000291233.2	ENSG00000291233
ENST00000789154.1	ENSG00000291233.2	ENSG00000291233
ENST00000789156.1	ENSG00000291233.2	ENSG00000291233
ENST00000789157.1	ENSG00000291233.2	ENSG00000291233
ENST00000789159.1	ENSG00000291233.2	ENSG00000291233
ENST00000789163.1	ENSG00000291233.2	ENSG00000291233
ENST00000789165.1	ENSG00000291233.2	ENSG00000291233
ENST00000789166.1	ENSG00000291233.2	ENSG00000291233
ENST00000789167.1	ENSG00000291233.2	ENSG00000291233
ENST00000789168.1	ENSG00000291233.2	ENSG00000291233
ENST00000789169.1	ENSG00000291233.2	ENSG00000291233
ENST00000789175.1	ENSG00000291233.2	ENSG00000291233
ENST00000789176.1	ENSG00000291233.2	ENSG00000291233
ENST00000789177.1	ENSG00000291233.2	ENSG00000291233
ENST00000789178.1	ENSG00000291233.2	ENSG00000291233
ENST00000789181.1	ENSG00000291233.2	ENSG00000291233
ENST00000789182.1	ENSG00000291233.2	ENSG00000291233
ENST00000789184.1	ENSG00000291233.2	ENSG00000291233
ENST00000789186.1	ENSG00000291233.2	ENSG00000291233
ENST00000789187.1	ENSG00000291233.2	ENSG00000291233
ENST00000789188.1	ENSG00000291233.2	ENSG00000291233
ENST00000789189.1	ENSG00000291233.2	ENSG00000291233
ENST00000561541.1	ENSG00000291267.1	ENSG00000291267
ENST00000510782.5	ENSG00000291282.2	ENSG00000291282
ENST00000771045.1	ENSG00000291282.2	ENSG00000291282
ENST00000707633.1	ENSG00000291478.1	ENSG00000291478
ENST00000707695.1	ENSG00000291495.1	ENSG00000291495
ENST00000707965.1	ENSG00000291545.1	ENSG00000291545
ENST00000707989.1	ENSG00000291558.1	ENSG00000291558
ENST00000708075.1	ENSG00000291594.1	ENSG00000291594
ENST00000708564.1	ENSG00000291746.1	ENSG00000291746
ENST00000708576.1	ENSG00000291753.1	ENSG00000291753
ENST00000708601.1	ENSG00000291762.1	ENSG00000291762
ENST00000709426.1	ENSG00000291976.1	ENSG00000291976
ENST00000709650.1	ENSG00000292070.1	ENSG00000292070
ENST00000709664.1	ENSG00000292083.1	ENSG00000292083
ENST00000709665.1	ENSG00000292083.1	ENSG00000292083
ENST00000709666.1	ENSG00000292083.1	ENSG00000292083
ENST00000709833.1	ENSG00000292133.1	ENSG00000292133
ENST00000709834.1	ENSG00000292133.1	ENSG00000292133
ENST00000709907.1	ENSG00000292159.1	ENSG00000292159
ENST00000711384.1	ENSG00000292381.1	ENSG00000292381
ENST00000711385.1	ENSG00000292381.1	ENSG00000292381
ENST00000711389.1	ENSG00000292383.1	ENSG00000292383
ENST00000711390.1	ENSG00000292383.1	ENSG00000292383
ENST00000711546.1	ENSG00000292408.1	ENSG00000292408
ENST00000616656.1	ENSG00000292991.1	ENSG00000292991
ENST00000488045.1	ENSG00000293008.1	ENSG00000293008
ENST00000512016.1	ENSG00000293013.2	ENSG00000293013
ENST00000513994.1	ENSG00000293013.2	ENSG00000293013
ENST00000803813.1	ENSG00000293013.2	ENSG00000293013
ENST00000639134.1	ENSG00000293053.1	ENSG00000293053
ENST00000607242.1	ENSG00000293057.1	ENSG00000293057
ENST00000331369.5	ENSG00000293083.1	ENSG00000293083
ENST00000431359.1	ENSG00000293085.1	ENSG00000293085
ENST00000422418.1	ENSG00000293093.1	ENSG00000293093
ENST00000400982.2	ENSG00000293132.2	ENSG00000293132
ENST00000795268.1	ENSG00000293132.2	ENSG00000293132
ENST00000626135.2	ENSG00000293182.1	ENSG00000293182
ENST00000627340.1	ENSG00000293182.1	ENSG00000293182
ENST00000468527.1	ENSG00000293192.2	ENSG00000293192
ENST00000758082.1	ENSG00000293192.2	ENSG00000293192
ENST00000758083.1	ENSG00000293192.2	ENSG00000293192
ENST00000758084.1	ENSG00000293192.2	ENSG00000293192
ENST00000758085.1	ENSG00000293192.2	ENSG00000293192
ENST00000758086.1	ENSG00000293192.2	ENSG00000293192
ENST00000758087.1	ENSG00000293192.2	ENSG00000293192
ENST00000602936.1	ENSG00000293204.1	ENSG00000293204
ENST00000652638.1	ENSG00000293208.1	ENSG00000293208
ENST00000602631.1	ENSG00000293223.1	ENSG00000293223
ENST00000604904.1	ENSG00000293229.1	ENSG00000293229
ENST00000445165.2	ENSG00000293259.2	ENSG00000293259
ENST00000833400.1	ENSG00000293259.2	ENSG00000293259
ENST00000588215.1	ENSG00000293277.1	ENSG00000293277
ENST00000810295.1	ENSG00000293315.2	ENSG00000293315
ENST00000605503.2	ENSG00000293318.1	ENSG00000293318
ENST00000607601.2	ENSG00000293322.2	ENSG00000293322
ENST00000693715.1	ENSG00000293322.2	ENSG00000293322
ENST00000451497.2	ENSG00000293339.1	ENSG00000293339
ENST00000494591.1	ENSG00000293348.1	ENSG00000293348
ENST00000819704.1	ENSG00000293386.2	ENSG00000293386
ENST00000819705.1	ENSG00000293386.2	ENSG00000293386
ENST00000819706.1	ENSG00000293386.2	ENSG00000293386
ENST00000819707.1	ENSG00000293386.2	ENSG00000293386
ENST00000819708.1	ENSG00000293386.2	ENSG00000293386
ENST00000819709.1	ENSG00000293386.2	ENSG00000293386
ENST00000819710.1	ENSG00000293386.2	ENSG00000293386
ENST00000382864.8	ENSG00000293389.2	ENSG00000293389
ENST00000461151.5	ENSG00000293389.2	ENSG00000293389
ENST00000482245.1	ENSG00000293389.2	ENSG00000293389
ENST00000483846.5	ENSG00000293389.2	ENSG00000293389
ENST00000486295.1	ENSG00000293389.2	ENSG00000293389
ENST00000488647.6	ENSG00000293389.2	ENSG00000293389
ENST00000491953.5	ENSG00000293389.2	ENSG00000293389
ENST00000502332.6	ENSG00000293389.2	ENSG00000293389
ENST00000506760.3	ENSG00000293389.2	ENSG00000293389
ENST00000510136.1	ENSG00000293389.2	ENSG00000293389
ENST00000809840.1	ENSG00000293389.2	ENSG00000293389
ENST00000809841.1	ENSG00000293389.2	ENSG00000293389
ENST00000809842.1	ENSG00000293389.2	ENSG00000293389
ENST00000832672.1	ENSG00000293389.2	ENSG00000293389
ENST00000832673.1	ENSG00000293389.2	ENSG00000293389
ENST00000641269.2	ENSG00000293420.2	ENSG00000293420
ENST00000724193.1	ENSG00000293420.2	ENSG00000293420
ENST00000724194.1	ENSG00000293420.2	ENSG00000293420
ENST00000724195.1	ENSG00000293420.2	ENSG00000293420
ENST00000724196.1	ENSG00000293420.2	ENSG00000293420
ENST00000724197.1	ENSG00000293420.2	ENSG00000293420
ENST00000724198.1	ENSG00000293420.2	ENSG00000293420
ENST00000724199.1	ENSG00000293420.2	ENSG00000293420
ENST00000724200.1	ENSG00000293420.2	ENSG00000293420
ENST00000724201.1	ENSG00000293420.2	ENSG00000293420
ENST00000724202.1	ENSG00000293420.2	ENSG00000293420
ENST00000724203.1	ENSG00000293420.2	ENSG00000293420
ENST00000724204.1	ENSG00000293420.2	ENSG00000293420
ENST00000724205.1	ENSG00000293420.2	ENSG00000293420
ENST00000724206.1	ENSG00000293420.2	ENSG00000293420
ENST00000724207.1	ENSG00000293420.2	ENSG00000293420
ENST00000638124.1	ENSG00000293432.1	ENSG00000293432
ENST00000505585.5	ENSG00000293445.1	ENSG00000293445
ENST00000506295.1	ENSG00000293445.1	ENSG00000293445
ENST00000841310.1	ENSG00000293455.2	ENSG00000293455
ENST00000491822.4	ENSG00000293496.2	ENSG00000293496
ENST00000502630.6	ENSG00000293496.2	ENSG00000293496
ENST00000822359.1	ENSG00000293496.2	ENSG00000293496
ENST00000822360.1	ENSG00000293496.2	ENSG00000293496
ENST00000822361.1	ENSG00000293496.2	ENSG00000293496
ENST00000822362.1	ENSG00000293496.2	ENSG00000293496
ENST00000825181.1	ENSG00000293517.2	ENSG00000293517
ENST00000825182.1	ENSG00000293517.2	ENSG00000293517
ENST00000825191.1	ENSG00000293517.2	ENSG00000293517
ENST00000825193.1	ENSG00000293517.2	ENSG00000293517
ENST00000825196.1	ENSG00000293517.2	ENSG00000293517
ENST00000825197.1	ENSG00000293517.2	ENSG00000293517
ENST00000825198.1	ENSG00000293517.2	ENSG00000293517
ENST00000825200.1	ENSG00000293517.2	ENSG00000293517
ENST00000825201.1	ENSG00000293517.2	ENSG00000293517
ENST00000825202.1	ENSG00000293517.2	ENSG00000293517
ENST00000825205.1	ENSG00000293517.2	ENSG00000293517
ENST00000430317.3	ENSG00000293535.3	ENSG00000293535
ENST00000509090.1	ENSG00000293535.3	ENSG00000293535
ENST00000814994.1	ENSG00000293535.3	ENSG00000293535
ENST00000821494.1	ENSG00000293535.3	ENSG00000293535
ENST00000714332.1	ENSG00000293571.1	ENSG00000293571
ENST00000714352.1	ENSG00000293573.1	ENSG00000293573
ENST00000714353.1	ENSG00000293573.1	ENSG00000293573
ENST00000714354.1	ENSG00000293573.1	ENSG00000293573
ENST00000715193.1	ENSG00000293580.1	ENSG00000293580
ENST00000715194.1	ENSG00000293580.1	ENSG00000293580
ENST00000715195.1	ENSG00000293581.1	ENSG00000293581
ENST00000715196.2	ENSG00000293581.1	ENSG00000293581
ENST00000715197.1	ENSG00000293581.1	ENSG00000293581
ENST00000715213.1	ENSG00000293586.2	ENSG00000293586
ENST00000722537.1	ENSG00000293586.2	ENSG00000293586
ENST00000722538.1	ENSG00000293586.2	ENSG00000293586
ENST00000722539.1	ENSG00000293586.2	ENSG00000293586
ENST00000772223.1	ENSG00000293587.2	ENSG00000293587
ENST00000715225.1	ENSG00000293588.2	ENSG00000293588
ENST00000795920.1	ENSG00000293588.2	ENSG00000293588
ENST00000716782.1	ENSG00000293647.1	ENSG00000293647
ENST00000716783.1	ENSG00000293647.1	ENSG00000293647
ENST00000716784.1	ENSG00000293647.1	ENSG00000293647
ENST00000716785.1	ENSG00000293647.1	ENSG00000293647
ENST00000716786.1	ENSG00000293647.1	ENSG00000293647
ENST00000684810.1	ENSG00000293670.1	ENSG00000293670
ENST00000686684.1	ENSG00000293670.1	ENSG00000293670
ENST00000689610.1	ENSG00000293670.1	ENSG00000293670
ENST00000690726.1	ENSG00000293670.1	ENSG00000293670
ENST00000692463.2	ENSG00000293670.1	ENSG00000293670
ENST00000692545.1	ENSG00000293670.1	ENSG00000293670
ENST00000717286.1	ENSG00000293670.1	ENSG00000293670
ENST00000717287.1	ENSG00000293670.1	ENSG00000293670
ENST00000717288.1	ENSG00000293670.1	ENSG00000293670
ENST00000717289.1	ENSG00000293670.1	ENSG00000293670
ENST00000717290.1	ENSG00000293670.1	ENSG00000293670
ENST00000717291.1	ENSG00000293670.1	ENSG00000293670
ENST00000717292.1	ENSG00000293670.1	ENSG00000293670
ENST00000717293.1	ENSG00000293670.1	ENSG00000293670
ENST00000717294.1	ENSG00000293670.1	ENSG00000293670
ENST00000717295.1	ENSG00000293670.1	ENSG00000293670
ENST00000512618.6	ENSG00000293676.3	ENSG00000293676
ENST00000517934.1	ENSG00000293676.3	ENSG00000293676
ENST00000523194.7	ENSG00000293676.3	ENSG00000293676
ENST00000654906.1	ENSG00000293676.3	ENSG00000293676
ENST00000657274.1	ENSG00000293676.3	ENSG00000293676
ENST00000657771.1	ENSG00000293676.3	ENSG00000293676
ENST00000658828.1	ENSG00000293676.3	ENSG00000293676
ENST00000670528.1	ENSG00000293676.3	ENSG00000293676
ENST00000717687.1	ENSG00000293676.3	ENSG00000293676
ENST00000717688.1	ENSG00000293676.3	ENSG00000293676
ENST00000793160.1	ENSG00000293676.3	ENSG00000293676
ENST00000793161.1	ENSG00000293676.3	ENSG00000293676
ENST00000718519.1	ENSG00000293709.1	ENSG00000293709
ENST00000718527.1	ENSG00000293713.1	ENSG00000293713
ENST00000718528.1	ENSG00000293713.1	ENSG00000293713
ENST00000718529.1	ENSG00000293713.1	ENSG00000293713
ENST00000718534.1	ENSG00000293716.1	ENSG00000293716
ENST00000718536.1	ENSG00000293718.1	ENSG00000293718
ENST00000718537.1	ENSG00000293719.1	ENSG00000293719
ENST00000718538.1	ENSG00000293719.1	ENSG00000293719
ENST00000718568.1	ENSG00000293723.1	ENSG00000293723
ENST00000718569.1	ENSG00000293723.1	ENSG00000293723
ENST00000718570.1	ENSG00000293723.1	ENSG00000293723
ENST00000718571.1	ENSG00000293723.1	ENSG00000293723
ENST00000718644.1	ENSG00000293733.1	ENSG00000293733
ENST00000718670.1	ENSG00000293739.1	ENSG00000293739
ENST00000718671.1	ENSG00000293739.1	ENSG00000293739
ENST00000718719.1	ENSG00000293747.1	ENSG00000293747
ENST00000718720.1	ENSG00000293747.1	ENSG00000293747
ENST00000718721.1	ENSG00000293747.1	ENSG00000293747
ENST00000718722.1	ENSG00000293747.1	ENSG00000293747
ENST00000718723.1	ENSG00000293747.1	ENSG00000293747
ENST00000718799.1	ENSG00000293755.1	ENSG00000293755
ENST00000718800.1	ENSG00000293755.1	ENSG00000293755
ENST00000718803.1	ENSG00000293757.1	ENSG00000293757
ENST00000718804.1	ENSG00000293757.1	ENSG00000293757
ENST00000718832.1	ENSG00000293766.1	ENSG00000293766
ENST00000718865.1	ENSG00000293769.1	ENSG00000293769
ENST00000718866.1	ENSG00000293769.1	ENSG00000293769
ENST00000718867.1	ENSG00000293769.1	ENSG00000293769
ENST00000718870.1	ENSG00000293769.1	ENSG00000293769
ENST00000718920.1	ENSG00000293772.1	ENSG00000293772
ENST00000719074.1	ENSG00000293792.1	ENSG00000293792
ENST00000719241.1	ENSG00000293820.1	ENSG00000293820
ENST00000719242.1	ENSG00000293820.1	ENSG00000293820
ENST00000719243.1	ENSG00000293820.1	ENSG00000293820
ENST00000719244.1	ENSG00000293820.1	ENSG00000293820
ENST00000719271.1	ENSG00000293827.1	ENSG00000293827
ENST00000719272.1	ENSG00000293828.1	ENSG00000293828
ENST00000719277.1	ENSG00000293831.1	ENSG00000293831
ENST00000719311.1	ENSG00000293833.1	ENSG00000293833
ENST00000719321.1	ENSG00000293838.1	ENSG00000293838
ENST00000719508.1	ENSG00000293855.1	ENSG00000293855
ENST00000719605.1	ENSG00000293880.1	ENSG00000293880
ENST00000719651.1	ENSG00000293888.1	ENSG00000293888
ENST00000719717.1	ENSG00000293899.1	ENSG00000293899
ENST00000719718.1	ENSG00000293899.1	ENSG00000293899
ENST00000719719.1	ENSG00000293899.1	ENSG00000293899
ENST00000719720.1	ENSG00000293899.1	ENSG00000293899
ENST00000719858.1	ENSG00000293915.1	ENSG00000293915
ENST00000719967.1	ENSG00000293925.1	ENSG00000293925
ENST00000719968.1	ENSG00000293925.1	ENSG00000293925
ENST00000719971.1	ENSG00000293925.1	ENSG00000293925
ENST00000719972.1	ENSG00000293925.1	ENSG00000293925
ENST00000719973.1	ENSG00000293925.1	ENSG00000293925
ENST00000719974.1	ENSG00000293925.1	ENSG00000293925
ENST00000719977.1	ENSG00000293925.1	ENSG00000293925
ENST00000719997.1	ENSG00000293930.1	ENSG00000293930
ENST00000719998.1	ENSG00000293931.1	ENSG00000293931
ENST00000719999.1	ENSG00000293931.1	ENSG00000293931
ENST00000720022.1	ENSG00000293934.1	ENSG00000293934
ENST00000720055.1	ENSG00000293944.1	ENSG00000293944
ENST00000720068.1	ENSG00000293951.1	ENSG00000293951
ENST00000720242.1	ENSG00000293963.1	ENSG00000293963
ENST00000720246.1	ENSG00000293966.1	ENSG00000293966
ENST00000720247.1	ENSG00000293966.1	ENSG00000293966
ENST00000720248.1	ENSG00000293966.1	ENSG00000293966
ENST00000720249.1	ENSG00000293966.1	ENSG00000293966
ENST00000720252.1	ENSG00000293966.1	ENSG00000293966
ENST00000720254.1	ENSG00000293966.1	ENSG00000293966
ENST00000720255.1	ENSG00000293966.1	ENSG00000293966
ENST00000720256.1	ENSG00000293966.1	ENSG00000293966
ENST00000720293.1	ENSG00000293973.1	ENSG00000293973
ENST00000720304.1	ENSG00000293979.1	ENSG00000293979
ENST00000720311.1	ENSG00000293981.1	ENSG00000293981
ENST00000720430.1	ENSG00000293995.1	ENSG00000293995
ENST00000720472.1	ENSG00000294005.1	ENSG00000294005
ENST00000720473.1	ENSG00000294005.1	ENSG00000294005
ENST00000720595.1	ENSG00000294020.1	ENSG00000294020
ENST00000720596.1	ENSG00000294020.1	ENSG00000294020
ENST00000720597.1	ENSG00000294020.1	ENSG00000294020
ENST00000720598.1	ENSG00000294020.1	ENSG00000294020
ENST00000720599.1	ENSG00000294020.1	ENSG00000294020
ENST00000720600.1	ENSG00000294020.1	ENSG00000294020
ENST00000720601.1	ENSG00000294020.1	ENSG00000294020
ENST00000720602.1	ENSG00000294020.1	ENSG00000294020
ENST00000720603.1	ENSG00000294020.1	ENSG00000294020
ENST00000720604.1	ENSG00000294020.1	ENSG00000294020
ENST00000720676.1	ENSG00000294040.1	ENSG00000294040
ENST00000720679.1	ENSG00000294042.1	ENSG00000294042
ENST00000720737.1	ENSG00000294059.1	ENSG00000294059
ENST00000720738.1	ENSG00000294059.1	ENSG00000294059
ENST00000720750.1	ENSG00000294064.1	ENSG00000294064
ENST00000720765.1	ENSG00000294069.1	ENSG00000294069
ENST00000720892.1	ENSG00000294087.1	ENSG00000294087
ENST00000721169.1	ENSG00000294114.1	ENSG00000294114
ENST00000721182.1	ENSG00000294115.1	ENSG00000294115
ENST00000721245.1	ENSG00000294121.1	ENSG00000294121
ENST00000721248.1	ENSG00000294121.1	ENSG00000294121
ENST00000721249.1	ENSG00000294122.1	ENSG00000294122
ENST00000721250.1	ENSG00000294122.1	ENSG00000294122
ENST00000721251.1	ENSG00000294122.1	ENSG00000294122
ENST00000721252.1	ENSG00000294122.1	ENSG00000294122
ENST00000721257.1	ENSG00000294124.1	ENSG00000294124
ENST00000721258.1	ENSG00000294124.1	ENSG00000294124
ENST00000721270.1	ENSG00000294127.1	ENSG00000294127
ENST00000721383.1	ENSG00000294134.1	ENSG00000294134
ENST00000721476.1	ENSG00000294148.1	ENSG00000294148
ENST00000721549.1	ENSG00000294156.1	ENSG00000294156
ENST00000721550.1	ENSG00000294156.1	ENSG00000294156
ENST00000721551.1	ENSG00000294156.1	ENSG00000294156
ENST00000721561.1	ENSG00000294164.1	ENSG00000294164
ENST00000721562.1	ENSG00000294165.1	ENSG00000294165
ENST00000721563.1	ENSG00000294165.1	ENSG00000294165
ENST00000721564.1	ENSG00000294165.1	ENSG00000294165
ENST00000721565.1	ENSG00000294165.1	ENSG00000294165
ENST00000721659.1	ENSG00000294176.1	ENSG00000294176
ENST00000721685.1	ENSG00000294177.1	ENSG00000294177
ENST00000721784.1	ENSG00000294184.1	ENSG00000294184
ENST00000721785.1	ENSG00000294185.1	ENSG00000294185
ENST00000721814.1	ENSG00000294192.1	ENSG00000294192
ENST00000721845.1	ENSG00000294200.1	ENSG00000294200
ENST00000721846.1	ENSG00000294200.1	ENSG00000294200
ENST00000721847.1	ENSG00000294200.1	ENSG00000294200
ENST00000721854.1	ENSG00000294203.1	ENSG00000294203
ENST00000721876.1	ENSG00000294207.1	ENSG00000294207
ENST00000721877.1	ENSG00000294207.1	ENSG00000294207
ENST00000721878.1	ENSG00000294207.1	ENSG00000294207
ENST00000721879.1	ENSG00000294207.1	ENSG00000294207
ENST00000721880.1	ENSG00000294207.1	ENSG00000294207
ENST00000721881.1	ENSG00000294207.1	ENSG00000294207
ENST00000721882.1	ENSG00000294207.1	ENSG00000294207
ENST00000721883.1	ENSG00000294207.1	ENSG00000294207
ENST00000721884.1	ENSG00000294207.1	ENSG00000294207
ENST00000721950.1	ENSG00000294221.1	ENSG00000294221
ENST00000721951.1	ENSG00000294221.1	ENSG00000294221
ENST00000721952.1	ENSG00000294222.1	ENSG00000294222
ENST00000721953.1	ENSG00000294222.1	ENSG00000294222
ENST00000721954.1	ENSG00000294222.1	ENSG00000294222
ENST00000721955.1	ENSG00000294222.1	ENSG00000294222
ENST00000721956.1	ENSG00000294222.1	ENSG00000294222
ENST00000721957.1	ENSG00000294222.1	ENSG00000294222
ENST00000721959.1	ENSG00000294223.1	ENSG00000294223
ENST00000721962.1	ENSG00000294225.1	ENSG00000294225
ENST00000721963.1	ENSG00000294225.1	ENSG00000294225
ENST00000722053.1	ENSG00000294234.1	ENSG00000294234
ENST00000722054.1	ENSG00000294235.1	ENSG00000294235
ENST00000722107.1	ENSG00000294246.1	ENSG00000294246
ENST00000722109.1	ENSG00000294247.1	ENSG00000294247
ENST00000722147.1	ENSG00000294249.1	ENSG00000294249
ENST00000722148.1	ENSG00000294250.1	ENSG00000294250
ENST00000722231.1	ENSG00000294260.1	ENSG00000294260
ENST00000722276.1	ENSG00000294262.1	ENSG00000294262
ENST00000722329.1	ENSG00000294271.1	ENSG00000294271
ENST00000722567.1	ENSG00000294297.1	ENSG00000294297
ENST00000722572.1	ENSG00000294297.1	ENSG00000294297
ENST00000722574.1	ENSG00000294297.1	ENSG00000294297
ENST00000722575.1	ENSG00000294298.1	ENSG00000294298
ENST00000722627.1	ENSG00000294308.1	ENSG00000294308
ENST00000722706.1	ENSG00000294315.1	ENSG00000294315
ENST00000723060.1	ENSG00000294353.1	ENSG00000294353
ENST00000723222.1	ENSG00000294375.1	ENSG00000294375
ENST00000723239.1	ENSG00000294380.1	ENSG00000294380
ENST00000723423.1	ENSG00000294406.1	ENSG00000294406
ENST00000723424.1	ENSG00000294406.1	ENSG00000294406
ENST00000723495.1	ENSG00000294422.1	ENSG00000294422
ENST00000723496.1	ENSG00000294422.1	ENSG00000294422
ENST00000723497.1	ENSG00000294422.1	ENSG00000294422
ENST00000723498.1	ENSG00000294422.1	ENSG00000294422
ENST00000723499.1	ENSG00000294422.1	ENSG00000294422
ENST00000723500.1	ENSG00000294422.1	ENSG00000294422
ENST00000723501.1	ENSG00000294422.1	ENSG00000294422
ENST00000723502.1	ENSG00000294422.1	ENSG00000294422
ENST00000723503.1	ENSG00000294422.1	ENSG00000294422
ENST00000723504.1	ENSG00000294422.1	ENSG00000294422
ENST00000723505.1	ENSG00000294422.1	ENSG00000294422
ENST00000723519.1	ENSG00000294423.1	ENSG00000294423
ENST00000723546.1	ENSG00000294427.1	ENSG00000294427
ENST00000723548.1	ENSG00000294428.1	ENSG00000294428
ENST00000723549.1	ENSG00000294429.1	ENSG00000294429
ENST00000723550.1	ENSG00000294429.1	ENSG00000294429
ENST00000723614.1	ENSG00000294435.1	ENSG00000294435
ENST00000723640.1	ENSG00000294439.1	ENSG00000294439
ENST00000723647.1	ENSG00000294443.1	ENSG00000294443
ENST00000723797.1	ENSG00000294469.1	ENSG00000294469
ENST00000723798.1	ENSG00000294469.1	ENSG00000294469
ENST00000723799.1	ENSG00000294469.1	ENSG00000294469
ENST00000723800.1	ENSG00000294469.1	ENSG00000294469
ENST00000723801.1	ENSG00000294469.1	ENSG00000294469
ENST00000723802.1	ENSG00000294469.1	ENSG00000294469
ENST00000723803.1	ENSG00000294469.1	ENSG00000294469
ENST00000723804.1	ENSG00000294469.1	ENSG00000294469
ENST00000723805.1	ENSG00000294469.1	ENSG00000294469
ENST00000723936.1	ENSG00000294496.1	ENSG00000294496
ENST00000723985.1	ENSG00000294499.1	ENSG00000294499
ENST00000724016.1	ENSG00000294511.1	ENSG00000294511
ENST00000724018.1	ENSG00000294511.1	ENSG00000294511
ENST00000724020.1	ENSG00000294511.1	ENSG00000294511
ENST00000724021.1	ENSG00000294511.1	ENSG00000294511
ENST00000724078.1	ENSG00000294522.1	ENSG00000294522
ENST00000724079.1	ENSG00000294522.1	ENSG00000294522
ENST00000724080.1	ENSG00000294523.1	ENSG00000294523
ENST00000724208.1	ENSG00000294534.1	ENSG00000294534
ENST00000724329.1	ENSG00000294548.1	ENSG00000294548
ENST00000724330.1	ENSG00000294548.1	ENSG00000294548
ENST00000724408.1	ENSG00000294568.1	ENSG00000294568
ENST00000724409.1	ENSG00000294568.1	ENSG00000294568
ENST00000724410.1	ENSG00000294568.1	ENSG00000294568
ENST00000724411.1	ENSG00000294568.1	ENSG00000294568
ENST00000724412.1	ENSG00000294568.1	ENSG00000294568
ENST00000724512.1	ENSG00000294579.1	ENSG00000294579
ENST00000724557.1	ENSG00000294586.1	ENSG00000294586
ENST00000724558.1	ENSG00000294586.1	ENSG00000294586
ENST00000724577.1	ENSG00000294591.1	ENSG00000294591
ENST00000724700.1	ENSG00000294607.1	ENSG00000294607
ENST00000724701.1	ENSG00000294607.1	ENSG00000294607
ENST00000724740.1	ENSG00000294622.1	ENSG00000294622
ENST00000724877.1	ENSG00000294637.1	ENSG00000294637
ENST00000724879.1	ENSG00000294638.1	ENSG00000294638
ENST00000724880.1	ENSG00000294638.1	ENSG00000294638
ENST00000724913.1	ENSG00000294642.1	ENSG00000294642
ENST00000725061.1	ENSG00000294659.1	ENSG00000294659
ENST00000725062.1	ENSG00000294659.1	ENSG00000294659
ENST00000725064.1	ENSG00000294659.1	ENSG00000294659
ENST00000725065.1	ENSG00000294659.1	ENSG00000294659
ENST00000725066.1	ENSG00000294659.1	ENSG00000294659
ENST00000725096.1	ENSG00000294663.1	ENSG00000294663
ENST00000725097.1	ENSG00000294663.1	ENSG00000294663
ENST00000725098.1	ENSG00000294663.1	ENSG00000294663
ENST00000725099.1	ENSG00000294663.1	ENSG00000294663
ENST00000725100.1	ENSG00000294663.1	ENSG00000294663
ENST00000725101.1	ENSG00000294663.1	ENSG00000294663
ENST00000725102.1	ENSG00000294663.1	ENSG00000294663
ENST00000725103.1	ENSG00000294663.1	ENSG00000294663
ENST00000725104.1	ENSG00000294663.1	ENSG00000294663
ENST00000725105.1	ENSG00000294663.1	ENSG00000294663
ENST00000725106.1	ENSG00000294663.1	ENSG00000294663
ENST00000725107.1	ENSG00000294663.1	ENSG00000294663
ENST00000725108.1	ENSG00000294663.1	ENSG00000294663
ENST00000725109.1	ENSG00000294663.1	ENSG00000294663
ENST00000725232.1	ENSG00000294686.1	ENSG00000294686
ENST00000725239.1	ENSG00000294689.1	ENSG00000294689
ENST00000725273.1	ENSG00000294698.1	ENSG00000294698
ENST00000725279.1	ENSG00000294701.1	ENSG00000294701
ENST00000725535.1	ENSG00000294732.1	ENSG00000294732
ENST00000725537.1	ENSG00000294734.1	ENSG00000294734
ENST00000725539.1	ENSG00000294736.1	ENSG00000294736
ENST00000725672.1	ENSG00000294745.1	ENSG00000294745
ENST00000725681.1	ENSG00000294746.1	ENSG00000294746
ENST00000725701.1	ENSG00000294752.1	ENSG00000294752
ENST00000725704.1	ENSG00000294752.1	ENSG00000294752
ENST00000725705.1	ENSG00000294752.1	ENSG00000294752
ENST00000725706.1	ENSG00000294752.1	ENSG00000294752
ENST00000725707.1	ENSG00000294752.1	ENSG00000294752
ENST00000725708.1	ENSG00000294752.1	ENSG00000294752
ENST00000725709.1	ENSG00000294752.1	ENSG00000294752
ENST00000725767.1	ENSG00000294756.1	ENSG00000294756
ENST00000725768.1	ENSG00000294756.1	ENSG00000294756
ENST00000725769.1	ENSG00000294756.1	ENSG00000294756
ENST00000725770.1	ENSG00000294756.1	ENSG00000294756
ENST00000725771.1	ENSG00000294756.1	ENSG00000294756
ENST00000725772.1	ENSG00000294756.1	ENSG00000294756
ENST00000725925.1	ENSG00000294774.1	ENSG00000294774
ENST00000725926.1	ENSG00000294774.1	ENSG00000294774
ENST00000726095.1	ENSG00000294814.1	ENSG00000294814
ENST00000726187.1	ENSG00000294820.1	ENSG00000294820
ENST00000726235.1	ENSG00000294831.1	ENSG00000294831
ENST00000726236.1	ENSG00000294831.1	ENSG00000294831
ENST00000726237.1	ENSG00000294831.1	ENSG00000294831
ENST00000726238.1	ENSG00000294831.1	ENSG00000294831
ENST00000726239.1	ENSG00000294831.1	ENSG00000294831
ENST00000726252.1	ENSG00000294841.1	ENSG00000294841
ENST00000726253.1	ENSG00000294842.1	ENSG00000294842
ENST00000726304.1	ENSG00000294849.1	ENSG00000294849
ENST00000726306.1	ENSG00000294849.1	ENSG00000294849
ENST00000726383.1	ENSG00000294855.1	ENSG00000294855
ENST00000726429.1	ENSG00000294870.1	ENSG00000294870
ENST00000726430.1	ENSG00000294870.1	ENSG00000294870
ENST00000726532.1	ENSG00000294880.1	ENSG00000294880
ENST00000726556.1	ENSG00000294886.1	ENSG00000294886
ENST00000726587.1	ENSG00000294891.1	ENSG00000294891
ENST00000726596.1	ENSG00000294894.1	ENSG00000294894
ENST00000726891.1	ENSG00000294936.1	ENSG00000294936
ENST00000726921.1	ENSG00000294940.1	ENSG00000294940
ENST00000726933.1	ENSG00000294946.1	ENSG00000294946
ENST00000726936.1	ENSG00000294947.1	ENSG00000294947
ENST00000726969.1	ENSG00000294954.1	ENSG00000294954
ENST00000726974.1	ENSG00000294957.1	ENSG00000294957
ENST00000727058.1	ENSG00000294964.1	ENSG00000294964
ENST00000727129.1	ENSG00000294974.1	ENSG00000294974
ENST00000727207.1	ENSG00000294990.1	ENSG00000294990
ENST00000727208.1	ENSG00000294990.1	ENSG00000294990
ENST00000727215.1	ENSG00000294996.1	ENSG00000294996
ENST00000727238.1	ENSG00000295005.1	ENSG00000295005
ENST00000727253.1	ENSG00000295011.1	ENSG00000295011
ENST00000727382.1	ENSG00000295017.1	ENSG00000295017
ENST00000727383.1	ENSG00000295017.1	ENSG00000295017
ENST00000727384.1	ENSG00000295017.1	ENSG00000295017
ENST00000727386.1	ENSG00000295019.1	ENSG00000295019
ENST00000727388.1	ENSG00000295019.1	ENSG00000295019
ENST00000727389.1	ENSG00000295019.1	ENSG00000295019
ENST00000727390.1	ENSG00000295019.1	ENSG00000295019
ENST00000727391.1	ENSG00000295019.1	ENSG00000295019
ENST00000727392.1	ENSG00000295019.1	ENSG00000295019
ENST00000727393.1	ENSG00000295019.1	ENSG00000295019
ENST00000727394.1	ENSG00000295019.1	ENSG00000295019
ENST00000727395.1	ENSG00000295019.1	ENSG00000295019
ENST00000727396.1	ENSG00000295019.1	ENSG00000295019
ENST00000727397.1	ENSG00000295019.1	ENSG00000295019
ENST00000727398.1	ENSG00000295019.1	ENSG00000295019
ENST00000727400.1	ENSG00000295019.1	ENSG00000295019
ENST00000727401.1	ENSG00000295019.1	ENSG00000295019
ENST00000727403.1	ENSG00000295019.1	ENSG00000295019
ENST00000727404.1	ENSG00000295019.1	ENSG00000295019
ENST00000727405.1	ENSG00000295019.1	ENSG00000295019
ENST00000727406.1	ENSG00000295019.1	ENSG00000295019
ENST00000727407.1	ENSG00000295019.1	ENSG00000295019
ENST00000727409.1	ENSG00000295019.1	ENSG00000295019
ENST00000727588.1	ENSG00000295040.1	ENSG00000295040
ENST00000727589.1	ENSG00000295040.1	ENSG00000295040
ENST00000727613.1	ENSG00000295043.1	ENSG00000295043
ENST00000727614.1	ENSG00000295043.1	ENSG00000295043
ENST00000727615.1	ENSG00000295043.1	ENSG00000295043
ENST00000727639.1	ENSG00000295046.1	ENSG00000295046
ENST00000727675.1	ENSG00000295052.1	ENSG00000295052
ENST00000727689.1	ENSG00000295053.1	ENSG00000295053
ENST00000727690.1	ENSG00000295053.1	ENSG00000295053
ENST00000727713.1	ENSG00000295060.1	ENSG00000295060
ENST00000727715.1	ENSG00000295062.1	ENSG00000295062
ENST00000727739.1	ENSG00000295069.1	ENSG00000295069
ENST00000727765.1	ENSG00000295075.1	ENSG00000295075
ENST00000727830.1	ENSG00000295077.1	ENSG00000295077
ENST00000727831.1	ENSG00000295077.1	ENSG00000295077
ENST00000727832.1	ENSG00000295077.1	ENSG00000295077
ENST00000727849.1	ENSG00000295079.1	ENSG00000295079
ENST00000727872.1	ENSG00000295084.1	ENSG00000295084
ENST00000727873.1	ENSG00000295084.1	ENSG00000295084
ENST00000727987.1	ENSG00000295096.1	ENSG00000295096
ENST00000727996.1	ENSG00000295098.1	ENSG00000295098
ENST00000727997.1	ENSG00000295099.1	ENSG00000295099
ENST00000728122.1	ENSG00000295110.1	ENSG00000295110
ENST00000728229.1	ENSG00000295142.1	ENSG00000295142
ENST00000728230.1	ENSG00000295142.1	ENSG00000295142
ENST00000728235.1	ENSG00000295144.1	ENSG00000295144
ENST00000728272.1	ENSG00000295150.1	ENSG00000295150
ENST00000728314.1	ENSG00000295159.1	ENSG00000295159
ENST00000728393.1	ENSG00000295164.1	ENSG00000295164
ENST00000728399.1	ENSG00000295166.1	ENSG00000295166
ENST00000728498.1	ENSG00000295180.1	ENSG00000295180
ENST00000728538.1	ENSG00000295187.1	ENSG00000295187
ENST00000728539.1	ENSG00000295187.1	ENSG00000295187
ENST00000728540.1	ENSG00000295187.1	ENSG00000295187
ENST00000728541.1	ENSG00000295187.1	ENSG00000295187
ENST00000728548.1	ENSG00000295188.1	ENSG00000295188
ENST00000728591.1	ENSG00000295201.1	ENSG00000295201
ENST00000728593.1	ENSG00000295203.1	ENSG00000295203
ENST00000728594.1	ENSG00000295204.1	ENSG00000295204
ENST00000728595.1	ENSG00000295204.1	ENSG00000295204
ENST00000728638.1	ENSG00000295210.1	ENSG00000295210
ENST00000728754.1	ENSG00000295235.1	ENSG00000295235
ENST00000728755.1	ENSG00000295235.1	ENSG00000295235
ENST00000728758.1	ENSG00000295235.1	ENSG00000295235
ENST00000728776.1	ENSG00000295244.1	ENSG00000295244
ENST00000728777.1	ENSG00000295244.1	ENSG00000295244
ENST00000728821.1	ENSG00000295248.1	ENSG00000295248
ENST00000728833.1	ENSG00000295252.1	ENSG00000295252
ENST00000728870.1	ENSG00000295254.1	ENSG00000295254
ENST00000728929.1	ENSG00000295266.1	ENSG00000295266
ENST00000728955.1	ENSG00000295279.1	ENSG00000295279
ENST00000729010.1	ENSG00000295285.1	ENSG00000295285
ENST00000729011.1	ENSG00000295286.1	ENSG00000295286
ENST00000729054.1	ENSG00000295294.1	ENSG00000295294
ENST00000729099.1	ENSG00000295297.1	ENSG00000295297
ENST00000729216.1	ENSG00000295315.1	ENSG00000295315
ENST00000729229.1	ENSG00000295318.1	ENSG00000295318
ENST00000729230.1	ENSG00000295318.1	ENSG00000295318
ENST00000729231.1	ENSG00000295318.1	ENSG00000295318
ENST00000729237.1	ENSG00000295322.1	ENSG00000295322
ENST00000729415.1	ENSG00000295348.1	ENSG00000295348
ENST00000729580.1	ENSG00000295367.1	ENSG00000295367
ENST00000729641.1	ENSG00000295370.1	ENSG00000295370
ENST00000729707.1	ENSG00000295385.1	ENSG00000295385
ENST00000729758.1	ENSG00000295390.1	ENSG00000295390
ENST00000729799.1	ENSG00000295397.1	ENSG00000295397
ENST00000730125.1	ENSG00000295440.1	ENSG00000295440
ENST00000730126.1	ENSG00000295440.1	ENSG00000295440
ENST00000730127.1	ENSG00000295440.1	ENSG00000295440
ENST00000730128.1	ENSG00000295440.1	ENSG00000295440
ENST00000730129.1	ENSG00000295440.1	ENSG00000295440
ENST00000730130.1	ENSG00000295440.1	ENSG00000295440
ENST00000730131.1	ENSG00000295440.1	ENSG00000295440
ENST00000730133.1	ENSG00000295440.1	ENSG00000295440
ENST00000730138.1	ENSG00000295441.1	ENSG00000295441
ENST00000730174.1	ENSG00000295447.1	ENSG00000295447
ENST00000730200.1	ENSG00000295450.1	ENSG00000295450
ENST00000730207.1	ENSG00000295453.1	ENSG00000295453
ENST00000730208.1	ENSG00000295453.1	ENSG00000295453
ENST00000730209.1	ENSG00000295453.1	ENSG00000295453
ENST00000730210.1	ENSG00000295453.1	ENSG00000295453
ENST00000730211.1	ENSG00000295453.1	ENSG00000295453
ENST00000730212.1	ENSG00000295453.1	ENSG00000295453
ENST00000730213.1	ENSG00000295453.1	ENSG00000295453
ENST00000730214.1	ENSG00000295453.1	ENSG00000295453
ENST00000730281.1	ENSG00000295469.1	ENSG00000295469
ENST00000730282.1	ENSG00000295469.1	ENSG00000295469
ENST00000730353.1	ENSG00000295476.1	ENSG00000295476
ENST00000730376.1	ENSG00000295479.1	ENSG00000295479
ENST00000730391.1	ENSG00000295481.1	ENSG00000295481
ENST00000730410.1	ENSG00000295484.1	ENSG00000295484
ENST00000730428.1	ENSG00000295488.1	ENSG00000295488
ENST00000730546.1	ENSG00000295513.1	ENSG00000295513
ENST00000730547.1	ENSG00000295513.1	ENSG00000295513
ENST00000730605.1	ENSG00000295522.1	ENSG00000295522
ENST00000730612.1	ENSG00000295524.1	ENSG00000295524
ENST00000730681.1	ENSG00000295525.1	ENSG00000295525
ENST00000730682.1	ENSG00000295525.1	ENSG00000295525
ENST00000730705.1	ENSG00000295533.1	ENSG00000295533
ENST00000730749.1	ENSG00000295541.1	ENSG00000295541
ENST00000730814.1	ENSG00000295544.1	ENSG00000295544
ENST00000730818.1	ENSG00000295544.1	ENSG00000295544
ENST00000730933.1	ENSG00000295559.1	ENSG00000295559
ENST00000730934.1	ENSG00000295559.1	ENSG00000295559
ENST00000730935.1	ENSG00000295559.1	ENSG00000295559
ENST00000730936.1	ENSG00000295559.1	ENSG00000295559
ENST00000730937.1	ENSG00000295559.1	ENSG00000295559
ENST00000730938.1	ENSG00000295559.1	ENSG00000295559
ENST00000730939.1	ENSG00000295559.1	ENSG00000295559
ENST00000730940.1	ENSG00000295559.1	ENSG00000295559
ENST00000730941.1	ENSG00000295559.1	ENSG00000295559
ENST00000730943.1	ENSG00000295559.1	ENSG00000295559
ENST00000730944.1	ENSG00000295559.1	ENSG00000295559
ENST00000730945.1	ENSG00000295559.1	ENSG00000295559
ENST00000730946.1	ENSG00000295559.1	ENSG00000295559
ENST00000730947.1	ENSG00000295559.1	ENSG00000295559
ENST00000730951.1	ENSG00000295560.1	ENSG00000295560
ENST00000731034.1	ENSG00000295580.1	ENSG00000295580
ENST00000731146.1	ENSG00000295598.1	ENSG00000295598
ENST00000731148.1	ENSG00000295598.1	ENSG00000295598
ENST00000731151.1	ENSG00000295599.1	ENSG00000295599
ENST00000731255.1	ENSG00000295602.1	ENSG00000295602
ENST00000731272.1	ENSG00000295602.1	ENSG00000295602
ENST00000731301.1	ENSG00000295609.1	ENSG00000295609
ENST00000731511.1	ENSG00000295635.1	ENSG00000295635
ENST00000731513.1	ENSG00000295635.1	ENSG00000295635
ENST00000731514.1	ENSG00000295635.1	ENSG00000295635
ENST00000731515.1	ENSG00000295635.1	ENSG00000295635
ENST00000731516.1	ENSG00000295635.1	ENSG00000295635
ENST00000731517.1	ENSG00000295635.1	ENSG00000295635
ENST00000731537.1	ENSG00000295644.1	ENSG00000295644
ENST00000731538.1	ENSG00000295644.1	ENSG00000295644
ENST00000731555.1	ENSG00000295654.1	ENSG00000295654
ENST00000731557.1	ENSG00000295654.1	ENSG00000295654
ENST00000731558.1	ENSG00000295654.1	ENSG00000295654
ENST00000731559.1	ENSG00000295654.1	ENSG00000295654
ENST00000731623.1	ENSG00000295659.1	ENSG00000295659
ENST00000731665.1	ENSG00000295666.1	ENSG00000295666
ENST00000731723.1	ENSG00000295677.1	ENSG00000295677
ENST00000731724.1	ENSG00000295677.1	ENSG00000295677
ENST00000731725.1	ENSG00000295677.1	ENSG00000295677
ENST00000731726.1	ENSG00000295677.1	ENSG00000295677
ENST00000731727.1	ENSG00000295677.1	ENSG00000295677
ENST00000731728.1	ENSG00000295677.1	ENSG00000295677
ENST00000731729.1	ENSG00000295677.1	ENSG00000295677
ENST00000731730.1	ENSG00000295677.1	ENSG00000295677
ENST00000731731.1	ENSG00000295677.1	ENSG00000295677
ENST00000731732.1	ENSG00000295677.1	ENSG00000295677
ENST00000731733.1	ENSG00000295677.1	ENSG00000295677
ENST00000731734.1	ENSG00000295677.1	ENSG00000295677
ENST00000731735.1	ENSG00000295677.1	ENSG00000295677
ENST00000731736.1	ENSG00000295677.1	ENSG00000295677
ENST00000731737.1	ENSG00000295677.1	ENSG00000295677
ENST00000731738.1	ENSG00000295677.1	ENSG00000295677
ENST00000731739.1	ENSG00000295677.1	ENSG00000295677
ENST00000731740.1	ENSG00000295677.1	ENSG00000295677
ENST00000731741.1	ENSG00000295677.1	ENSG00000295677
ENST00000731742.1	ENSG00000295677.1	ENSG00000295677
ENST00000731743.1	ENSG00000295677.1	ENSG00000295677
ENST00000731744.1	ENSG00000295677.1	ENSG00000295677
ENST00000731745.1	ENSG00000295677.1	ENSG00000295677
ENST00000731746.1	ENSG00000295677.1	ENSG00000295677
ENST00000731747.1	ENSG00000295677.1	ENSG00000295677
ENST00000731748.1	ENSG00000295677.1	ENSG00000295677
ENST00000731749.1	ENSG00000295677.1	ENSG00000295677
ENST00000731750.1	ENSG00000295677.1	ENSG00000295677
ENST00000731751.1	ENSG00000295677.1	ENSG00000295677
ENST00000731752.1	ENSG00000295677.1	ENSG00000295677
ENST00000731753.1	ENSG00000295677.1	ENSG00000295677
ENST00000731754.1	ENSG00000295677.1	ENSG00000295677
ENST00000731755.1	ENSG00000295677.1	ENSG00000295677
ENST00000731756.1	ENSG00000295677.1	ENSG00000295677
ENST00000731757.1	ENSG00000295677.1	ENSG00000295677
ENST00000731758.1	ENSG00000295677.1	ENSG00000295677
ENST00000731759.1	ENSG00000295677.1	ENSG00000295677
ENST00000731760.1	ENSG00000295677.1	ENSG00000295677
ENST00000731762.1	ENSG00000295677.1	ENSG00000295677
ENST00000731763.1	ENSG00000295677.1	ENSG00000295677
ENST00000731773.1	ENSG00000295681.1	ENSG00000295681
ENST00000731776.1	ENSG00000295681.1	ENSG00000295681
ENST00000731974.1	ENSG00000295706.1	ENSG00000295706
ENST00000731975.1	ENSG00000295706.1	ENSG00000295706
ENST00000732035.1	ENSG00000295712.1	ENSG00000295712
ENST00000732081.1	ENSG00000295717.1	ENSG00000295717
ENST00000732150.1	ENSG00000295721.1	ENSG00000295721
ENST00000732206.1	ENSG00000295728.1	ENSG00000295728
ENST00000732286.1	ENSG00000295738.1	ENSG00000295738
ENST00000732287.1	ENSG00000295738.1	ENSG00000295738
ENST00000732442.1	ENSG00000295753.1	ENSG00000295753
ENST00000732443.1	ENSG00000295755.1	ENSG00000295755
ENST00000732445.1	ENSG00000295755.1	ENSG00000295755
ENST00000732590.1	ENSG00000295761.1	ENSG00000295761
ENST00000732592.1	ENSG00000295762.1	ENSG00000295762
ENST00000732593.1	ENSG00000295762.1	ENSG00000295762
ENST00000732639.1	ENSG00000295768.1	ENSG00000295768
ENST00000732641.1	ENSG00000295768.1	ENSG00000295768
ENST00000732651.1	ENSG00000295769.1	ENSG00000295769
ENST00000732703.1	ENSG00000295781.1	ENSG00000295781
ENST00000732706.1	ENSG00000295783.1	ENSG00000295783
ENST00000732737.1	ENSG00000295791.1	ENSG00000295791
ENST00000732756.1	ENSG00000295794.1	ENSG00000295794
ENST00000732846.1	ENSG00000295808.1	ENSG00000295808
ENST00000732873.1	ENSG00000295814.1	ENSG00000295814
ENST00000732925.1	ENSG00000295833.1	ENSG00000295833
ENST00000733129.1	ENSG00000295852.1	ENSG00000295852
ENST00000733131.1	ENSG00000295852.1	ENSG00000295852
ENST00000733132.1	ENSG00000295852.1	ENSG00000295852
ENST00000733133.1	ENSG00000295852.1	ENSG00000295852
ENST00000733322.1	ENSG00000295870.1	ENSG00000295870
ENST00000733450.1	ENSG00000295877.1	ENSG00000295877
ENST00000733505.1	ENSG00000295885.1	ENSG00000295885
ENST00000733506.1	ENSG00000295886.1	ENSG00000295886
ENST00000733550.1	ENSG00000295891.1	ENSG00000295891
ENST00000733585.1	ENSG00000295894.1	ENSG00000295894
ENST00000733586.1	ENSG00000295894.1	ENSG00000295894
ENST00000733587.1	ENSG00000295894.1	ENSG00000295894
ENST00000733597.1	ENSG00000295894.1	ENSG00000295894
ENST00000733598.1	ENSG00000295894.1	ENSG00000295894
ENST00000733601.1	ENSG00000295894.1	ENSG00000295894
ENST00000733603.1	ENSG00000295894.1	ENSG00000295894
ENST00000733697.1	ENSG00000295894.1	ENSG00000295894
ENST00000733698.1	ENSG00000295894.1	ENSG00000295894
ENST00000733734.1	ENSG00000295894.1	ENSG00000295894
ENST00000733735.1	ENSG00000295894.1	ENSG00000295894
ENST00000733861.1	ENSG00000295907.1	ENSG00000295907
ENST00000733955.1	ENSG00000295926.1	ENSG00000295926
ENST00000734268.1	ENSG00000295946.1	ENSG00000295946
ENST00000734269.1	ENSG00000295946.1	ENSG00000295946
ENST00000734511.1	ENSG00000295951.1	ENSG00000295951
ENST00000734572.1	ENSG00000295963.1	ENSG00000295963
ENST00000734616.1	ENSG00000295966.1	ENSG00000295966
ENST00000734635.1	ENSG00000295970.1	ENSG00000295970
ENST00000734636.1	ENSG00000295970.1	ENSG00000295970
ENST00000734639.1	ENSG00000295970.1	ENSG00000295970
ENST00000734640.1	ENSG00000295970.1	ENSG00000295970
ENST00000734644.1	ENSG00000295970.1	ENSG00000295970
ENST00000734646.1	ENSG00000295970.1	ENSG00000295970
ENST00000734648.1	ENSG00000295970.1	ENSG00000295970
ENST00000734649.1	ENSG00000295970.1	ENSG00000295970
ENST00000734650.1	ENSG00000295970.1	ENSG00000295970
ENST00000734655.1	ENSG00000295970.1	ENSG00000295970
ENST00000734656.1	ENSG00000295970.1	ENSG00000295970
ENST00000734737.1	ENSG00000295983.1	ENSG00000295983
ENST00000735028.1	ENSG00000296004.1	ENSG00000296004
ENST00000735029.1	ENSG00000296004.1	ENSG00000296004
ENST00000735393.1	ENSG00000296010.1	ENSG00000296010
ENST00000735541.1	ENSG00000296024.1	ENSG00000296024
ENST00000735542.1	ENSG00000296024.1	ENSG00000296024
ENST00000735543.1	ENSG00000296024.1	ENSG00000296024
ENST00000735544.1	ENSG00000296024.1	ENSG00000296024
ENST00000735545.1	ENSG00000296024.1	ENSG00000296024
ENST00000735588.1	ENSG00000296034.1	ENSG00000296034
ENST00000735761.1	ENSG00000296038.1	ENSG00000296038
ENST00000735943.1	ENSG00000296046.1	ENSG00000296046
ENST00000735985.1	ENSG00000296054.1	ENSG00000296054
ENST00000735992.1	ENSG00000296060.1	ENSG00000296060
ENST00000736034.1	ENSG00000296073.1	ENSG00000296073
ENST00000736035.1	ENSG00000296073.1	ENSG00000296073
ENST00000736036.1	ENSG00000296073.1	ENSG00000296073
ENST00000736255.1	ENSG00000296084.1	ENSG00000296084
ENST00000736392.1	ENSG00000296096.1	ENSG00000296096
ENST00000736451.1	ENSG00000296107.1	ENSG00000296107
ENST00000736452.1	ENSG00000296108.1	ENSG00000296108
ENST00000736456.1	ENSG00000296108.1	ENSG00000296108
ENST00000736491.1	ENSG00000296115.1	ENSG00000296115
ENST00000736492.1	ENSG00000296115.1	ENSG00000296115
ENST00000736535.1	ENSG00000296118.1	ENSG00000296118
ENST00000736536.1	ENSG00000296118.1	ENSG00000296118
ENST00000736537.1	ENSG00000296118.1	ENSG00000296118
ENST00000736538.1	ENSG00000296118.1	ENSG00000296118
ENST00000736671.1	ENSG00000296131.1	ENSG00000296131
ENST00000736682.1	ENSG00000296134.1	ENSG00000296134
ENST00000736701.1	ENSG00000296140.1	ENSG00000296140
ENST00000736911.1	ENSG00000296153.1	ENSG00000296153
ENST00000737026.1	ENSG00000296163.1	ENSG00000296163
ENST00000737027.1	ENSG00000296164.1	ENSG00000296164
ENST00000737028.1	ENSG00000296164.1	ENSG00000296164
ENST00000737059.1	ENSG00000296166.1	ENSG00000296166
ENST00000737089.1	ENSG00000296173.1	ENSG00000296173
ENST00000737090.1	ENSG00000296173.1	ENSG00000296173
ENST00000737091.1	ENSG00000296173.1	ENSG00000296173
ENST00000737092.1	ENSG00000296173.1	ENSG00000296173
ENST00000737093.1	ENSG00000296173.1	ENSG00000296173
ENST00000737094.1	ENSG00000296173.1	ENSG00000296173
ENST00000737115.1	ENSG00000296176.1	ENSG00000296176
ENST00000737116.1	ENSG00000296176.1	ENSG00000296176
ENST00000737211.1	ENSG00000296186.1	ENSG00000296186
ENST00000737212.1	ENSG00000296186.1	ENSG00000296186
ENST00000737213.1	ENSG00000296186.1	ENSG00000296186
ENST00000737258.1	ENSG00000296200.1	ENSG00000296200
ENST00000737265.1	ENSG00000296201.1	ENSG00000296201
ENST00000737406.1	ENSG00000296214.1	ENSG00000296214
ENST00000737504.1	ENSG00000296235.1	ENSG00000296235
ENST00000737505.1	ENSG00000296235.1	ENSG00000296235
ENST00000737506.1	ENSG00000296235.1	ENSG00000296235
ENST00000737507.1	ENSG00000296235.1	ENSG00000296235
ENST00000737508.1	ENSG00000296235.1	ENSG00000296235
ENST00000737509.1	ENSG00000296235.1	ENSG00000296235
ENST00000737510.1	ENSG00000296235.1	ENSG00000296235
ENST00000737511.1	ENSG00000296235.1	ENSG00000296235
ENST00000737515.1	ENSG00000296235.1	ENSG00000296235
ENST00000737516.1	ENSG00000296235.1	ENSG00000296235
ENST00000737517.1	ENSG00000296235.1	ENSG00000296235
ENST00000737538.1	ENSG00000296239.1	ENSG00000296239
ENST00000737540.1	ENSG00000296241.1	ENSG00000296241
ENST00000737657.1	ENSG00000296260.1	ENSG00000296260
ENST00000737662.1	ENSG00000296261.1	ENSG00000296261
ENST00000737663.1	ENSG00000296261.1	ENSG00000296261
ENST00000737772.1	ENSG00000296277.1	ENSG00000296277
ENST00000737823.1	ENSG00000296287.1	ENSG00000296287
ENST00000737885.1	ENSG00000296297.1	ENSG00000296297
ENST00000737886.1	ENSG00000296297.1	ENSG00000296297
ENST00000737888.1	ENSG00000296297.1	ENSG00000296297
ENST00000737890.1	ENSG00000296298.1	ENSG00000296298
ENST00000738156.1	ENSG00000296321.1	ENSG00000296321
ENST00000738157.1	ENSG00000296321.1	ENSG00000296321
ENST00000738158.1	ENSG00000296321.1	ENSG00000296321
ENST00000738159.1	ENSG00000296321.1	ENSG00000296321
ENST00000738160.1	ENSG00000296321.1	ENSG00000296321
ENST00000738161.1	ENSG00000296321.1	ENSG00000296321
ENST00000738162.1	ENSG00000296321.1	ENSG00000296321
ENST00000738264.1	ENSG00000296329.1	ENSG00000296329
ENST00000738266.1	ENSG00000296329.1	ENSG00000296329
ENST00000738267.1	ENSG00000296329.1	ENSG00000296329
ENST00000738271.1	ENSG00000296329.1	ENSG00000296329
ENST00000738313.1	ENSG00000296334.1	ENSG00000296334
ENST00000738589.1	ENSG00000296364.1	ENSG00000296364
ENST00000738590.1	ENSG00000296364.1	ENSG00000296364
ENST00000738591.1	ENSG00000296364.1	ENSG00000296364
ENST00000738592.1	ENSG00000296364.1	ENSG00000296364
ENST00000738602.1	ENSG00000296367.1	ENSG00000296367
ENST00000738610.1	ENSG00000296372.1	ENSG00000296372
ENST00000738706.1	ENSG00000296384.1	ENSG00000296384
ENST00000738728.1	ENSG00000296390.1	ENSG00000296390
ENST00000738730.1	ENSG00000296390.1	ENSG00000296390
ENST00000738731.1	ENSG00000296390.1	ENSG00000296390
ENST00000738757.1	ENSG00000296394.1	ENSG00000296394
ENST00000738817.1	ENSG00000296407.1	ENSG00000296407
ENST00000739550.1	ENSG00000296416.1	ENSG00000296416
ENST00000739551.1	ENSG00000296416.1	ENSG00000296416
ENST00000739552.1	ENSG00000296416.1	ENSG00000296416
ENST00000739553.1	ENSG00000296416.1	ENSG00000296416
ENST00000739554.1	ENSG00000296416.1	ENSG00000296416
ENST00000739555.1	ENSG00000296416.1	ENSG00000296416
ENST00000739557.1	ENSG00000296418.1	ENSG00000296418
ENST00000739558.1	ENSG00000296418.1	ENSG00000296418
ENST00000739578.1	ENSG00000296421.1	ENSG00000296421
ENST00000739579.1	ENSG00000296421.1	ENSG00000296421
ENST00000739580.1	ENSG00000296421.1	ENSG00000296421
ENST00000739581.1	ENSG00000296421.1	ENSG00000296421
ENST00000739582.1	ENSG00000296421.1	ENSG00000296421
ENST00000739583.1	ENSG00000296421.1	ENSG00000296421
ENST00000739603.1	ENSG00000296426.1	ENSG00000296426
ENST00000739621.1	ENSG00000296430.1	ENSG00000296430
ENST00000739622.1	ENSG00000296430.1	ENSG00000296430
ENST00000739623.1	ENSG00000296430.1	ENSG00000296430
ENST00000739624.1	ENSG00000296430.1	ENSG00000296430
ENST00000739625.1	ENSG00000296430.1	ENSG00000296430
ENST00000739626.1	ENSG00000296430.1	ENSG00000296430
ENST00000739627.1	ENSG00000296430.1	ENSG00000296430
ENST00000739638.1	ENSG00000296433.1	ENSG00000296433
ENST00000739652.1	ENSG00000296439.1	ENSG00000296439
ENST00000739699.1	ENSG00000296453.1	ENSG00000296453
ENST00000739701.1	ENSG00000296453.1	ENSG00000296453
ENST00000739705.1	ENSG00000296453.1	ENSG00000296453
ENST00000739706.1	ENSG00000296453.1	ENSG00000296453
ENST00000739714.1	ENSG00000296455.1	ENSG00000296455
ENST00000739715.1	ENSG00000296455.1	ENSG00000296455
ENST00000739859.1	ENSG00000296485.1	ENSG00000296485
ENST00000739860.1	ENSG00000296485.1	ENSG00000296485
ENST00000739907.1	ENSG00000296492.1	ENSG00000296492
ENST00000739976.1	ENSG00000296506.1	ENSG00000296506
ENST00000739978.1	ENSG00000296508.1	ENSG00000296508
ENST00000740068.1	ENSG00000296516.1	ENSG00000296516
ENST00000740083.1	ENSG00000296522.1	ENSG00000296522
ENST00000740084.1	ENSG00000296522.1	ENSG00000296522
ENST00000740085.1	ENSG00000296522.1	ENSG00000296522
ENST00000740086.1	ENSG00000296522.1	ENSG00000296522
ENST00000740149.1	ENSG00000296536.1	ENSG00000296536
ENST00000740242.1	ENSG00000296543.1	ENSG00000296543
ENST00000740265.1	ENSG00000296549.1	ENSG00000296549
ENST00000740328.1	ENSG00000296561.1	ENSG00000296561
ENST00000740399.1	ENSG00000296566.1	ENSG00000296566
ENST00000740669.1	ENSG00000296593.1	ENSG00000296593
ENST00000740706.1	ENSG00000296600.1	ENSG00000296600
ENST00000740707.1	ENSG00000296601.1	ENSG00000296601
ENST00000740732.1	ENSG00000296605.1	ENSG00000296605
ENST00000740784.1	ENSG00000296612.1	ENSG00000296612
ENST00000740786.1	ENSG00000296612.1	ENSG00000296612
ENST00000740905.1	ENSG00000296625.1	ENSG00000296625
ENST00000740950.1	ENSG00000296642.1	ENSG00000296642
ENST00000740951.1	ENSG00000296642.1	ENSG00000296642
ENST00000740952.1	ENSG00000296642.1	ENSG00000296642
ENST00000740955.1	ENSG00000296642.1	ENSG00000296642
ENST00000740956.1	ENSG00000296642.1	ENSG00000296642
ENST00000740958.1	ENSG00000296642.1	ENSG00000296642
ENST00000740959.1	ENSG00000296642.1	ENSG00000296642
ENST00000741027.1	ENSG00000296651.1	ENSG00000296651
ENST00000741028.1	ENSG00000296651.1	ENSG00000296651
ENST00000741059.1	ENSG00000296660.1	ENSG00000296660
ENST00000741067.1	ENSG00000296664.1	ENSG00000296664
ENST00000741068.1	ENSG00000296664.1	ENSG00000296664
ENST00000741208.1	ENSG00000296695.1	ENSG00000296695
ENST00000741262.1	ENSG00000296708.1	ENSG00000296708
ENST00000741397.1	ENSG00000296730.1	ENSG00000296730
ENST00000741475.1	ENSG00000296738.1	ENSG00000296738
ENST00000741537.1	ENSG00000296749.1	ENSG00000296749
ENST00000741621.1	ENSG00000296755.1	ENSG00000296755
ENST00000741665.1	ENSG00000296758.1	ENSG00000296758
ENST00000741666.1	ENSG00000296758.1	ENSG00000296758
ENST00000741667.1	ENSG00000296758.1	ENSG00000296758
ENST00000741668.1	ENSG00000296758.1	ENSG00000296758
ENST00000741669.1	ENSG00000296758.1	ENSG00000296758
ENST00000741670.1	ENSG00000296758.1	ENSG00000296758
ENST00000741715.1	ENSG00000296762.1	ENSG00000296762
ENST00000741982.1	ENSG00000296784.1	ENSG00000296784
ENST00000741983.1	ENSG00000296785.1	ENSG00000296785
ENST00000741985.1	ENSG00000296787.1	ENSG00000296787
ENST00000741986.1	ENSG00000296787.1	ENSG00000296787
ENST00000741987.1	ENSG00000296788.1	ENSG00000296788
ENST00000742011.1	ENSG00000296790.2	ENSG00000296790
ENST00000742366.1	ENSG00000296804.1	ENSG00000296804
ENST00000742367.1	ENSG00000296804.1	ENSG00000296804
ENST00000742376.1	ENSG00000296805.1	ENSG00000296805
ENST00000742377.1	ENSG00000296805.1	ENSG00000296805
ENST00000742737.1	ENSG00000296816.1	ENSG00000296816
ENST00000742757.1	ENSG00000296822.1	ENSG00000296822
ENST00000742758.1	ENSG00000296822.1	ENSG00000296822
ENST00000742780.1	ENSG00000296827.1	ENSG00000296827
ENST00000742781.1	ENSG00000296827.1	ENSG00000296827
ENST00000742782.1	ENSG00000296827.1	ENSG00000296827
ENST00000742783.1	ENSG00000296827.1	ENSG00000296827
ENST00000742784.1	ENSG00000296827.1	ENSG00000296827
ENST00000742937.1	ENSG00000296841.1	ENSG00000296841
ENST00000742938.1	ENSG00000296841.1	ENSG00000296841
ENST00000742974.1	ENSG00000296846.1	ENSG00000296846
ENST00000743023.1	ENSG00000296850.1	ENSG00000296850
ENST00000743024.1	ENSG00000296850.1	ENSG00000296850
ENST00000743073.1	ENSG00000296859.1	ENSG00000296859
ENST00000743235.1	ENSG00000296863.1	ENSG00000296863
ENST00000743276.1	ENSG00000296873.1	ENSG00000296873
ENST00000743277.1	ENSG00000296873.1	ENSG00000296873
ENST00000743278.1	ENSG00000296873.1	ENSG00000296873
ENST00000743279.1	ENSG00000296873.1	ENSG00000296873
ENST00000743280.1	ENSG00000296873.1	ENSG00000296873
ENST00000743329.1	ENSG00000296882.1	ENSG00000296882
ENST00000743331.1	ENSG00000296884.1	ENSG00000296884
ENST00000743332.1	ENSG00000296884.1	ENSG00000296884
ENST00000743334.1	ENSG00000296885.1	ENSG00000296885
ENST00000743340.1	ENSG00000296887.1	ENSG00000296887
ENST00000743341.1	ENSG00000296888.1	ENSG00000296888
ENST00000743409.1	ENSG00000296892.1	ENSG00000296892
ENST00000743444.1	ENSG00000296904.1	ENSG00000296904
ENST00000743511.1	ENSG00000296909.1	ENSG00000296909
ENST00000743594.1	ENSG00000296911.1	ENSG00000296911
ENST00000743595.1	ENSG00000296912.1	ENSG00000296912
ENST00000743674.1	ENSG00000296928.1	ENSG00000296928
ENST00000743741.1	ENSG00000296940.1	ENSG00000296940
ENST00000743820.1	ENSG00000296956.1	ENSG00000296956
ENST00000743914.1	ENSG00000296967.1	ENSG00000296967
ENST00000743921.1	ENSG00000296969.1	ENSG00000296969
ENST00000744069.1	ENSG00000296986.1	ENSG00000296986
ENST00000744125.1	ENSG00000296992.1	ENSG00000296992
ENST00000744249.1	ENSG00000297009.1	ENSG00000297009
ENST00000744813.1	ENSG00000297035.1	ENSG00000297035
ENST00000744984.1	ENSG00000297048.1	ENSG00000297048
ENST00000744985.1	ENSG00000297048.1	ENSG00000297048
ENST00000744992.1	ENSG00000297052.1	ENSG00000297052
ENST00000745243.1	ENSG00000297085.1	ENSG00000297085
ENST00000745510.1	ENSG00000297103.1	ENSG00000297103
ENST00000745511.1	ENSG00000297103.1	ENSG00000297103
ENST00000745524.1	ENSG00000297106.1	ENSG00000297106
ENST00000745525.1	ENSG00000297106.1	ENSG00000297106
ENST00000745526.1	ENSG00000297106.1	ENSG00000297106
ENST00000745527.1	ENSG00000297106.1	ENSG00000297106
ENST00000745528.1	ENSG00000297106.1	ENSG00000297106
ENST00000745529.1	ENSG00000297106.1	ENSG00000297106
ENST00000745530.1	ENSG00000297106.1	ENSG00000297106
ENST00000745598.1	ENSG00000297114.1	ENSG00000297114
ENST00000745599.1	ENSG00000297114.1	ENSG00000297114
ENST00000745640.1	ENSG00000297126.1	ENSG00000297126
ENST00000745725.1	ENSG00000297130.1	ENSG00000297130
ENST00000745745.1	ENSG00000297133.1	ENSG00000297133
ENST00000745746.1	ENSG00000297133.1	ENSG00000297133
ENST00000745766.1	ENSG00000297140.1	ENSG00000297140
ENST00000745768.1	ENSG00000297140.1	ENSG00000297140
ENST00000745884.1	ENSG00000297154.1	ENSG00000297154
ENST00000745886.1	ENSG00000297154.1	ENSG00000297154
ENST00000745902.1	ENSG00000297158.1	ENSG00000297158
ENST00000746067.1	ENSG00000297190.1	ENSG00000297190
ENST00000746068.1	ENSG00000297190.1	ENSG00000297190
ENST00000746070.1	ENSG00000297190.1	ENSG00000297190
ENST00000746071.1	ENSG00000297190.1	ENSG00000297190
ENST00000746203.1	ENSG00000297211.1	ENSG00000297211
ENST00000746204.1	ENSG00000297211.1	ENSG00000297211
ENST00000746264.1	ENSG00000297217.1	ENSG00000297217
ENST00000746320.1	ENSG00000297224.1	ENSG00000297224
ENST00000746321.1	ENSG00000297224.1	ENSG00000297224
ENST00000746344.1	ENSG00000297228.1	ENSG00000297228
ENST00000746414.1	ENSG00000297240.1	ENSG00000297240
ENST00000746415.1	ENSG00000297240.1	ENSG00000297240
ENST00000746416.1	ENSG00000297240.1	ENSG00000297240
ENST00000746432.1	ENSG00000297244.1	ENSG00000297244
ENST00000746433.1	ENSG00000297244.1	ENSG00000297244
ENST00000746434.1	ENSG00000297244.1	ENSG00000297244
ENST00000746435.1	ENSG00000297244.1	ENSG00000297244
ENST00000746436.1	ENSG00000297244.1	ENSG00000297244
ENST00000746437.1	ENSG00000297244.1	ENSG00000297244
ENST00000746438.1	ENSG00000297244.1	ENSG00000297244
ENST00000746439.1	ENSG00000297244.1	ENSG00000297244
ENST00000746606.1	ENSG00000297255.1	ENSG00000297255
ENST00000746643.1	ENSG00000297258.1	ENSG00000297258
ENST00000746773.1	ENSG00000297283.1	ENSG00000297283
ENST00000746774.1	ENSG00000297283.1	ENSG00000297283
ENST00000746775.1	ENSG00000297283.1	ENSG00000297283
ENST00000746776.1	ENSG00000297283.1	ENSG00000297283
ENST00000746777.1	ENSG00000297283.1	ENSG00000297283
ENST00000746839.1	ENSG00000297290.1	ENSG00000297290
ENST00000746840.1	ENSG00000297290.1	ENSG00000297290
ENST00000746841.1	ENSG00000297290.1	ENSG00000297290
ENST00000746927.1	ENSG00000297296.1	ENSG00000297296
ENST00000747042.1	ENSG00000297303.1	ENSG00000297303
ENST00000747046.1	ENSG00000297307.1	ENSG00000297307
ENST00000747179.1	ENSG00000297339.1	ENSG00000297339
ENST00000747180.1	ENSG00000297339.1	ENSG00000297339
ENST00000747209.1	ENSG00000297346.1	ENSG00000297346
ENST00000747293.1	ENSG00000297355.1	ENSG00000297355
ENST00000747486.1	ENSG00000297367.1	ENSG00000297367
ENST00000747487.1	ENSG00000297367.1	ENSG00000297367
ENST00000747488.1	ENSG00000297367.1	ENSG00000297367
ENST00000747489.1	ENSG00000297367.1	ENSG00000297367
ENST00000747490.1	ENSG00000297367.1	ENSG00000297367
ENST00000747491.1	ENSG00000297367.1	ENSG00000297367
ENST00000747492.1	ENSG00000297367.1	ENSG00000297367
ENST00000747493.1	ENSG00000297367.1	ENSG00000297367
ENST00000747495.1	ENSG00000297367.1	ENSG00000297367
ENST00000747496.1	ENSG00000297367.1	ENSG00000297367
ENST00000747498.1	ENSG00000297367.1	ENSG00000297367
ENST00000747500.1	ENSG00000297367.1	ENSG00000297367
ENST00000747501.1	ENSG00000297367.1	ENSG00000297367
ENST00000747688.1	ENSG00000297391.1	ENSG00000297391
ENST00000747689.1	ENSG00000297391.1	ENSG00000297391
ENST00000747690.1	ENSG00000297391.1	ENSG00000297391
ENST00000747691.1	ENSG00000297391.1	ENSG00000297391
ENST00000747692.1	ENSG00000297391.1	ENSG00000297391
ENST00000747693.1	ENSG00000297391.1	ENSG00000297391
ENST00000747694.1	ENSG00000297391.1	ENSG00000297391
ENST00000747728.1	ENSG00000297404.1	ENSG00000297404
ENST00000747729.1	ENSG00000297405.1	ENSG00000297405
ENST00000747750.1	ENSG00000297410.1	ENSG00000297410
ENST00000747772.1	ENSG00000297414.1	ENSG00000297414
ENST00000747773.1	ENSG00000297414.1	ENSG00000297414
ENST00000747811.1	ENSG00000297419.1	ENSG00000297419
ENST00000747812.1	ENSG00000297419.1	ENSG00000297419
ENST00000747830.1	ENSG00000297423.1	ENSG00000297423
ENST00000747831.1	ENSG00000297423.1	ENSG00000297423
ENST00000747832.1	ENSG00000297423.1	ENSG00000297423
ENST00000747833.1	ENSG00000297423.1	ENSG00000297423
ENST00000747834.1	ENSG00000297423.1	ENSG00000297423
ENST00000747901.1	ENSG00000297435.1	ENSG00000297435
ENST00000747911.1	ENSG00000297438.1	ENSG00000297438
ENST00000747913.1	ENSG00000297440.1	ENSG00000297440
ENST00000747914.1	ENSG00000297440.1	ENSG00000297440
ENST00000747915.1	ENSG00000297440.1	ENSG00000297440
ENST00000747916.1	ENSG00000297440.1	ENSG00000297440
ENST00000747918.1	ENSG00000297440.1	ENSG00000297440
ENST00000747919.1	ENSG00000297440.1	ENSG00000297440
ENST00000747920.1	ENSG00000297440.1	ENSG00000297440
ENST00000747921.1	ENSG00000297440.1	ENSG00000297440
ENST00000747922.1	ENSG00000297440.1	ENSG00000297440
ENST00000747923.1	ENSG00000297440.1	ENSG00000297440
ENST00000747924.1	ENSG00000297440.1	ENSG00000297440
ENST00000747925.1	ENSG00000297440.1	ENSG00000297440
ENST00000747926.1	ENSG00000297440.1	ENSG00000297440
ENST00000747989.1	ENSG00000297456.1	ENSG00000297456
ENST00000748030.1	ENSG00000297464.1	ENSG00000297464
ENST00000748031.1	ENSG00000297464.1	ENSG00000297464
ENST00000748032.1	ENSG00000297464.1	ENSG00000297464
ENST00000748035.1	ENSG00000297466.1	ENSG00000297466
ENST00000748036.1	ENSG00000297466.1	ENSG00000297466
ENST00000748163.1	ENSG00000297473.1	ENSG00000297473
ENST00000748307.1	ENSG00000297492.1	ENSG00000297492
ENST00000748489.1	ENSG00000297511.1	ENSG00000297511
ENST00000748491.1	ENSG00000297513.1	ENSG00000297513
ENST00000748498.1	ENSG00000297516.1	ENSG00000297516
ENST00000748499.1	ENSG00000297516.1	ENSG00000297516
ENST00000748500.1	ENSG00000297516.1	ENSG00000297516
ENST00000748508.1	ENSG00000297518.1	ENSG00000297518
ENST00000748509.1	ENSG00000297518.1	ENSG00000297518
ENST00000748634.1	ENSG00000297525.1	ENSG00000297525
ENST00000748705.1	ENSG00000297530.1	ENSG00000297530
ENST00000748744.1	ENSG00000297533.1	ENSG00000297533
ENST00000748745.1	ENSG00000297533.1	ENSG00000297533
ENST00000748751.1	ENSG00000297536.1	ENSG00000297536
ENST00000748752.1	ENSG00000297536.1	ENSG00000297536
ENST00000748763.1	ENSG00000297543.1	ENSG00000297543
ENST00000748909.1	ENSG00000297559.1	ENSG00000297559
ENST00000748910.1	ENSG00000297559.1	ENSG00000297559
ENST00000749010.1	ENSG00000297567.1	ENSG00000297567
ENST00000749073.1	ENSG00000297580.1	ENSG00000297580
ENST00000749079.1	ENSG00000297585.1	ENSG00000297585
ENST00000749387.1	ENSG00000297629.1	ENSG00000297629
ENST00000749389.1	ENSG00000297629.1	ENSG00000297629
ENST00000749390.1	ENSG00000297629.1	ENSG00000297629
ENST00000749821.1	ENSG00000297660.1	ENSG00000297660
ENST00000749990.1	ENSG00000297674.1	ENSG00000297674
ENST00000749991.1	ENSG00000297674.1	ENSG00000297674
ENST00000749993.1	ENSG00000297674.1	ENSG00000297674
ENST00000749994.1	ENSG00000297674.1	ENSG00000297674
ENST00000749995.1	ENSG00000297674.1	ENSG00000297674
ENST00000750058.1	ENSG00000297689.1	ENSG00000297689
ENST00000750059.1	ENSG00000297689.1	ENSG00000297689
ENST00000750222.1	ENSG00000297695.1	ENSG00000297695
ENST00000750223.1	ENSG00000297695.1	ENSG00000297695
ENST00000750224.1	ENSG00000297695.1	ENSG00000297695
ENST00000750225.1	ENSG00000297695.1	ENSG00000297695
ENST00000750226.1	ENSG00000297695.1	ENSG00000297695
ENST00000750227.1	ENSG00000297695.1	ENSG00000297695
ENST00000750229.1	ENSG00000297695.1	ENSG00000297695
ENST00000750230.1	ENSG00000297695.1	ENSG00000297695
ENST00000750231.1	ENSG00000297695.1	ENSG00000297695
ENST00000750232.1	ENSG00000297695.1	ENSG00000297695
ENST00000750233.1	ENSG00000297695.1	ENSG00000297695
ENST00000750235.1	ENSG00000297695.1	ENSG00000297695
ENST00000750236.1	ENSG00000297695.1	ENSG00000297695
ENST00000750237.1	ENSG00000297695.1	ENSG00000297695
ENST00000750238.1	ENSG00000297695.1	ENSG00000297695
ENST00000750239.1	ENSG00000297695.1	ENSG00000297695
ENST00000750338.1	ENSG00000297697.1	ENSG00000297697
ENST00000750352.1	ENSG00000297699.1	ENSG00000297699
ENST00000750389.1	ENSG00000297708.1	ENSG00000297708
ENST00000750391.1	ENSG00000297708.1	ENSG00000297708
ENST00000750393.1	ENSG00000297708.1	ENSG00000297708
ENST00000750394.1	ENSG00000297708.1	ENSG00000297708
ENST00000750539.1	ENSG00000297728.1	ENSG00000297728
ENST00000750630.1	ENSG00000297733.1	ENSG00000297733
ENST00000750758.1	ENSG00000297746.1	ENSG00000297746
ENST00000750785.1	ENSG00000297753.1	ENSG00000297753
ENST00000750786.1	ENSG00000297753.1	ENSG00000297753
ENST00000750787.1	ENSG00000297753.1	ENSG00000297753
ENST00000750788.1	ENSG00000297753.1	ENSG00000297753
ENST00000750841.1	ENSG00000297761.1	ENSG00000297761
ENST00000750871.1	ENSG00000297770.1	ENSG00000297770
ENST00000750926.1	ENSG00000297780.1	ENSG00000297780
ENST00000750933.1	ENSG00000297785.1	ENSG00000297785
ENST00000750940.1	ENSG00000297787.1	ENSG00000297787
ENST00000750941.1	ENSG00000297787.1	ENSG00000297787
ENST00000750944.1	ENSG00000297790.1	ENSG00000297790
ENST00000750945.1	ENSG00000297790.1	ENSG00000297790
ENST00000750946.1	ENSG00000297790.1	ENSG00000297790
ENST00000750947.1	ENSG00000297790.1	ENSG00000297790
ENST00000750948.1	ENSG00000297790.1	ENSG00000297790
ENST00000750949.1	ENSG00000297790.1	ENSG00000297790
ENST00000750950.1	ENSG00000297790.1	ENSG00000297790
ENST00000750951.1	ENSG00000297790.1	ENSG00000297790
ENST00000750952.1	ENSG00000297790.1	ENSG00000297790
ENST00000750953.1	ENSG00000297790.1	ENSG00000297790
ENST00000750956.1	ENSG00000297793.1	ENSG00000297793
ENST00000750993.1	ENSG00000297797.1	ENSG00000297797
ENST00000750994.1	ENSG00000297797.1	ENSG00000297797
ENST00000750995.1	ENSG00000297797.1	ENSG00000297797
ENST00000750996.1	ENSG00000297797.1	ENSG00000297797
ENST00000751129.1	ENSG00000297805.1	ENSG00000297805
ENST00000751132.1	ENSG00000297805.1	ENSG00000297805
ENST00000751146.1	ENSG00000297808.1	ENSG00000297808
ENST00000751171.1	ENSG00000297811.1	ENSG00000297811
ENST00000751365.1	ENSG00000297843.1	ENSG00000297843
ENST00000751410.1	ENSG00000297854.1	ENSG00000297854
ENST00000751411.1	ENSG00000297854.1	ENSG00000297854
ENST00000751468.1	ENSG00000297871.1	ENSG00000297871
ENST00000751544.1	ENSG00000297884.1	ENSG00000297884
ENST00000751562.1	ENSG00000297889.1	ENSG00000297889
ENST00000751563.1	ENSG00000297889.1	ENSG00000297889
ENST00000751564.1	ENSG00000297890.1	ENSG00000297890
ENST00000751586.1	ENSG00000297895.1	ENSG00000297895
ENST00000751743.1	ENSG00000297904.1	ENSG00000297904
ENST00000751755.1	ENSG00000297907.1	ENSG00000297907
ENST00000751756.1	ENSG00000297907.1	ENSG00000297907
ENST00000751759.1	ENSG00000297910.1	ENSG00000297910
ENST00000751762.1	ENSG00000297910.1	ENSG00000297910
ENST00000751763.1	ENSG00000297910.1	ENSG00000297910
ENST00000751831.1	ENSG00000297918.1	ENSG00000297918
ENST00000751834.1	ENSG00000297919.1	ENSG00000297919
ENST00000751835.1	ENSG00000297919.1	ENSG00000297919
ENST00000751848.1	ENSG00000297920.1	ENSG00000297920
ENST00000752332.1	ENSG00000297983.1	ENSG00000297983
ENST00000752381.1	ENSG00000297996.1	ENSG00000297996
ENST00000752475.1	ENSG00000298011.1	ENSG00000298011
ENST00000752477.1	ENSG00000298013.1	ENSG00000298013
ENST00000752490.1	ENSG00000298014.1	ENSG00000298014
ENST00000752495.1	ENSG00000298016.1	ENSG00000298016
ENST00000752496.1	ENSG00000298017.1	ENSG00000298017
ENST00000752567.1	ENSG00000298028.1	ENSG00000298028
ENST00000752605.1	ENSG00000298038.1	ENSG00000298038
ENST00000752685.1	ENSG00000298043.1	ENSG00000298043
ENST00000752686.1	ENSG00000298043.1	ENSG00000298043
ENST00000752687.1	ENSG00000298043.1	ENSG00000298043
ENST00000752722.1	ENSG00000298050.1	ENSG00000298050
ENST00000752726.1	ENSG00000298052.1	ENSG00000298052
ENST00000752727.1	ENSG00000298052.1	ENSG00000298052
ENST00000752728.1	ENSG00000298052.1	ENSG00000298052
ENST00000752729.1	ENSG00000298052.1	ENSG00000298052
ENST00000752730.1	ENSG00000298052.1	ENSG00000298052
ENST00000752731.1	ENSG00000298052.1	ENSG00000298052
ENST00000752732.1	ENSG00000298052.1	ENSG00000298052
ENST00000752733.1	ENSG00000298052.1	ENSG00000298052
ENST00000752734.1	ENSG00000298052.1	ENSG00000298052
ENST00000752735.1	ENSG00000298052.1	ENSG00000298052
ENST00000752736.1	ENSG00000298052.1	ENSG00000298052
ENST00000752737.1	ENSG00000298052.1	ENSG00000298052
ENST00000752738.1	ENSG00000298052.1	ENSG00000298052
ENST00000752739.1	ENSG00000298052.1	ENSG00000298052
ENST00000752769.1	ENSG00000298060.1	ENSG00000298060
ENST00000752770.1	ENSG00000298060.1	ENSG00000298060
ENST00000752833.1	ENSG00000298071.1	ENSG00000298071
ENST00000752834.1	ENSG00000298071.1	ENSG00000298071
ENST00000752841.1	ENSG00000298074.1	ENSG00000298074
ENST00000752842.1	ENSG00000298074.1	ENSG00000298074
ENST00000752871.1	ENSG00000298085.1	ENSG00000298085
ENST00000752923.1	ENSG00000298098.1	ENSG00000298098
ENST00000753005.1	ENSG00000298108.1	ENSG00000298108
ENST00000753006.1	ENSG00000298108.1	ENSG00000298108
ENST00000753084.1	ENSG00000298115.1	ENSG00000298115
ENST00000753085.1	ENSG00000298115.1	ENSG00000298115
ENST00000753200.1	ENSG00000298131.1	ENSG00000298131
ENST00000753231.1	ENSG00000298139.1	ENSG00000298139
ENST00000753233.1	ENSG00000298139.1	ENSG00000298139
ENST00000753234.1	ENSG00000298139.1	ENSG00000298139
ENST00000753235.1	ENSG00000298139.1	ENSG00000298139
ENST00000753237.1	ENSG00000298139.1	ENSG00000298139
ENST00000753239.1	ENSG00000298139.1	ENSG00000298139
ENST00000753240.1	ENSG00000298139.1	ENSG00000298139
ENST00000753507.1	ENSG00000298171.1	ENSG00000298171
ENST00000753701.1	ENSG00000298178.1	ENSG00000298178
ENST00000753858.1	ENSG00000298203.1	ENSG00000298203
ENST00000753885.1	ENSG00000298206.1	ENSG00000298206
ENST00000753886.1	ENSG00000298206.1	ENSG00000298206
ENST00000753887.1	ENSG00000298206.1	ENSG00000298206
ENST00000753908.1	ENSG00000298211.1	ENSG00000298211
ENST00000753951.1	ENSG00000298215.1	ENSG00000298215
ENST00000753952.1	ENSG00000298215.1	ENSG00000298215
ENST00000753981.1	ENSG00000298225.1	ENSG00000298225
ENST00000754070.1	ENSG00000298243.1	ENSG00000298243
ENST00000754071.1	ENSG00000298243.1	ENSG00000298243
ENST00000754133.1	ENSG00000298255.1	ENSG00000298255
ENST00000754135.1	ENSG00000298255.1	ENSG00000298255
ENST00000754158.1	ENSG00000298262.1	ENSG00000298262
ENST00000754163.1	ENSG00000298262.1	ENSG00000298262
ENST00000754164.1	ENSG00000298262.1	ENSG00000298262
ENST00000754166.1	ENSG00000298262.1	ENSG00000298262
ENST00000754279.1	ENSG00000298266.1	ENSG00000298266
ENST00000754291.1	ENSG00000298266.1	ENSG00000298266
ENST00000754298.1	ENSG00000298266.1	ENSG00000298266
ENST00000754299.1	ENSG00000298266.1	ENSG00000298266
ENST00000754300.1	ENSG00000298266.1	ENSG00000298266
ENST00000754301.1	ENSG00000298266.1	ENSG00000298266
ENST00000754303.1	ENSG00000298268.1	ENSG00000298268
ENST00000754304.1	ENSG00000298268.1	ENSG00000298268
ENST00000754305.1	ENSG00000298268.1	ENSG00000298268
ENST00000754306.1	ENSG00000298268.1	ENSG00000298268
ENST00000754453.1	ENSG00000298286.1	ENSG00000298286
ENST00000754454.1	ENSG00000298286.1	ENSG00000298286
ENST00000754462.1	ENSG00000298291.1	ENSG00000298291
ENST00000754487.1	ENSG00000298295.1	ENSG00000298295
ENST00000754619.1	ENSG00000298305.1	ENSG00000298305
ENST00000754620.1	ENSG00000298305.1	ENSG00000298305
ENST00000754810.1	ENSG00000298313.1	ENSG00000298313
ENST00000755031.1	ENSG00000298345.1	ENSG00000298345
ENST00000755078.1	ENSG00000298357.1	ENSG00000298357
ENST00000755091.1	ENSG00000298360.1	ENSG00000298360
ENST00000755092.1	ENSG00000298360.1	ENSG00000298360
ENST00000755093.1	ENSG00000298360.1	ENSG00000298360
ENST00000755094.1	ENSG00000298360.1	ENSG00000298360
ENST00000755095.1	ENSG00000298360.1	ENSG00000298360
ENST00000755096.1	ENSG00000298360.1	ENSG00000298360
ENST00000755097.1	ENSG00000298360.1	ENSG00000298360
ENST00000755098.1	ENSG00000298360.1	ENSG00000298360
ENST00000755125.1	ENSG00000298367.1	ENSG00000298367
ENST00000755208.1	ENSG00000298381.1	ENSG00000298381
ENST00000755239.1	ENSG00000298385.1	ENSG00000298385
ENST00000755240.1	ENSG00000298385.1	ENSG00000298385
ENST00000755241.1	ENSG00000298385.1	ENSG00000298385
ENST00000755242.1	ENSG00000298385.1	ENSG00000298385
ENST00000755243.1	ENSG00000298385.1	ENSG00000298385
ENST00000755244.1	ENSG00000298385.1	ENSG00000298385
ENST00000755245.1	ENSG00000298385.1	ENSG00000298385
ENST00000755246.1	ENSG00000298385.1	ENSG00000298385
ENST00000755247.1	ENSG00000298385.1	ENSG00000298385
ENST00000755248.1	ENSG00000298385.1	ENSG00000298385
ENST00000755249.1	ENSG00000298385.1	ENSG00000298385
ENST00000755251.1	ENSG00000298385.1	ENSG00000298385
ENST00000755252.1	ENSG00000298385.1	ENSG00000298385
ENST00000755253.1	ENSG00000298385.1	ENSG00000298385
ENST00000755259.1	ENSG00000298385.1	ENSG00000298385
ENST00000755260.1	ENSG00000298385.1	ENSG00000298385
ENST00000755261.1	ENSG00000298385.1	ENSG00000298385
ENST00000755262.1	ENSG00000298385.1	ENSG00000298385
ENST00000755263.1	ENSG00000298385.1	ENSG00000298385
ENST00000755264.1	ENSG00000298385.1	ENSG00000298385
ENST00000755265.1	ENSG00000298385.1	ENSG00000298385
ENST00000755268.1	ENSG00000298386.1	ENSG00000298386
ENST00000755301.1	ENSG00000298397.1	ENSG00000298397
ENST00000755302.1	ENSG00000298397.1	ENSG00000298397
ENST00000755315.1	ENSG00000298401.1	ENSG00000298401
ENST00000755316.1	ENSG00000298401.1	ENSG00000298401
ENST00000755400.1	ENSG00000298415.1	ENSG00000298415
ENST00000755498.1	ENSG00000298433.1	ENSG00000298433
ENST00000755607.1	ENSG00000298458.1	ENSG00000298458
ENST00000755617.1	ENSG00000298459.1	ENSG00000298459
ENST00000755618.1	ENSG00000298459.1	ENSG00000298459
ENST00000755715.1	ENSG00000298469.1	ENSG00000298469
ENST00000755716.1	ENSG00000298469.1	ENSG00000298469
ENST00000755717.1	ENSG00000298469.1	ENSG00000298469
ENST00000755718.1	ENSG00000298469.1	ENSG00000298469
ENST00000755719.1	ENSG00000298469.1	ENSG00000298469
ENST00000755720.1	ENSG00000298469.1	ENSG00000298469
ENST00000755721.1	ENSG00000298469.1	ENSG00000298469
ENST00000755730.1	ENSG00000298473.1	ENSG00000298473
ENST00000755735.1	ENSG00000298477.1	ENSG00000298477
ENST00000755956.1	ENSG00000298492.1	ENSG00000298492
ENST00000755957.1	ENSG00000298492.1	ENSG00000298492
ENST00000755958.1	ENSG00000298492.1	ENSG00000298492
ENST00000755959.1	ENSG00000298492.1	ENSG00000298492
ENST00000755960.1	ENSG00000298492.1	ENSG00000298492
ENST00000755961.1	ENSG00000298492.1	ENSG00000298492
ENST00000755962.1	ENSG00000298492.1	ENSG00000298492
ENST00000755963.1	ENSG00000298492.1	ENSG00000298492
ENST00000755964.1	ENSG00000298492.1	ENSG00000298492
ENST00000755965.1	ENSG00000298492.1	ENSG00000298492
ENST00000755966.1	ENSG00000298492.1	ENSG00000298492
ENST00000755967.1	ENSG00000298492.1	ENSG00000298492
ENST00000756009.1	ENSG00000298500.1	ENSG00000298500
ENST00000756153.1	ENSG00000298520.1	ENSG00000298520
ENST00000756154.1	ENSG00000298520.1	ENSG00000298520
ENST00000756155.1	ENSG00000298520.1	ENSG00000298520
ENST00000756156.1	ENSG00000298520.1	ENSG00000298520
ENST00000756157.1	ENSG00000298520.1	ENSG00000298520
ENST00000756322.1	ENSG00000298542.1	ENSG00000298542
ENST00000756325.1	ENSG00000298543.1	ENSG00000298543
ENST00000756331.1	ENSG00000298543.1	ENSG00000298543
ENST00000756332.1	ENSG00000298543.1	ENSG00000298543
ENST00000756333.1	ENSG00000298543.1	ENSG00000298543
ENST00000756334.1	ENSG00000298543.1	ENSG00000298543
ENST00000756366.1	ENSG00000298550.1	ENSG00000298550
ENST00000756648.1	ENSG00000298579.1	ENSG00000298579
ENST00000756649.1	ENSG00000298580.1	ENSG00000298580
ENST00000756740.1	ENSG00000298600.1	ENSG00000298600
ENST00000756741.1	ENSG00000298600.1	ENSG00000298600
ENST00000756742.1	ENSG00000298600.1	ENSG00000298600
ENST00000756743.1	ENSG00000298600.1	ENSG00000298600
ENST00000756744.1	ENSG00000298600.1	ENSG00000298600
ENST00000756745.1	ENSG00000298600.1	ENSG00000298600
ENST00000756746.1	ENSG00000298600.1	ENSG00000298600
ENST00000756747.1	ENSG00000298600.1	ENSG00000298600
ENST00000756748.1	ENSG00000298600.1	ENSG00000298600
ENST00000756749.1	ENSG00000298600.1	ENSG00000298600
ENST00000756750.1	ENSG00000298600.1	ENSG00000298600
ENST00000756751.1	ENSG00000298600.1	ENSG00000298600
ENST00000756752.1	ENSG00000298600.1	ENSG00000298600
ENST00000756753.1	ENSG00000298600.1	ENSG00000298600
ENST00000756754.1	ENSG00000298600.1	ENSG00000298600
ENST00000756755.1	ENSG00000298600.1	ENSG00000298600
ENST00000756756.1	ENSG00000298600.1	ENSG00000298600
ENST00000756842.1	ENSG00000298604.1	ENSG00000298604
ENST00000756910.1	ENSG00000298610.1	ENSG00000298610
ENST00000756976.1	ENSG00000298621.1	ENSG00000298621
ENST00000757012.1	ENSG00000298630.1	ENSG00000298630
ENST00000757037.1	ENSG00000298638.1	ENSG00000298638
ENST00000757038.1	ENSG00000298638.1	ENSG00000298638
ENST00000757039.1	ENSG00000298638.1	ENSG00000298638
ENST00000757089.1	ENSG00000298643.1	ENSG00000298643
ENST00000757090.1	ENSG00000298643.1	ENSG00000298643
ENST00000757104.1	ENSG00000298648.1	ENSG00000298648
ENST00000757137.1	ENSG00000298657.1	ENSG00000298657
ENST00000757228.1	ENSG00000298676.1	ENSG00000298676
ENST00000757286.1	ENSG00000298685.1	ENSG00000298685
ENST00000757318.1	ENSG00000298690.1	ENSG00000298690
ENST00000757319.1	ENSG00000298690.1	ENSG00000298690
ENST00000757451.1	ENSG00000298698.1	ENSG00000298698
ENST00000757452.1	ENSG00000298698.1	ENSG00000298698
ENST00000757519.1	ENSG00000298707.1	ENSG00000298707
ENST00000757520.1	ENSG00000298707.1	ENSG00000298707
ENST00000757521.1	ENSG00000298707.1	ENSG00000298707
ENST00000757532.1	ENSG00000298712.1	ENSG00000298712
ENST00000757550.1	ENSG00000298717.1	ENSG00000298717
ENST00000757551.1	ENSG00000298717.1	ENSG00000298717
ENST00000757552.1	ENSG00000298717.1	ENSG00000298717
ENST00000757555.1	ENSG00000298719.1	ENSG00000298719
ENST00000757556.1	ENSG00000298719.1	ENSG00000298719
ENST00000757557.1	ENSG00000298719.1	ENSG00000298719
ENST00000757558.1	ENSG00000298719.1	ENSG00000298719
ENST00000757559.1	ENSG00000298719.1	ENSG00000298719
ENST00000757581.1	ENSG00000298720.1	ENSG00000298720
ENST00000757665.1	ENSG00000298736.1	ENSG00000298736
ENST00000757668.1	ENSG00000298736.1	ENSG00000298736
ENST00000757947.1	ENSG00000298776.1	ENSG00000298776
ENST00000758027.1	ENSG00000298796.1	ENSG00000298796
ENST00000758081.1	ENSG00000298812.1	ENSG00000298812
ENST00000758188.1	ENSG00000298828.1	ENSG00000298828
ENST00000758260.1	ENSG00000298834.1	ENSG00000298834
ENST00000758261.1	ENSG00000298835.1	ENSG00000298835
ENST00000758262.1	ENSG00000298835.1	ENSG00000298835
ENST00000758263.1	ENSG00000298835.1	ENSG00000298835
ENST00000758268.1	ENSG00000298838.1	ENSG00000298838
ENST00000758269.1	ENSG00000298838.1	ENSG00000298838
ENST00000758377.1	ENSG00000298844.1	ENSG00000298844
ENST00000758405.1	ENSG00000298849.1	ENSG00000298849
ENST00000758406.1	ENSG00000298849.1	ENSG00000298849
ENST00000758407.1	ENSG00000298849.1	ENSG00000298849
ENST00000758408.1	ENSG00000298849.1	ENSG00000298849
ENST00000758409.1	ENSG00000298849.1	ENSG00000298849
ENST00000758410.1	ENSG00000298849.1	ENSG00000298849
ENST00000758411.1	ENSG00000298849.1	ENSG00000298849
ENST00000758412.1	ENSG00000298849.1	ENSG00000298849
ENST00000758413.1	ENSG00000298849.1	ENSG00000298849
ENST00000758414.1	ENSG00000298850.1	ENSG00000298850
ENST00000758416.1	ENSG00000298850.1	ENSG00000298850
ENST00000758417.1	ENSG00000298850.1	ENSG00000298850
ENST00000758514.1	ENSG00000298862.1	ENSG00000298862
ENST00000758568.1	ENSG00000298871.1	ENSG00000298871
ENST00000758569.1	ENSG00000298871.1	ENSG00000298871
ENST00000758570.1	ENSG00000298871.1	ENSG00000298871
ENST00000758571.1	ENSG00000298871.1	ENSG00000298871
ENST00000758572.1	ENSG00000298871.1	ENSG00000298871
ENST00000758574.1	ENSG00000298873.1	ENSG00000298873
ENST00000758578.1	ENSG00000298875.1	ENSG00000298875
ENST00000758579.1	ENSG00000298876.1	ENSG00000298876
ENST00000758588.1	ENSG00000298880.1	ENSG00000298880
ENST00000758597.1	ENSG00000298886.1	ENSG00000298886
ENST00000758598.1	ENSG00000298886.1	ENSG00000298886
ENST00000758599.1	ENSG00000298886.1	ENSG00000298886
ENST00000758600.1	ENSG00000298886.1	ENSG00000298886
ENST00000758601.1	ENSG00000298887.1	ENSG00000298887
ENST00000758621.1	ENSG00000298890.1	ENSG00000298890
ENST00000758807.1	ENSG00000298901.1	ENSG00000298901
ENST00000758808.1	ENSG00000298901.1	ENSG00000298901
ENST00000758823.1	ENSG00000298903.1	ENSG00000298903
ENST00000758824.1	ENSG00000298903.1	ENSG00000298903
ENST00000758825.1	ENSG00000298903.1	ENSG00000298903
ENST00000758826.1	ENSG00000298903.1	ENSG00000298903
ENST00000758827.1	ENSG00000298903.1	ENSG00000298903
ENST00000758828.1	ENSG00000298903.1	ENSG00000298903
ENST00000758910.1	ENSG00000298907.1	ENSG00000298907
ENST00000759058.1	ENSG00000298925.1	ENSG00000298925
ENST00000759059.1	ENSG00000298926.1	ENSG00000298926
ENST00000759167.1	ENSG00000298936.1	ENSG00000298936
ENST00000759186.1	ENSG00000298940.1	ENSG00000298940
ENST00000759259.1	ENSG00000298950.1	ENSG00000298950
ENST00000759323.1	ENSG00000298956.1	ENSG00000298956
ENST00000759360.1	ENSG00000298961.1	ENSG00000298961
ENST00000759809.1	ENSG00000299011.1	ENSG00000299011
ENST00000759811.1	ENSG00000299013.1	ENSG00000299013
ENST00000760072.1	ENSG00000299041.1	ENSG00000299041
ENST00000760073.1	ENSG00000299041.1	ENSG00000299041
ENST00000760074.1	ENSG00000299041.1	ENSG00000299041
ENST00000760075.1	ENSG00000299041.1	ENSG00000299041
ENST00000760078.1	ENSG00000299041.1	ENSG00000299041
ENST00000760081.1	ENSG00000299041.1	ENSG00000299041
ENST00000760083.1	ENSG00000299041.1	ENSG00000299041
ENST00000760084.1	ENSG00000299041.1	ENSG00000299041
ENST00000760090.1	ENSG00000299045.1	ENSG00000299045
ENST00000760094.1	ENSG00000299046.1	ENSG00000299046
ENST00000760095.1	ENSG00000299046.1	ENSG00000299046
ENST00000760096.1	ENSG00000299046.1	ENSG00000299046
ENST00000760118.1	ENSG00000299055.1	ENSG00000299055
ENST00000760188.1	ENSG00000299060.1	ENSG00000299060
ENST00000760338.1	ENSG00000299078.1	ENSG00000299078
ENST00000760373.1	ENSG00000299083.1	ENSG00000299083
ENST00000760374.1	ENSG00000299083.1	ENSG00000299083
ENST00000760375.1	ENSG00000299083.1	ENSG00000299083
ENST00000760376.1	ENSG00000299083.1	ENSG00000299083
ENST00000760377.1	ENSG00000299083.1	ENSG00000299083
ENST00000760378.1	ENSG00000299083.1	ENSG00000299083
ENST00000760379.1	ENSG00000299083.1	ENSG00000299083
ENST00000760380.1	ENSG00000299083.1	ENSG00000299083
ENST00000760381.1	ENSG00000299083.1	ENSG00000299083
ENST00000760382.1	ENSG00000299083.1	ENSG00000299083
ENST00000760400.1	ENSG00000299088.1	ENSG00000299088
ENST00000760414.1	ENSG00000299090.1	ENSG00000299090
ENST00000760536.1	ENSG00000299114.1	ENSG00000299114
ENST00000760703.1	ENSG00000299135.1	ENSG00000299135
ENST00000761151.1	ENSG00000299149.1	ENSG00000299149
ENST00000761152.1	ENSG00000299149.1	ENSG00000299149
ENST00000761384.1	ENSG00000299166.1	ENSG00000299166
ENST00000761386.1	ENSG00000299166.1	ENSG00000299166
ENST00000761387.1	ENSG00000299166.1	ENSG00000299166
ENST00000761388.1	ENSG00000299166.1	ENSG00000299166
ENST00000761389.1	ENSG00000299166.1	ENSG00000299166
ENST00000761390.1	ENSG00000299166.1	ENSG00000299166
ENST00000761391.1	ENSG00000299166.1	ENSG00000299166
ENST00000761392.1	ENSG00000299166.1	ENSG00000299166
ENST00000761394.1	ENSG00000299166.1	ENSG00000299166
ENST00000761395.1	ENSG00000299166.1	ENSG00000299166
ENST00000761396.1	ENSG00000299166.1	ENSG00000299166
ENST00000761415.1	ENSG00000299175.1	ENSG00000299175
ENST00000761417.1	ENSG00000299177.1	ENSG00000299177
ENST00000761478.1	ENSG00000299190.1	ENSG00000299190
ENST00000761511.1	ENSG00000299196.1	ENSG00000299196
ENST00000761512.1	ENSG00000299196.1	ENSG00000299196
ENST00000761513.1	ENSG00000299196.1	ENSG00000299196
ENST00000761596.1	ENSG00000299205.1	ENSG00000299205
ENST00000761597.1	ENSG00000299205.1	ENSG00000299205
ENST00000761598.1	ENSG00000299205.1	ENSG00000299205
ENST00000761599.1	ENSG00000299205.1	ENSG00000299205
ENST00000761624.1	ENSG00000299211.1	ENSG00000299211
ENST00000761625.1	ENSG00000299211.1	ENSG00000299211
ENST00000761626.1	ENSG00000299211.1	ENSG00000299211
ENST00000761644.1	ENSG00000299219.1	ENSG00000299219
ENST00000761647.1	ENSG00000299222.1	ENSG00000299222
ENST00000761774.1	ENSG00000299237.1	ENSG00000299237
ENST00000761962.1	ENSG00000299253.1	ENSG00000299253
ENST00000761999.1	ENSG00000299261.1	ENSG00000299261
ENST00000762000.1	ENSG00000299261.1	ENSG00000299261
ENST00000762001.1	ENSG00000299261.1	ENSG00000299261
ENST00000762008.1	ENSG00000299263.1	ENSG00000299263
ENST00000762105.1	ENSG00000299271.1	ENSG00000299271
ENST00000762209.1	ENSG00000299282.1	ENSG00000299282
ENST00000762210.1	ENSG00000299282.1	ENSG00000299282
ENST00000762211.1	ENSG00000299282.1	ENSG00000299282
ENST00000762212.1	ENSG00000299282.1	ENSG00000299282
ENST00000762375.1	ENSG00000299292.1	ENSG00000299292
ENST00000762406.1	ENSG00000299294.1	ENSG00000299294
ENST00000762407.1	ENSG00000299294.1	ENSG00000299294
ENST00000762408.1	ENSG00000299294.1	ENSG00000299294
ENST00000762409.1	ENSG00000299294.1	ENSG00000299294
ENST00000762410.1	ENSG00000299294.1	ENSG00000299294
ENST00000762412.1	ENSG00000299295.1	ENSG00000299295
ENST00000762414.1	ENSG00000299295.1	ENSG00000299295
ENST00000762437.1	ENSG00000299302.1	ENSG00000299302
ENST00000762438.1	ENSG00000299302.1	ENSG00000299302
ENST00000762439.1	ENSG00000299302.1	ENSG00000299302
ENST00000762606.1	ENSG00000299324.1	ENSG00000299324
ENST00000762607.1	ENSG00000299324.1	ENSG00000299324
ENST00000762608.1	ENSG00000299324.1	ENSG00000299324
ENST00000762609.1	ENSG00000299324.1	ENSG00000299324
ENST00000762610.1	ENSG00000299324.1	ENSG00000299324
ENST00000762611.1	ENSG00000299324.1	ENSG00000299324
ENST00000762627.1	ENSG00000299329.1	ENSG00000299329
ENST00000762630.1	ENSG00000299329.1	ENSG00000299329
ENST00000762631.1	ENSG00000299329.1	ENSG00000299329
ENST00000762633.1	ENSG00000299329.1	ENSG00000299329
ENST00000762636.1	ENSG00000299329.1	ENSG00000299329
ENST00000762703.1	ENSG00000299336.1	ENSG00000299336
ENST00000762792.1	ENSG00000299349.1	ENSG00000299349
ENST00000762799.1	ENSG00000299351.1	ENSG00000299351
ENST00000762835.1	ENSG00000299361.1	ENSG00000299361
ENST00000762846.1	ENSG00000299364.1	ENSG00000299364
ENST00000762919.1	ENSG00000299373.1	ENSG00000299373
ENST00000763021.1	ENSG00000299378.1	ENSG00000299378
ENST00000763023.1	ENSG00000299378.1	ENSG00000299378
ENST00000763024.1	ENSG00000299378.1	ENSG00000299378
ENST00000763025.1	ENSG00000299378.1	ENSG00000299378
ENST00000763026.1	ENSG00000299378.1	ENSG00000299378
ENST00000763027.1	ENSG00000299378.1	ENSG00000299378
ENST00000763063.1	ENSG00000299382.1	ENSG00000299382
ENST00000763076.1	ENSG00000299384.1	ENSG00000299384
ENST00000763125.1	ENSG00000299390.1	ENSG00000299390
ENST00000763126.1	ENSG00000299390.1	ENSG00000299390
ENST00000763127.1	ENSG00000299390.1	ENSG00000299390
ENST00000763128.1	ENSG00000299390.1	ENSG00000299390
ENST00000763129.1	ENSG00000299390.1	ENSG00000299390
ENST00000763130.1	ENSG00000299390.1	ENSG00000299390
ENST00000763131.1	ENSG00000299390.1	ENSG00000299390
ENST00000763132.1	ENSG00000299390.1	ENSG00000299390
ENST00000763177.1	ENSG00000299398.1	ENSG00000299398
ENST00000763178.1	ENSG00000299398.1	ENSG00000299398
ENST00000763248.1	ENSG00000299409.1	ENSG00000299409
ENST00000763250.1	ENSG00000299409.1	ENSG00000299409
ENST00000763257.1	ENSG00000299413.1	ENSG00000299413
ENST00000763313.1	ENSG00000299417.1	ENSG00000299417
ENST00000763314.1	ENSG00000299417.1	ENSG00000299417
ENST00000763315.1	ENSG00000299417.1	ENSG00000299417
ENST00000763316.1	ENSG00000299417.1	ENSG00000299417
ENST00000763317.1	ENSG00000299417.1	ENSG00000299417
ENST00000763322.1	ENSG00000299420.1	ENSG00000299420
ENST00000763324.1	ENSG00000299420.1	ENSG00000299420
ENST00000763577.1	ENSG00000299442.1	ENSG00000299442
ENST00000763578.1	ENSG00000299442.1	ENSG00000299442
ENST00000763606.1	ENSG00000299448.1	ENSG00000299448
ENST00000763608.1	ENSG00000299448.1	ENSG00000299448
ENST00000763610.1	ENSG00000299450.1	ENSG00000299450
ENST00000763667.1	ENSG00000299456.1	ENSG00000299456
ENST00000763668.1	ENSG00000299456.1	ENSG00000299456
ENST00000763669.1	ENSG00000299456.1	ENSG00000299456
ENST00000763693.1	ENSG00000299457.1	ENSG00000299457
ENST00000763695.1	ENSG00000299459.1	ENSG00000299459
ENST00000763747.1	ENSG00000299470.1	ENSG00000299470
ENST00000763756.1	ENSG00000299472.1	ENSG00000299472
ENST00000763761.1	ENSG00000299474.1	ENSG00000299474
ENST00000763765.1	ENSG00000299476.1	ENSG00000299476
ENST00000764064.1	ENSG00000299494.1	ENSG00000299494
ENST00000764065.1	ENSG00000299495.1	ENSG00000299495
ENST00000764215.1	ENSG00000299519.1	ENSG00000299519
ENST00000764354.1	ENSG00000299532.1	ENSG00000299532
ENST00000764458.1	ENSG00000299536.1	ENSG00000299536
ENST00000764459.1	ENSG00000299536.1	ENSG00000299536
ENST00000764466.1	ENSG00000299539.1	ENSG00000299539
ENST00000764488.1	ENSG00000299546.1	ENSG00000299546
ENST00000764678.1	ENSG00000299569.1	ENSG00000299569
ENST00000764679.1	ENSG00000299569.1	ENSG00000299569
ENST00000764711.1	ENSG00000299573.1	ENSG00000299573
ENST00000764723.1	ENSG00000299577.1	ENSG00000299577
ENST00000764831.1	ENSG00000299582.1	ENSG00000299582
ENST00000764832.1	ENSG00000299582.1	ENSG00000299582
ENST00000764833.1	ENSG00000299582.1	ENSG00000299582
ENST00000764834.1	ENSG00000299582.1	ENSG00000299582
ENST00000764835.1	ENSG00000299582.1	ENSG00000299582
ENST00000764836.1	ENSG00000299582.1	ENSG00000299582
ENST00000764837.1	ENSG00000299582.1	ENSG00000299582
ENST00000764838.1	ENSG00000299582.1	ENSG00000299582
ENST00000764839.1	ENSG00000299582.1	ENSG00000299582
ENST00000764840.1	ENSG00000299582.1	ENSG00000299582
ENST00000764841.1	ENSG00000299582.1	ENSG00000299582
ENST00000764843.1	ENSG00000299582.1	ENSG00000299582
ENST00000764844.1	ENSG00000299582.1	ENSG00000299582
ENST00000764845.1	ENSG00000299582.1	ENSG00000299582
ENST00000764846.1	ENSG00000299582.1	ENSG00000299582
ENST00000764847.1	ENSG00000299582.1	ENSG00000299582
ENST00000764848.1	ENSG00000299583.1	ENSG00000299583
ENST00000764849.1	ENSG00000299583.1	ENSG00000299583
ENST00000764863.1	ENSG00000299586.1	ENSG00000299586
ENST00000764878.1	ENSG00000299589.1	ENSG00000299589
ENST00000764879.1	ENSG00000299589.1	ENSG00000299589
ENST00000764880.1	ENSG00000299589.1	ENSG00000299589
ENST00000764881.1	ENSG00000299589.1	ENSG00000299589
ENST00000764882.1	ENSG00000299589.1	ENSG00000299589
ENST00000764883.1	ENSG00000299589.1	ENSG00000299589
ENST00000764884.1	ENSG00000299589.1	ENSG00000299589
ENST00000764885.1	ENSG00000299589.1	ENSG00000299589
ENST00000764886.1	ENSG00000299589.1	ENSG00000299589
ENST00000764887.1	ENSG00000299589.1	ENSG00000299589
ENST00000764888.1	ENSG00000299589.1	ENSG00000299589
ENST00000764890.1	ENSG00000299589.1	ENSG00000299589
ENST00000764893.1	ENSG00000299590.1	ENSG00000299590
ENST00000764894.1	ENSG00000299590.1	ENSG00000299590
ENST00000764895.1	ENSG00000299590.1	ENSG00000299590
ENST00000764897.1	ENSG00000299590.1	ENSG00000299590
ENST00000764977.1	ENSG00000299598.1	ENSG00000299598
ENST00000765080.1	ENSG00000299607.1	ENSG00000299607
ENST00000765088.1	ENSG00000299611.1	ENSG00000299611
ENST00000765231.1	ENSG00000299628.1	ENSG00000299628
ENST00000765323.1	ENSG00000299643.1	ENSG00000299643
ENST00000765334.1	ENSG00000299645.1	ENSG00000299645
ENST00000765335.1	ENSG00000299645.1	ENSG00000299645
ENST00000765337.1	ENSG00000299645.1	ENSG00000299645
ENST00000765338.1	ENSG00000299645.1	ENSG00000299645
ENST00000765341.1	ENSG00000299645.1	ENSG00000299645
ENST00000765342.1	ENSG00000299645.1	ENSG00000299645
ENST00000765346.1	ENSG00000299645.1	ENSG00000299645
ENST00000765347.1	ENSG00000299645.1	ENSG00000299645
ENST00000765349.1	ENSG00000299645.1	ENSG00000299645
ENST00000765360.1	ENSG00000299647.1	ENSG00000299647
ENST00000765515.1	ENSG00000299665.1	ENSG00000299665
ENST00000765516.1	ENSG00000299665.1	ENSG00000299665
ENST00000765517.1	ENSG00000299665.1	ENSG00000299665
ENST00000765518.1	ENSG00000299665.1	ENSG00000299665
ENST00000765521.1	ENSG00000299668.1	ENSG00000299668
ENST00000765541.1	ENSG00000299670.1	ENSG00000299670
ENST00000765556.1	ENSG00000299677.1	ENSG00000299677
ENST00000765557.1	ENSG00000299677.1	ENSG00000299677
ENST00000765559.1	ENSG00000299677.1	ENSG00000299677
ENST00000765560.1	ENSG00000299677.1	ENSG00000299677
ENST00000765561.1	ENSG00000299677.1	ENSG00000299677
ENST00000765562.1	ENSG00000299677.1	ENSG00000299677
ENST00000765563.1	ENSG00000299677.1	ENSG00000299677
ENST00000765564.1	ENSG00000299677.1	ENSG00000299677
ENST00000765565.1	ENSG00000299677.1	ENSG00000299677
ENST00000765566.1	ENSG00000299677.1	ENSG00000299677
ENST00000765570.1	ENSG00000299679.1	ENSG00000299679
ENST00000765571.1	ENSG00000299679.1	ENSG00000299679
ENST00000765572.1	ENSG00000299680.1	ENSG00000299680
ENST00000765586.1	ENSG00000299683.1	ENSG00000299683
ENST00000765706.1	ENSG00000299700.1	ENSG00000299700
ENST00000765839.1	ENSG00000299722.1	ENSG00000299722
ENST00000765840.1	ENSG00000299722.1	ENSG00000299722
ENST00000765841.1	ENSG00000299722.1	ENSG00000299722
ENST00000765842.1	ENSG00000299722.1	ENSG00000299722
ENST00000765843.1	ENSG00000299722.1	ENSG00000299722
ENST00000765844.1	ENSG00000299722.1	ENSG00000299722
ENST00000765845.1	ENSG00000299722.1	ENSG00000299722
ENST00000765846.1	ENSG00000299722.1	ENSG00000299722
ENST00000765847.1	ENSG00000299722.1	ENSG00000299722
ENST00000765848.1	ENSG00000299722.1	ENSG00000299722
ENST00000765849.1	ENSG00000299722.1	ENSG00000299722
ENST00000765850.1	ENSG00000299722.1	ENSG00000299722
ENST00000765851.1	ENSG00000299722.1	ENSG00000299722
ENST00000765852.1	ENSG00000299722.1	ENSG00000299722
ENST00000765853.1	ENSG00000299722.1	ENSG00000299722
ENST00000765854.1	ENSG00000299722.1	ENSG00000299722
ENST00000765870.1	ENSG00000299725.1	ENSG00000299725
ENST00000765871.1	ENSG00000299725.1	ENSG00000299725
ENST00000766362.1	ENSG00000299782.1	ENSG00000299782
ENST00000766642.1	ENSG00000299813.1	ENSG00000299813
ENST00000766678.1	ENSG00000299825.1	ENSG00000299825
ENST00000766679.1	ENSG00000299825.1	ENSG00000299825
ENST00000766689.1	ENSG00000299831.1	ENSG00000299831
ENST00000766691.1	ENSG00000299831.1	ENSG00000299831
ENST00000766692.1	ENSG00000299831.1	ENSG00000299831
ENST00000766956.1	ENSG00000299856.1	ENSG00000299856
ENST00000766957.1	ENSG00000299857.1	ENSG00000299857
ENST00000767019.1	ENSG00000299873.1	ENSG00000299873
ENST00000767020.1	ENSG00000299873.1	ENSG00000299873
ENST00000767026.1	ENSG00000299874.1	ENSG00000299874
ENST00000767028.1	ENSG00000299876.1	ENSG00000299876
ENST00000767029.1	ENSG00000299876.1	ENSG00000299876
ENST00000767032.1	ENSG00000299878.1	ENSG00000299878
ENST00000767034.1	ENSG00000299880.1	ENSG00000299880
ENST00000767215.1	ENSG00000299887.1	ENSG00000299887
ENST00000767324.1	ENSG00000299905.1	ENSG00000299905
ENST00000767348.1	ENSG00000299907.1	ENSG00000299907
ENST00000767349.1	ENSG00000299907.1	ENSG00000299907
ENST00000767352.1	ENSG00000299909.1	ENSG00000299909
ENST00000767538.1	ENSG00000299926.1	ENSG00000299926
ENST00000767544.1	ENSG00000299929.1	ENSG00000299929
ENST00000767548.1	ENSG00000299931.1	ENSG00000299931
ENST00000767549.1	ENSG00000299931.1	ENSG00000299931
ENST00000767550.1	ENSG00000299931.1	ENSG00000299931
ENST00000767568.1	ENSG00000299934.1	ENSG00000299934
ENST00000767612.1	ENSG00000299943.1	ENSG00000299943
ENST00000767619.1	ENSG00000299946.1	ENSG00000299946
ENST00000767620.1	ENSG00000299946.1	ENSG00000299946
ENST00000767621.1	ENSG00000299946.1	ENSG00000299946
ENST00000767637.1	ENSG00000299950.1	ENSG00000299950
ENST00000767652.1	ENSG00000299953.1	ENSG00000299953
ENST00000767653.1	ENSG00000299953.1	ENSG00000299953
ENST00000767654.1	ENSG00000299953.1	ENSG00000299953
ENST00000767655.1	ENSG00000299953.1	ENSG00000299953
ENST00000767656.1	ENSG00000299953.1	ENSG00000299953
ENST00000767657.1	ENSG00000299953.1	ENSG00000299953
ENST00000767658.1	ENSG00000299953.1	ENSG00000299953
ENST00000767667.1	ENSG00000299956.1	ENSG00000299956
ENST00000767668.1	ENSG00000299956.1	ENSG00000299956
ENST00000767669.1	ENSG00000299956.1	ENSG00000299956
ENST00000767670.1	ENSG00000299956.1	ENSG00000299956
ENST00000767715.1	ENSG00000299961.1	ENSG00000299961
ENST00000767719.1	ENSG00000299964.1	ENSG00000299964
ENST00000767728.1	ENSG00000299970.1	ENSG00000299970
ENST00000767729.1	ENSG00000299970.1	ENSG00000299970
ENST00000767730.1	ENSG00000299970.1	ENSG00000299970
ENST00000767731.1	ENSG00000299970.1	ENSG00000299970
ENST00000767732.1	ENSG00000299970.1	ENSG00000299970
ENST00000767733.1	ENSG00000299970.1	ENSG00000299970
ENST00000767734.1	ENSG00000299970.1	ENSG00000299970
ENST00000767736.1	ENSG00000299972.1	ENSG00000299972
ENST00000767737.1	ENSG00000299972.1	ENSG00000299972
ENST00000767738.1	ENSG00000299972.1	ENSG00000299972
ENST00000767752.1	ENSG00000299974.1	ENSG00000299974
ENST00000767753.1	ENSG00000299974.1	ENSG00000299974
ENST00000767797.1	ENSG00000299986.1	ENSG00000299986
ENST00000767837.1	ENSG00000299990.1	ENSG00000299990
ENST00000767839.1	ENSG00000299990.1	ENSG00000299990
ENST00000767840.1	ENSG00000299990.1	ENSG00000299990
ENST00000767841.1	ENSG00000299990.1	ENSG00000299990
ENST00000767842.1	ENSG00000299990.1	ENSG00000299990
ENST00000767843.1	ENSG00000299990.1	ENSG00000299990
ENST00000767844.1	ENSG00000299990.1	ENSG00000299990
ENST00000767845.1	ENSG00000299990.1	ENSG00000299990
ENST00000767846.1	ENSG00000299990.1	ENSG00000299990
ENST00000767847.1	ENSG00000299990.1	ENSG00000299990
ENST00000767848.1	ENSG00000299990.1	ENSG00000299990
ENST00000767849.1	ENSG00000299990.1	ENSG00000299990
ENST00000767850.1	ENSG00000299990.1	ENSG00000299990
ENST00000767851.1	ENSG00000299990.1	ENSG00000299990
ENST00000767852.1	ENSG00000299990.1	ENSG00000299990
ENST00000767893.1	ENSG00000300001.1	ENSG00000300001
ENST00000767894.1	ENSG00000300001.1	ENSG00000300001
ENST00000767982.1	ENSG00000300018.1	ENSG00000300018
ENST00000768227.1	ENSG00000300024.1	ENSG00000300024
ENST00000768229.1	ENSG00000300024.1	ENSG00000300024
ENST00000768286.1	ENSG00000300035.1	ENSG00000300035
ENST00000768287.1	ENSG00000300035.1	ENSG00000300035
ENST00000768288.1	ENSG00000300035.1	ENSG00000300035
ENST00000768410.1	ENSG00000300042.1	ENSG00000300042
ENST00000768411.1	ENSG00000300042.1	ENSG00000300042
ENST00000768412.1	ENSG00000300042.1	ENSG00000300042
ENST00000768413.1	ENSG00000300042.1	ENSG00000300042
ENST00000768414.1	ENSG00000300042.1	ENSG00000300042
ENST00000768415.1	ENSG00000300042.1	ENSG00000300042
ENST00000768463.1	ENSG00000300054.1	ENSG00000300054
ENST00000768483.1	ENSG00000300062.1	ENSG00000300062
ENST00000768484.1	ENSG00000300062.1	ENSG00000300062
ENST00000768624.1	ENSG00000300072.1	ENSG00000300072
ENST00000768694.1	ENSG00000300078.1	ENSG00000300078
ENST00000768695.1	ENSG00000300078.1	ENSG00000300078
ENST00000768722.1	ENSG00000300088.1	ENSG00000300088
ENST00000768779.1	ENSG00000300099.1	ENSG00000300099
ENST00000768781.1	ENSG00000300099.1	ENSG00000300099
ENST00000768782.1	ENSG00000300099.1	ENSG00000300099
ENST00000768846.1	ENSG00000300106.1	ENSG00000300106
ENST00000768847.1	ENSG00000300106.1	ENSG00000300106
ENST00000768891.1	ENSG00000300109.1	ENSG00000300109
ENST00000768906.1	ENSG00000300109.1	ENSG00000300109
ENST00000768907.1	ENSG00000300109.1	ENSG00000300109
ENST00000768908.1	ENSG00000300109.1	ENSG00000300109
ENST00000768916.1	ENSG00000300109.1	ENSG00000300109
ENST00000768995.1	ENSG00000300111.1	ENSG00000300111
ENST00000768996.1	ENSG00000300111.1	ENSG00000300111
ENST00000769127.1	ENSG00000300117.1	ENSG00000300117
ENST00000769305.1	ENSG00000300122.1	ENSG00000300122
ENST00000769378.1	ENSG00000300131.1	ENSG00000300131
ENST00000769379.1	ENSG00000300131.1	ENSG00000300131
ENST00000769400.1	ENSG00000300134.1	ENSG00000300134
ENST00000769539.1	ENSG00000300155.1	ENSG00000300155
ENST00000769540.1	ENSG00000300155.1	ENSG00000300155
ENST00000769541.1	ENSG00000300155.1	ENSG00000300155
ENST00000769542.1	ENSG00000300155.1	ENSG00000300155
ENST00000769601.1	ENSG00000300156.1	ENSG00000300156
ENST00000769602.1	ENSG00000300156.1	ENSG00000300156
ENST00000769646.1	ENSG00000300162.1	ENSG00000300162
ENST00000769785.1	ENSG00000300179.1	ENSG00000300179
ENST00000769883.1	ENSG00000300190.1	ENSG00000300190
ENST00000769884.1	ENSG00000300190.1	ENSG00000300190
ENST00000769902.1	ENSG00000300191.1	ENSG00000300191
ENST00000769914.1	ENSG00000300193.1	ENSG00000300193
ENST00000769922.1	ENSG00000300196.1	ENSG00000300196
ENST00000770028.1	ENSG00000300205.1	ENSG00000300205
ENST00000770121.1	ENSG00000300214.1	ENSG00000300214
ENST00000770131.1	ENSG00000300218.1	ENSG00000300218
ENST00000770266.1	ENSG00000300233.1	ENSG00000300233
ENST00000770319.1	ENSG00000300240.1	ENSG00000300240
ENST00000770326.1	ENSG00000300242.1	ENSG00000300242
ENST00000770328.1	ENSG00000300242.1	ENSG00000300242
ENST00000770331.1	ENSG00000300242.1	ENSG00000300242
ENST00000770333.1	ENSG00000300242.1	ENSG00000300242
ENST00000770334.1	ENSG00000300242.1	ENSG00000300242
ENST00000770335.1	ENSG00000300242.1	ENSG00000300242
ENST00000770336.1	ENSG00000300242.1	ENSG00000300242
ENST00000770337.1	ENSG00000300242.1	ENSG00000300242
ENST00000770338.1	ENSG00000300242.1	ENSG00000300242
ENST00000770339.1	ENSG00000300242.1	ENSG00000300242
ENST00000770340.1	ENSG00000300242.1	ENSG00000300242
ENST00000770341.1	ENSG00000300242.1	ENSG00000300242
ENST00000770342.1	ENSG00000300242.1	ENSG00000300242
ENST00000770384.1	ENSG00000300252.1	ENSG00000300252
ENST00000770385.1	ENSG00000300252.1	ENSG00000300252
ENST00000770386.1	ENSG00000300252.1	ENSG00000300252
ENST00000770388.1	ENSG00000300252.1	ENSG00000300252
ENST00000770470.1	ENSG00000300262.1	ENSG00000300262
ENST00000770471.1	ENSG00000300262.1	ENSG00000300262
ENST00000770472.1	ENSG00000300262.1	ENSG00000300262
ENST00000770473.1	ENSG00000300262.1	ENSG00000300262
ENST00000770489.1	ENSG00000300265.1	ENSG00000300265
ENST00000770594.1	ENSG00000300286.1	ENSG00000300286
ENST00000770905.1	ENSG00000300319.1	ENSG00000300319
ENST00000770925.1	ENSG00000300322.1	ENSG00000300322
ENST00000770926.1	ENSG00000300322.1	ENSG00000300322
ENST00000770927.1	ENSG00000300322.1	ENSG00000300322
ENST00000770928.1	ENSG00000300322.1	ENSG00000300322
ENST00000770930.1	ENSG00000300324.1	ENSG00000300324
ENST00000771078.1	ENSG00000300336.1	ENSG00000300336
ENST00000771100.1	ENSG00000300344.1	ENSG00000300344
ENST00000771106.1	ENSG00000300348.1	ENSG00000300348
ENST00000771109.1	ENSG00000300351.1	ENSG00000300351
ENST00000771110.1	ENSG00000300352.1	ENSG00000300352
ENST00000771176.1	ENSG00000300362.1	ENSG00000300362
ENST00000771218.1	ENSG00000300369.1	ENSG00000300369
ENST00000771252.1	ENSG00000300381.1	ENSG00000300381
ENST00000771269.1	ENSG00000300388.1	ENSG00000300388
ENST00000771273.1	ENSG00000300391.1	ENSG00000300391
ENST00000771275.1	ENSG00000300391.1	ENSG00000300391
ENST00000771305.1	ENSG00000300395.1	ENSG00000300395
ENST00000771306.1	ENSG00000300395.1	ENSG00000300395
ENST00000771308.1	ENSG00000300395.1	ENSG00000300395
ENST00000771309.1	ENSG00000300395.1	ENSG00000300395
ENST00000771335.1	ENSG00000300396.1	ENSG00000300396
ENST00000771336.1	ENSG00000300396.1	ENSG00000300396
ENST00000771503.1	ENSG00000300414.1	ENSG00000300414
ENST00000771504.1	ENSG00000300415.1	ENSG00000300415
ENST00000771513.1	ENSG00000300419.1	ENSG00000300419
ENST00000771584.1	ENSG00000300423.1	ENSG00000300423
ENST00000771593.1	ENSG00000300426.1	ENSG00000300426
ENST00000771606.1	ENSG00000300430.1	ENSG00000300430
ENST00000771607.1	ENSG00000300430.1	ENSG00000300430
ENST00000771610.1	ENSG00000300430.1	ENSG00000300430
ENST00000771623.1	ENSG00000300430.1	ENSG00000300430
ENST00000771624.1	ENSG00000300430.1	ENSG00000300430
ENST00000771625.1	ENSG00000300430.1	ENSG00000300430
ENST00000771631.1	ENSG00000300430.1	ENSG00000300430
ENST00000771691.1	ENSG00000300444.1	ENSG00000300444
ENST00000771860.1	ENSG00000300452.1	ENSG00000300452
ENST00000771889.1	ENSG00000300456.1	ENSG00000300456
ENST00000771981.1	ENSG00000300460.1	ENSG00000300460
ENST00000772130.1	ENSG00000300472.1	ENSG00000300472
ENST00000772136.1	ENSG00000300473.1	ENSG00000300473
ENST00000772137.1	ENSG00000300473.1	ENSG00000300473
ENST00000772138.1	ENSG00000300474.1	ENSG00000300474
ENST00000772139.1	ENSG00000300474.1	ENSG00000300474
ENST00000772140.1	ENSG00000300474.1	ENSG00000300474
ENST00000772143.1	ENSG00000300474.1	ENSG00000300474
ENST00000772144.1	ENSG00000300475.1	ENSG00000300475
ENST00000772145.1	ENSG00000300475.1	ENSG00000300475
ENST00000772202.1	ENSG00000300478.1	ENSG00000300478
ENST00000772203.1	ENSG00000300479.1	ENSG00000300479
ENST00000772204.1	ENSG00000300479.1	ENSG00000300479
ENST00000772205.1	ENSG00000300479.1	ENSG00000300479
ENST00000772206.1	ENSG00000300479.1	ENSG00000300479
ENST00000772207.1	ENSG00000300479.1	ENSG00000300479
ENST00000772216.1	ENSG00000300481.1	ENSG00000300481
ENST00000772310.1	ENSG00000300489.1	ENSG00000300489
ENST00000772448.1	ENSG00000300507.1	ENSG00000300507
ENST00000772449.1	ENSG00000300507.1	ENSG00000300507
ENST00000772450.1	ENSG00000300507.1	ENSG00000300507
ENST00000772451.1	ENSG00000300507.1	ENSG00000300507
ENST00000772452.1	ENSG00000300507.1	ENSG00000300507
ENST00000772453.1	ENSG00000300507.1	ENSG00000300507
ENST00000772454.1	ENSG00000300507.1	ENSG00000300507
ENST00000772519.1	ENSG00000300514.1	ENSG00000300514
ENST00000772559.1	ENSG00000300520.1	ENSG00000300520
ENST00000772589.1	ENSG00000300530.1	ENSG00000300530
ENST00000772591.1	ENSG00000300530.1	ENSG00000300530
ENST00000772592.1	ENSG00000300530.1	ENSG00000300530
ENST00000772608.1	ENSG00000300536.1	ENSG00000300536
ENST00000772617.1	ENSG00000300542.1	ENSG00000300542
ENST00000772618.1	ENSG00000300542.1	ENSG00000300542
ENST00000772619.1	ENSG00000300542.1	ENSG00000300542
ENST00000772632.1	ENSG00000300545.1	ENSG00000300545
ENST00000772659.1	ENSG00000300547.1	ENSG00000300547
ENST00000772661.1	ENSG00000300547.1	ENSG00000300547
ENST00000772679.1	ENSG00000300555.1	ENSG00000300555
ENST00000772695.1	ENSG00000300556.1	ENSG00000300556
ENST00000772723.1	ENSG00000300560.1	ENSG00000300560
ENST00000772734.1	ENSG00000300562.1	ENSG00000300562
ENST00000772756.1	ENSG00000300566.1	ENSG00000300566
ENST00000772797.1	ENSG00000300578.1	ENSG00000300578
ENST00000772798.1	ENSG00000300578.1	ENSG00000300578
ENST00000772834.1	ENSG00000300592.1	ENSG00000300592
ENST00000772835.1	ENSG00000300592.1	ENSG00000300592
ENST00000772836.1	ENSG00000300592.1	ENSG00000300592
ENST00000772837.1	ENSG00000300592.1	ENSG00000300592
ENST00000772854.1	ENSG00000300596.1	ENSG00000300596
ENST00000772913.1	ENSG00000300604.1	ENSG00000300604
ENST00000773020.1	ENSG00000300627.1	ENSG00000300627
ENST00000773021.1	ENSG00000300627.1	ENSG00000300627
ENST00000773022.1	ENSG00000300627.1	ENSG00000300627
ENST00000773023.1	ENSG00000300627.1	ENSG00000300627
ENST00000773193.1	ENSG00000300654.1	ENSG00000300654
ENST00000773213.1	ENSG00000300661.1	ENSG00000300661
ENST00000773214.1	ENSG00000300661.1	ENSG00000300661
ENST00000773215.1	ENSG00000300661.1	ENSG00000300661
ENST00000773338.1	ENSG00000300672.1	ENSG00000300672
ENST00000773455.1	ENSG00000300693.1	ENSG00000300693
ENST00000773456.1	ENSG00000300693.1	ENSG00000300693
ENST00000773457.1	ENSG00000300693.1	ENSG00000300693
ENST00000773458.1	ENSG00000300693.1	ENSG00000300693
ENST00000773459.1	ENSG00000300693.1	ENSG00000300693
ENST00000773460.1	ENSG00000300693.1	ENSG00000300693
ENST00000773461.1	ENSG00000300693.1	ENSG00000300693
ENST00000773462.1	ENSG00000300693.1	ENSG00000300693
ENST00000773503.1	ENSG00000300694.1	ENSG00000300694
ENST00000773506.1	ENSG00000300694.1	ENSG00000300694
ENST00000773507.1	ENSG00000300694.1	ENSG00000300694
ENST00000773508.1	ENSG00000300694.1	ENSG00000300694
ENST00000773519.1	ENSG00000300702.1	ENSG00000300702
ENST00000773524.1	ENSG00000300705.1	ENSG00000300705
ENST00000773525.1	ENSG00000300706.1	ENSG00000300706
ENST00000773526.1	ENSG00000300706.1	ENSG00000300706
ENST00000773527.1	ENSG00000300706.1	ENSG00000300706
ENST00000773528.1	ENSG00000300706.1	ENSG00000300706
ENST00000773530.1	ENSG00000300706.1	ENSG00000300706
ENST00000773545.1	ENSG00000300711.1	ENSG00000300711
ENST00000773546.1	ENSG00000300711.1	ENSG00000300711
ENST00000773547.1	ENSG00000300711.1	ENSG00000300711
ENST00000773549.1	ENSG00000300713.1	ENSG00000300713
ENST00000773683.1	ENSG00000300727.1	ENSG00000300727
ENST00000773911.1	ENSG00000300766.1	ENSG00000300766
ENST00000773912.1	ENSG00000300766.1	ENSG00000300766
ENST00000773916.1	ENSG00000300770.1	ENSG00000300770
ENST00000773918.1	ENSG00000300772.1	ENSG00000300772
ENST00000773987.1	ENSG00000300779.1	ENSG00000300779
ENST00000774076.1	ENSG00000300790.1	ENSG00000300790
ENST00000774082.1	ENSG00000300794.1	ENSG00000300794
ENST00000774083.1	ENSG00000300794.1	ENSG00000300794
ENST00000774084.1	ENSG00000300794.1	ENSG00000300794
ENST00000774087.1	ENSG00000300797.1	ENSG00000300797
ENST00000774088.1	ENSG00000300797.1	ENSG00000300797
ENST00000774229.1	ENSG00000300815.1	ENSG00000300815
ENST00000774246.1	ENSG00000300820.1	ENSG00000300820
ENST00000774247.1	ENSG00000300820.1	ENSG00000300820
ENST00000774248.1	ENSG00000300820.1	ENSG00000300820
ENST00000774249.1	ENSG00000300820.1	ENSG00000300820
ENST00000774250.1	ENSG00000300820.1	ENSG00000300820
ENST00000774251.1	ENSG00000300820.1	ENSG00000300820
ENST00000774252.1	ENSG00000300820.1	ENSG00000300820
ENST00000774325.1	ENSG00000300835.1	ENSG00000300835
ENST00000774326.1	ENSG00000300835.1	ENSG00000300835
ENST00000774500.1	ENSG00000300846.1	ENSG00000300846
ENST00000774618.1	ENSG00000300859.1	ENSG00000300859
ENST00000774619.1	ENSG00000300859.1	ENSG00000300859
ENST00000774620.1	ENSG00000300859.1	ENSG00000300859
ENST00000774621.1	ENSG00000300859.1	ENSG00000300859
ENST00000774656.1	ENSG00000300866.1	ENSG00000300866
ENST00000774657.1	ENSG00000300866.1	ENSG00000300866
ENST00000774658.1	ENSG00000300866.1	ENSG00000300866
ENST00000774659.1	ENSG00000300866.1	ENSG00000300866
ENST00000774819.1	ENSG00000300883.1	ENSG00000300883
ENST00000774820.1	ENSG00000300884.1	ENSG00000300884
ENST00000774821.1	ENSG00000300884.1	ENSG00000300884
ENST00000774912.1	ENSG00000300898.1	ENSG00000300898
ENST00000774913.1	ENSG00000300898.1	ENSG00000300898
ENST00000774914.1	ENSG00000300898.1	ENSG00000300898
ENST00000774915.1	ENSG00000300898.1	ENSG00000300898
ENST00000774916.1	ENSG00000300898.1	ENSG00000300898
ENST00000774917.1	ENSG00000300898.1	ENSG00000300898
ENST00000774918.1	ENSG00000300898.1	ENSG00000300898
ENST00000774919.1	ENSG00000300898.1	ENSG00000300898
ENST00000774920.1	ENSG00000300898.1	ENSG00000300898
ENST00000774921.1	ENSG00000300898.1	ENSG00000300898
ENST00000774922.1	ENSG00000300898.1	ENSG00000300898
ENST00000774923.1	ENSG00000300898.1	ENSG00000300898
ENST00000774926.1	ENSG00000300900.1	ENSG00000300900
ENST00000774928.1	ENSG00000300901.1	ENSG00000300901
ENST00000774929.1	ENSG00000300901.1	ENSG00000300901
ENST00000774930.1	ENSG00000300901.1	ENSG00000300901
ENST00000774931.1	ENSG00000300901.1	ENSG00000300901
ENST00000774932.1	ENSG00000300901.1	ENSG00000300901
ENST00000774934.1	ENSG00000300901.1	ENSG00000300901
ENST00000774935.1	ENSG00000300901.1	ENSG00000300901
ENST00000775033.1	ENSG00000300907.1	ENSG00000300907
ENST00000775080.1	ENSG00000300922.1	ENSG00000300922
ENST00000775171.1	ENSG00000300940.1	ENSG00000300940
ENST00000775172.1	ENSG00000300940.1	ENSG00000300940
ENST00000775220.1	ENSG00000300950.1	ENSG00000300950
ENST00000775249.1	ENSG00000300958.1	ENSG00000300958
ENST00000775289.1	ENSG00000300973.1	ENSG00000300973
ENST00000775291.1	ENSG00000300973.1	ENSG00000300973
ENST00000775420.1	ENSG00000300993.1	ENSG00000300993
ENST00000775477.1	ENSG00000301006.1	ENSG00000301006
ENST00000775481.1	ENSG00000301006.1	ENSG00000301006
ENST00000775482.1	ENSG00000301006.1	ENSG00000301006
ENST00000775483.1	ENSG00000301006.1	ENSG00000301006
ENST00000775650.1	ENSG00000301023.1	ENSG00000301023
ENST00000775669.1	ENSG00000301030.1	ENSG00000301030
ENST00000775782.1	ENSG00000301049.1	ENSG00000301049
ENST00000775783.1	ENSG00000301049.1	ENSG00000301049
ENST00000775789.1	ENSG00000301052.1	ENSG00000301052
ENST00000776029.1	ENSG00000301080.1	ENSG00000301080
ENST00000776049.1	ENSG00000301085.1	ENSG00000301085
ENST00000776050.1	ENSG00000301085.1	ENSG00000301085
ENST00000776051.1	ENSG00000301085.1	ENSG00000301085
ENST00000776052.1	ENSG00000301085.1	ENSG00000301085
ENST00000776062.1	ENSG00000301090.1	ENSG00000301090
ENST00000776309.1	ENSG00000301112.1	ENSG00000301112
ENST00000776330.1	ENSG00000301117.1	ENSG00000301117
ENST00000776355.1	ENSG00000301120.1	ENSG00000301120
ENST00000776357.1	ENSG00000301121.1	ENSG00000301121
ENST00000776358.1	ENSG00000301121.1	ENSG00000301121
ENST00000776359.1	ENSG00000301121.1	ENSG00000301121
ENST00000776429.1	ENSG00000301125.1	ENSG00000301125
ENST00000776668.1	ENSG00000301155.1	ENSG00000301155
ENST00000776771.1	ENSG00000301166.1	ENSG00000301166
ENST00000776779.1	ENSG00000301171.1	ENSG00000301171
ENST00000776899.1	ENSG00000301190.1	ENSG00000301190
ENST00000777005.1	ENSG00000301207.1	ENSG00000301207
ENST00000777006.1	ENSG00000301207.1	ENSG00000301207
ENST00000777007.1	ENSG00000301207.1	ENSG00000301207
ENST00000777098.1	ENSG00000301222.1	ENSG00000301222
ENST00000777262.1	ENSG00000301238.1	ENSG00000301238
ENST00000777266.1	ENSG00000301240.1	ENSG00000301240
ENST00000777386.1	ENSG00000301253.1	ENSG00000301253
ENST00000777508.1	ENSG00000301269.1	ENSG00000301269
ENST00000777700.1	ENSG00000301287.1	ENSG00000301287
ENST00000777717.1	ENSG00000301292.1	ENSG00000301292
ENST00000777718.1	ENSG00000301292.1	ENSG00000301292
ENST00000777909.1	ENSG00000301313.1	ENSG00000301313
ENST00000778027.1	ENSG00000301329.1	ENSG00000301329
ENST00000778028.1	ENSG00000301329.1	ENSG00000301329
ENST00000778029.1	ENSG00000301329.1	ENSG00000301329
ENST00000778030.1	ENSG00000301329.1	ENSG00000301329
ENST00000778051.1	ENSG00000301335.1	ENSG00000301335
ENST00000778375.1	ENSG00000301350.1	ENSG00000301350
ENST00000778441.1	ENSG00000301351.1	ENSG00000301351
ENST00000778471.1	ENSG00000301356.1	ENSG00000301356
ENST00000778472.1	ENSG00000301356.1	ENSG00000301356
ENST00000778483.1	ENSG00000301359.1	ENSG00000301359
ENST00000778484.1	ENSG00000301360.1	ENSG00000301360
ENST00000778485.1	ENSG00000301360.1	ENSG00000301360
ENST00000778500.1	ENSG00000301365.1	ENSG00000301365
ENST00000778542.1	ENSG00000301375.1	ENSG00000301375
ENST00000778581.1	ENSG00000301383.1	ENSG00000301383
ENST00000778582.1	ENSG00000301383.1	ENSG00000301383
ENST00000778583.1	ENSG00000301383.1	ENSG00000301383
ENST00000778608.1	ENSG00000301389.1	ENSG00000301389
ENST00000778688.1	ENSG00000301400.1	ENSG00000301400
ENST00000778689.1	ENSG00000301400.1	ENSG00000301400
ENST00000778701.1	ENSG00000301404.1	ENSG00000301404
ENST00000778752.1	ENSG00000301412.1	ENSG00000301412
ENST00000778754.1	ENSG00000301412.1	ENSG00000301412
ENST00000778758.1	ENSG00000301415.1	ENSG00000301415
ENST00000778819.1	ENSG00000301424.1	ENSG00000301424
ENST00000778880.1	ENSG00000301437.1	ENSG00000301437
ENST00000778916.1	ENSG00000301449.1	ENSG00000301449
ENST00000778917.1	ENSG00000301449.1	ENSG00000301449
ENST00000778918.1	ENSG00000301449.1	ENSG00000301449
ENST00000778919.1	ENSG00000301449.1	ENSG00000301449
ENST00000778920.1	ENSG00000301449.1	ENSG00000301449
ENST00000778921.1	ENSG00000301449.1	ENSG00000301449
ENST00000778922.1	ENSG00000301449.1	ENSG00000301449
ENST00000778923.1	ENSG00000301450.1	ENSG00000301450
ENST00000778924.1	ENSG00000301450.1	ENSG00000301450
ENST00000778925.1	ENSG00000301450.1	ENSG00000301450
ENST00000778926.1	ENSG00000301450.1	ENSG00000301450
ENST00000778927.1	ENSG00000301450.1	ENSG00000301450
ENST00000778928.1	ENSG00000301450.1	ENSG00000301450
ENST00000778929.1	ENSG00000301450.1	ENSG00000301450
ENST00000778930.1	ENSG00000301450.1	ENSG00000301450
ENST00000778967.1	ENSG00000301459.1	ENSG00000301459
ENST00000778987.1	ENSG00000301462.1	ENSG00000301462
ENST00000779046.1	ENSG00000301471.1	ENSG00000301471
ENST00000779047.1	ENSG00000301471.1	ENSG00000301471
ENST00000779049.1	ENSG00000301471.1	ENSG00000301471
ENST00000779050.1	ENSG00000301471.1	ENSG00000301471
ENST00000779051.1	ENSG00000301471.1	ENSG00000301471
ENST00000779052.1	ENSG00000301471.1	ENSG00000301471
ENST00000779053.1	ENSG00000301471.1	ENSG00000301471
ENST00000779054.1	ENSG00000301471.1	ENSG00000301471
ENST00000779089.1	ENSG00000301474.1	ENSG00000301474
ENST00000779097.1	ENSG00000301477.1	ENSG00000301477
ENST00000779102.1	ENSG00000301477.1	ENSG00000301477
ENST00000779103.1	ENSG00000301477.1	ENSG00000301477
ENST00000779104.1	ENSG00000301477.1	ENSG00000301477
ENST00000779106.1	ENSG00000301477.1	ENSG00000301477
ENST00000779107.1	ENSG00000301477.1	ENSG00000301477
ENST00000779108.1	ENSG00000301478.1	ENSG00000301478
ENST00000779164.1	ENSG00000301481.1	ENSG00000301481
ENST00000779165.1	ENSG00000301481.1	ENSG00000301481
ENST00000779220.1	ENSG00000301486.1	ENSG00000301486
ENST00000779221.1	ENSG00000301486.1	ENSG00000301486
ENST00000779222.1	ENSG00000301486.1	ENSG00000301486
ENST00000779266.1	ENSG00000301488.1	ENSG00000301488
ENST00000779295.1	ENSG00000301497.1	ENSG00000301497
ENST00000779299.1	ENSG00000301498.1	ENSG00000301498
ENST00000779397.1	ENSG00000301504.1	ENSG00000301504
ENST00000779404.1	ENSG00000301508.1	ENSG00000301508
ENST00000779440.1	ENSG00000301513.1	ENSG00000301513
ENST00000779445.1	ENSG00000301516.1	ENSG00000301516
ENST00000779503.1	ENSG00000301529.1	ENSG00000301529
ENST00000779504.1	ENSG00000301529.1	ENSG00000301529
ENST00000779505.1	ENSG00000301529.1	ENSG00000301529
ENST00000779561.1	ENSG00000301534.1	ENSG00000301534
ENST00000779562.1	ENSG00000301534.1	ENSG00000301534
ENST00000779563.1	ENSG00000301534.1	ENSG00000301534
ENST00000779564.1	ENSG00000301535.1	ENSG00000301535
ENST00000779638.1	ENSG00000301548.1	ENSG00000301548
ENST00000779666.1	ENSG00000301551.1	ENSG00000301551
ENST00000779667.1	ENSG00000301551.1	ENSG00000301551
ENST00000779686.1	ENSG00000301556.1	ENSG00000301556
ENST00000779687.1	ENSG00000301557.1	ENSG00000301557
ENST00000779688.1	ENSG00000301557.1	ENSG00000301557
ENST00000779695.1	ENSG00000301559.1	ENSG00000301559
ENST00000779710.1	ENSG00000301560.1	ENSG00000301560
ENST00000779720.1	ENSG00000301563.1	ENSG00000301563
ENST00000779721.1	ENSG00000301563.1	ENSG00000301563
ENST00000779723.1	ENSG00000301565.1	ENSG00000301565
ENST00000779724.1	ENSG00000301565.1	ENSG00000301565
ENST00000779726.1	ENSG00000301565.1	ENSG00000301565
ENST00000779727.1	ENSG00000301565.1	ENSG00000301565
ENST00000779728.1	ENSG00000301565.1	ENSG00000301565
ENST00000779729.1	ENSG00000301565.1	ENSG00000301565
ENST00000779730.1	ENSG00000301565.1	ENSG00000301565
ENST00000779742.1	ENSG00000301568.1	ENSG00000301568
ENST00000779743.1	ENSG00000301568.1	ENSG00000301568
ENST00000779752.1	ENSG00000301569.1	ENSG00000301569
ENST00000779753.1	ENSG00000301569.1	ENSG00000301569
ENST00000779932.1	ENSG00000301575.1	ENSG00000301575
ENST00000779935.1	ENSG00000301575.1	ENSG00000301575
ENST00000779949.1	ENSG00000301575.1	ENSG00000301575
ENST00000779952.1	ENSG00000301575.1	ENSG00000301575
ENST00000779954.1	ENSG00000301576.1	ENSG00000301576
ENST00000780025.1	ENSG00000301590.1	ENSG00000301590
ENST00000780142.1	ENSG00000301601.1	ENSG00000301601
ENST00000780177.1	ENSG00000301610.1	ENSG00000301610
ENST00000780274.1	ENSG00000301621.1	ENSG00000301621
ENST00000780277.1	ENSG00000301623.1	ENSG00000301623
ENST00000780282.1	ENSG00000301625.1	ENSG00000301625
ENST00000780331.1	ENSG00000301631.1	ENSG00000301631
ENST00000780353.1	ENSG00000301637.1	ENSG00000301637
ENST00000780365.1	ENSG00000301640.1	ENSG00000301640
ENST00000780366.1	ENSG00000301640.1	ENSG00000301640
ENST00000780367.1	ENSG00000301640.1	ENSG00000301640
ENST00000780570.1	ENSG00000301654.1	ENSG00000301654
ENST00000780689.1	ENSG00000301660.1	ENSG00000301660
ENST00000780690.1	ENSG00000301660.1	ENSG00000301660
ENST00000780698.1	ENSG00000301663.1	ENSG00000301663
ENST00000780699.1	ENSG00000301663.1	ENSG00000301663
ENST00000780724.1	ENSG00000301667.1	ENSG00000301667
ENST00000780725.1	ENSG00000301667.1	ENSG00000301667
ENST00000780726.1	ENSG00000301667.1	ENSG00000301667
ENST00000780736.1	ENSG00000301669.1	ENSG00000301669
ENST00000780738.1	ENSG00000301671.1	ENSG00000301671
ENST00000780741.1	ENSG00000301674.1	ENSG00000301674
ENST00000780742.1	ENSG00000301675.1	ENSG00000301675
ENST00000780747.1	ENSG00000301680.1	ENSG00000301680
ENST00000780748.1	ENSG00000301680.1	ENSG00000301680
ENST00000780825.1	ENSG00000301684.1	ENSG00000301684
ENST00000780945.1	ENSG00000301695.1	ENSG00000301695
ENST00000780948.1	ENSG00000301696.1	ENSG00000301696
ENST00000780949.1	ENSG00000301696.1	ENSG00000301696
ENST00000780950.1	ENSG00000301696.1	ENSG00000301696
ENST00000780952.1	ENSG00000301696.1	ENSG00000301696
ENST00000780954.1	ENSG00000301696.1	ENSG00000301696
ENST00000780955.1	ENSG00000301696.1	ENSG00000301696
ENST00000781033.1	ENSG00000301708.1	ENSG00000301708
ENST00000781034.1	ENSG00000301709.1	ENSG00000301709
ENST00000781035.1	ENSG00000301709.1	ENSG00000301709
ENST00000781036.1	ENSG00000301709.1	ENSG00000301709
ENST00000781037.1	ENSG00000301709.1	ENSG00000301709
ENST00000781051.1	ENSG00000301714.1	ENSG00000301714
ENST00000781052.1	ENSG00000301714.1	ENSG00000301714
ENST00000781074.1	ENSG00000301721.1	ENSG00000301721
ENST00000781075.1	ENSG00000301721.1	ENSG00000301721
ENST00000781118.1	ENSG00000301729.1	ENSG00000301729
ENST00000781119.1	ENSG00000301729.1	ENSG00000301729
ENST00000781122.1	ENSG00000301729.1	ENSG00000301729
ENST00000781124.1	ENSG00000301729.1	ENSG00000301729
ENST00000781125.1	ENSG00000301729.1	ENSG00000301729
ENST00000781126.1	ENSG00000301729.1	ENSG00000301729
ENST00000781127.1	ENSG00000301729.1	ENSG00000301729
ENST00000781128.1	ENSG00000301729.1	ENSG00000301729
ENST00000781129.1	ENSG00000301729.1	ENSG00000301729
ENST00000781130.1	ENSG00000301729.1	ENSG00000301729
ENST00000781131.1	ENSG00000301729.1	ENSG00000301729
ENST00000781132.1	ENSG00000301729.1	ENSG00000301729
ENST00000781133.1	ENSG00000301729.1	ENSG00000301729
ENST00000781134.1	ENSG00000301729.1	ENSG00000301729
ENST00000781177.1	ENSG00000301734.1	ENSG00000301734
ENST00000781178.1	ENSG00000301734.1	ENSG00000301734
ENST00000781262.1	ENSG00000301740.1	ENSG00000301740
ENST00000781590.1	ENSG00000301762.1	ENSG00000301762
ENST00000781613.1	ENSG00000301766.1	ENSG00000301766
ENST00000781614.1	ENSG00000301766.1	ENSG00000301766
ENST00000781615.1	ENSG00000301766.1	ENSG00000301766
ENST00000781616.1	ENSG00000301766.1	ENSG00000301766
ENST00000781617.1	ENSG00000301766.1	ENSG00000301766
ENST00000781618.1	ENSG00000301766.1	ENSG00000301766
ENST00000781620.1	ENSG00000301766.1	ENSG00000301766
ENST00000781622.1	ENSG00000301766.1	ENSG00000301766
ENST00000781623.1	ENSG00000301766.1	ENSG00000301766
ENST00000781624.1	ENSG00000301766.1	ENSG00000301766
ENST00000781625.1	ENSG00000301766.1	ENSG00000301766
ENST00000781626.1	ENSG00000301766.1	ENSG00000301766
ENST00000781627.1	ENSG00000301766.1	ENSG00000301766
ENST00000781628.1	ENSG00000301766.1	ENSG00000301766
ENST00000781685.1	ENSG00000301772.1	ENSG00000301772
ENST00000781916.1	ENSG00000301791.1	ENSG00000301791
ENST00000781944.1	ENSG00000301794.1	ENSG00000301794
ENST00000781945.1	ENSG00000301794.1	ENSG00000301794
ENST00000782022.1	ENSG00000301809.1	ENSG00000301809
ENST00000782024.1	ENSG00000301809.1	ENSG00000301809
ENST00000782063.1	ENSG00000301821.1	ENSG00000301821
ENST00000782065.1	ENSG00000301821.1	ENSG00000301821
ENST00000782066.1	ENSG00000301821.1	ENSG00000301821
ENST00000782097.1	ENSG00000301830.1	ENSG00000301830
ENST00000782146.1	ENSG00000301839.1	ENSG00000301839
ENST00000782147.1	ENSG00000301839.1	ENSG00000301839
ENST00000782195.1	ENSG00000301846.1	ENSG00000301846
ENST00000782309.1	ENSG00000301852.1	ENSG00000301852
ENST00000782310.1	ENSG00000301852.1	ENSG00000301852
ENST00000782311.1	ENSG00000301852.1	ENSG00000301852
ENST00000782312.1	ENSG00000301852.1	ENSG00000301852
ENST00000782343.1	ENSG00000301857.1	ENSG00000301857
ENST00000782344.1	ENSG00000301857.1	ENSG00000301857
ENST00000782363.1	ENSG00000301861.1	ENSG00000301861
ENST00000782447.1	ENSG00000301871.1	ENSG00000301871
ENST00000782448.1	ENSG00000301871.1	ENSG00000301871
ENST00000782449.1	ENSG00000301871.1	ENSG00000301871
ENST00000782489.1	ENSG00000301885.1	ENSG00000301885
ENST00000782689.1	ENSG00000301897.1	ENSG00000301897
ENST00000782738.1	ENSG00000301901.1	ENSG00000301901
ENST00000782778.1	ENSG00000301906.1	ENSG00000301906
ENST00000782827.1	ENSG00000301911.1	ENSG00000301911
ENST00000782850.1	ENSG00000301918.1	ENSG00000301918
ENST00000782916.1	ENSG00000301923.1	ENSG00000301923
ENST00000782982.1	ENSG00000301938.1	ENSG00000301938
ENST00000782983.1	ENSG00000301939.1	ENSG00000301939
ENST00000782984.1	ENSG00000301940.1	ENSG00000301940
ENST00000782985.1	ENSG00000301941.1	ENSG00000301941
ENST00000782986.1	ENSG00000301941.1	ENSG00000301941
ENST00000782987.1	ENSG00000301941.1	ENSG00000301941
ENST00000783022.1	ENSG00000301945.1	ENSG00000301945
ENST00000783023.1	ENSG00000301945.1	ENSG00000301945
ENST00000783028.1	ENSG00000301947.1	ENSG00000301947
ENST00000783051.1	ENSG00000301954.1	ENSG00000301954
ENST00000783052.1	ENSG00000301954.1	ENSG00000301954
ENST00000783069.1	ENSG00000301958.1	ENSG00000301958
ENST00000783071.1	ENSG00000301958.1	ENSG00000301958
ENST00000783073.1	ENSG00000301958.1	ENSG00000301958
ENST00000783075.1	ENSG00000301958.1	ENSG00000301958
ENST00000783111.1	ENSG00000301968.1	ENSG00000301968
ENST00000783112.1	ENSG00000301968.1	ENSG00000301968
ENST00000783113.1	ENSG00000301968.1	ENSG00000301968
ENST00000783114.1	ENSG00000301968.1	ENSG00000301968
ENST00000783168.1	ENSG00000301973.1	ENSG00000301973
ENST00000783171.1	ENSG00000301975.1	ENSG00000301975
ENST00000783172.1	ENSG00000301975.1	ENSG00000301975
ENST00000783177.1	ENSG00000301978.1	ENSG00000301978
ENST00000783178.1	ENSG00000301978.1	ENSG00000301978
ENST00000783179.1	ENSG00000301978.1	ENSG00000301978
ENST00000783180.1	ENSG00000301978.1	ENSG00000301978
ENST00000783181.1	ENSG00000301978.1	ENSG00000301978
ENST00000783182.1	ENSG00000301978.1	ENSG00000301978
ENST00000783183.1	ENSG00000301978.1	ENSG00000301978
ENST00000783208.1	ENSG00000301983.1	ENSG00000301983
ENST00000783212.1	ENSG00000301986.1	ENSG00000301986
ENST00000783222.1	ENSG00000301988.1	ENSG00000301988
ENST00000783223.1	ENSG00000301988.1	ENSG00000301988
ENST00000783226.1	ENSG00000301988.1	ENSG00000301988
ENST00000783303.1	ENSG00000302009.1	ENSG00000302009
ENST00000783331.1	ENSG00000302014.1	ENSG00000302014
ENST00000783332.1	ENSG00000302014.1	ENSG00000302014
ENST00000783333.1	ENSG00000302014.1	ENSG00000302014
ENST00000783334.1	ENSG00000302014.1	ENSG00000302014
ENST00000783335.1	ENSG00000302014.1	ENSG00000302014
ENST00000783520.1	ENSG00000302032.1	ENSG00000302032
ENST00000783544.1	ENSG00000302036.1	ENSG00000302036
ENST00000783575.1	ENSG00000302042.1	ENSG00000302042
ENST00000783621.1	ENSG00000302052.1	ENSG00000302052
ENST00000783622.1	ENSG00000302053.1	ENSG00000302053
ENST00000783623.1	ENSG00000302053.1	ENSG00000302053
ENST00000783624.1	ENSG00000302053.1	ENSG00000302053
ENST00000783625.1	ENSG00000302053.1	ENSG00000302053
ENST00000783626.1	ENSG00000302053.1	ENSG00000302053
ENST00000783692.1	ENSG00000302056.1	ENSG00000302056
ENST00000783693.1	ENSG00000302056.1	ENSG00000302056
ENST00000783842.1	ENSG00000302071.1	ENSG00000302071
ENST00000783905.1	ENSG00000302082.1	ENSG00000302082
ENST00000783906.1	ENSG00000302082.1	ENSG00000302082
ENST00000783907.1	ENSG00000302082.1	ENSG00000302082
ENST00000783908.1	ENSG00000302082.1	ENSG00000302082
ENST00000783909.1	ENSG00000302082.1	ENSG00000302082
ENST00000783911.1	ENSG00000302082.1	ENSG00000302082
ENST00000783913.1	ENSG00000302082.1	ENSG00000302082
ENST00000783914.1	ENSG00000302082.1	ENSG00000302082
ENST00000784160.1	ENSG00000302092.1	ENSG00000302092
ENST00000784161.1	ENSG00000302092.1	ENSG00000302092
ENST00000784480.1	ENSG00000302114.1	ENSG00000302114
ENST00000784499.1	ENSG00000302121.1	ENSG00000302121
ENST00000784501.1	ENSG00000302121.1	ENSG00000302121
ENST00000784631.1	ENSG00000302138.1	ENSG00000302138
ENST00000784632.1	ENSG00000302138.1	ENSG00000302138
ENST00000784633.1	ENSG00000302138.1	ENSG00000302138
ENST00000784674.1	ENSG00000302143.1	ENSG00000302143
ENST00000784692.1	ENSG00000302153.1	ENSG00000302153
ENST00000784693.1	ENSG00000302153.1	ENSG00000302153
ENST00000784695.1	ENSG00000302153.1	ENSG00000302153
ENST00000784696.1	ENSG00000302153.1	ENSG00000302153
ENST00000784781.1	ENSG00000302175.1	ENSG00000302175
ENST00000784782.1	ENSG00000302175.1	ENSG00000302175
ENST00000784783.1	ENSG00000302175.1	ENSG00000302175
ENST00000784841.1	ENSG00000302187.1	ENSG00000302187
ENST00000784854.1	ENSG00000302191.1	ENSG00000302191
ENST00000785013.1	ENSG00000302210.1	ENSG00000302210
ENST00000785097.1	ENSG00000302231.1	ENSG00000302231
ENST00000785112.1	ENSG00000302232.1	ENSG00000302232
ENST00000785113.1	ENSG00000302232.1	ENSG00000302232
ENST00000785128.1	ENSG00000302237.1	ENSG00000302237
ENST00000785205.1	ENSG00000302250.1	ENSG00000302250
ENST00000785372.1	ENSG00000302268.1	ENSG00000302268
ENST00000785373.1	ENSG00000302268.1	ENSG00000302268
ENST00000785374.1	ENSG00000302268.1	ENSG00000302268
ENST00000785375.1	ENSG00000302268.1	ENSG00000302268
ENST00000785376.1	ENSG00000302268.1	ENSG00000302268
ENST00000785378.1	ENSG00000302268.1	ENSG00000302268
ENST00000785401.1	ENSG00000302271.1	ENSG00000302271
ENST00000785472.1	ENSG00000302278.1	ENSG00000302278
ENST00000785473.1	ENSG00000302279.1	ENSG00000302279
ENST00000785546.1	ENSG00000302286.1	ENSG00000302286
ENST00000785547.1	ENSG00000302286.1	ENSG00000302286
ENST00000785548.1	ENSG00000302286.1	ENSG00000302286
ENST00000785549.1	ENSG00000302286.1	ENSG00000302286
ENST00000785604.1	ENSG00000302295.1	ENSG00000302295
ENST00000785605.1	ENSG00000302295.1	ENSG00000302295
ENST00000785606.1	ENSG00000302295.1	ENSG00000302295
ENST00000785607.1	ENSG00000302295.1	ENSG00000302295
ENST00000785633.1	ENSG00000302299.1	ENSG00000302299
ENST00000785644.1	ENSG00000302302.1	ENSG00000302302
ENST00000785645.1	ENSG00000302302.1	ENSG00000302302
ENST00000785646.1	ENSG00000302302.1	ENSG00000302302
ENST00000785647.1	ENSG00000302302.1	ENSG00000302302
ENST00000785648.1	ENSG00000302302.1	ENSG00000302302
ENST00000785649.1	ENSG00000302302.1	ENSG00000302302
ENST00000785658.1	ENSG00000302305.1	ENSG00000302305
ENST00000785663.1	ENSG00000302306.1	ENSG00000302306
ENST00000785719.1	ENSG00000302312.1	ENSG00000302312
ENST00000785766.1	ENSG00000302317.1	ENSG00000302317
ENST00000785767.1	ENSG00000302317.1	ENSG00000302317
ENST00000785768.1	ENSG00000302317.1	ENSG00000302317
ENST00000785769.1	ENSG00000302317.1	ENSG00000302317
ENST00000785820.1	ENSG00000302326.1	ENSG00000302326
ENST00000785821.1	ENSG00000302326.1	ENSG00000302326
ENST00000785822.1	ENSG00000302326.1	ENSG00000302326
ENST00000785892.1	ENSG00000302337.1	ENSG00000302337
ENST00000785893.1	ENSG00000302337.1	ENSG00000302337
ENST00000785895.1	ENSG00000302337.1	ENSG00000302337
ENST00000785896.1	ENSG00000302337.1	ENSG00000302337
ENST00000785897.1	ENSG00000302337.1	ENSG00000302337
ENST00000785899.1	ENSG00000302337.1	ENSG00000302337
ENST00000785900.1	ENSG00000302337.1	ENSG00000302337
ENST00000785901.1	ENSG00000302337.1	ENSG00000302337
ENST00000785903.1	ENSG00000302337.1	ENSG00000302337
ENST00000785904.1	ENSG00000302337.1	ENSG00000302337
ENST00000785905.1	ENSG00000302337.1	ENSG00000302337
ENST00000785906.1	ENSG00000302337.1	ENSG00000302337
ENST00000785908.1	ENSG00000302337.1	ENSG00000302337
ENST00000785909.1	ENSG00000302337.1	ENSG00000302337
ENST00000785911.1	ENSG00000302337.1	ENSG00000302337
ENST00000785913.1	ENSG00000302337.1	ENSG00000302337
ENST00000785914.1	ENSG00000302337.1	ENSG00000302337
ENST00000785917.1	ENSG00000302337.1	ENSG00000302337
ENST00000785918.1	ENSG00000302337.1	ENSG00000302337
ENST00000785920.1	ENSG00000302337.1	ENSG00000302337
ENST00000785921.1	ENSG00000302337.1	ENSG00000302337
ENST00000785923.1	ENSG00000302337.1	ENSG00000302337
ENST00000785924.1	ENSG00000302337.1	ENSG00000302337
ENST00000785925.1	ENSG00000302337.1	ENSG00000302337
ENST00000785926.1	ENSG00000302337.1	ENSG00000302337
ENST00000785927.1	ENSG00000302337.1	ENSG00000302337
ENST00000785928.1	ENSG00000302337.1	ENSG00000302337
ENST00000785929.1	ENSG00000302337.1	ENSG00000302337
ENST00000785930.1	ENSG00000302337.1	ENSG00000302337
ENST00000785931.1	ENSG00000302337.1	ENSG00000302337
ENST00000785932.1	ENSG00000302337.1	ENSG00000302337
ENST00000785934.1	ENSG00000302337.1	ENSG00000302337
ENST00000785935.1	ENSG00000302337.1	ENSG00000302337
ENST00000785937.1	ENSG00000302337.1	ENSG00000302337
ENST00000785938.1	ENSG00000302337.1	ENSG00000302337
ENST00000785939.1	ENSG00000302337.1	ENSG00000302337
ENST00000785940.1	ENSG00000302337.1	ENSG00000302337
ENST00000785942.1	ENSG00000302337.1	ENSG00000302337
ENST00000785964.1	ENSG00000302340.1	ENSG00000302340
ENST00000785987.1	ENSG00000302343.1	ENSG00000302343
ENST00000786141.1	ENSG00000302359.1	ENSG00000302359
ENST00000786145.1	ENSG00000302363.1	ENSG00000302363
ENST00000786281.1	ENSG00000302381.1	ENSG00000302381
ENST00000786383.1	ENSG00000302396.1	ENSG00000302396
ENST00000786438.1	ENSG00000302408.1	ENSG00000302408
ENST00000786439.1	ENSG00000302408.1	ENSG00000302408
ENST00000786440.1	ENSG00000302408.1	ENSG00000302408
ENST00000786441.1	ENSG00000302408.1	ENSG00000302408
ENST00000786442.1	ENSG00000302408.1	ENSG00000302408
ENST00000786443.1	ENSG00000302408.1	ENSG00000302408
ENST00000786447.1	ENSG00000302408.1	ENSG00000302408
ENST00000786448.1	ENSG00000302408.1	ENSG00000302408
ENST00000786853.1	ENSG00000302441.1	ENSG00000302441
ENST00000786854.1	ENSG00000302441.1	ENSG00000302441
ENST00000786856.1	ENSG00000302442.1	ENSG00000302442
ENST00000786857.1	ENSG00000302442.1	ENSG00000302442
ENST00000786950.1	ENSG00000302455.1	ENSG00000302455
ENST00000786952.1	ENSG00000302457.1	ENSG00000302457
ENST00000786953.1	ENSG00000302457.1	ENSG00000302457
ENST00000786954.1	ENSG00000302457.1	ENSG00000302457
ENST00000786958.1	ENSG00000302457.1	ENSG00000302457
ENST00000786959.1	ENSG00000302457.1	ENSG00000302457
ENST00000786960.1	ENSG00000302457.1	ENSG00000302457
ENST00000786961.1	ENSG00000302457.1	ENSG00000302457
ENST00000786963.1	ENSG00000302457.1	ENSG00000302457
ENST00000786965.1	ENSG00000302459.1	ENSG00000302459
ENST00000786966.1	ENSG00000302459.1	ENSG00000302459
ENST00000787267.1	ENSG00000302482.1	ENSG00000302482
ENST00000787312.1	ENSG00000302490.1	ENSG00000302490
ENST00000787535.1	ENSG00000302515.1	ENSG00000302515
ENST00000787536.1	ENSG00000302515.1	ENSG00000302515
ENST00000787537.1	ENSG00000302515.1	ENSG00000302515
ENST00000787538.1	ENSG00000302515.1	ENSG00000302515
ENST00000787539.1	ENSG00000302515.1	ENSG00000302515
ENST00000787540.1	ENSG00000302515.1	ENSG00000302515
ENST00000787541.1	ENSG00000302515.1	ENSG00000302515
ENST00000787642.1	ENSG00000302526.1	ENSG00000302526
ENST00000787643.1	ENSG00000302526.1	ENSG00000302526
ENST00000787652.1	ENSG00000302530.1	ENSG00000302530
ENST00000787653.1	ENSG00000302530.1	ENSG00000302530
ENST00000787749.1	ENSG00000302544.1	ENSG00000302544
ENST00000787789.1	ENSG00000302550.1	ENSG00000302550
ENST00000787790.1	ENSG00000302550.1	ENSG00000302550
ENST00000787791.1	ENSG00000302550.1	ENSG00000302550
ENST00000787856.1	ENSG00000302559.1	ENSG00000302559
ENST00000787910.1	ENSG00000302572.1	ENSG00000302572
ENST00000787946.1	ENSG00000302580.1	ENSG00000302580
ENST00000788011.1	ENSG00000302594.1	ENSG00000302594
ENST00000788012.1	ENSG00000302594.1	ENSG00000302594
ENST00000788014.1	ENSG00000302594.1	ENSG00000302594
ENST00000788015.1	ENSG00000302594.1	ENSG00000302594
ENST00000788016.1	ENSG00000302594.1	ENSG00000302594
ENST00000788017.1	ENSG00000302594.1	ENSG00000302594
ENST00000788057.1	ENSG00000302598.1	ENSG00000302598
ENST00000788118.1	ENSG00000302617.1	ENSG00000302617
ENST00000788211.1	ENSG00000302623.1	ENSG00000302623
ENST00000788212.1	ENSG00000302623.1	ENSG00000302623
ENST00000788213.1	ENSG00000302623.1	ENSG00000302623
ENST00000788214.1	ENSG00000302624.1	ENSG00000302624
ENST00000788512.1	ENSG00000302649.1	ENSG00000302649
ENST00000788513.1	ENSG00000302649.1	ENSG00000302649
ENST00000788514.1	ENSG00000302649.1	ENSG00000302649
ENST00000788515.1	ENSG00000302649.1	ENSG00000302649
ENST00000788589.1	ENSG00000302659.1	ENSG00000302659
ENST00000788606.1	ENSG00000302667.1	ENSG00000302667
ENST00000788607.1	ENSG00000302667.1	ENSG00000302667
ENST00000788801.1	ENSG00000302675.1	ENSG00000302675
ENST00000788802.1	ENSG00000302675.1	ENSG00000302675
ENST00000788863.1	ENSG00000302680.1	ENSG00000302680
ENST00000788864.1	ENSG00000302680.1	ENSG00000302680
ENST00000788865.1	ENSG00000302680.1	ENSG00000302680
ENST00000788870.1	ENSG00000302683.1	ENSG00000302683
ENST00000789023.1	ENSG00000302711.1	ENSG00000302711
ENST00000789024.1	ENSG00000302711.1	ENSG00000302711
ENST00000789026.1	ENSG00000302711.1	ENSG00000302711
ENST00000789261.1	ENSG00000302730.1	ENSG00000302730
ENST00000789262.1	ENSG00000302730.1	ENSG00000302730
ENST00000789284.1	ENSG00000302735.1	ENSG00000302735
ENST00000789291.1	ENSG00000302739.1	ENSG00000302739
ENST00000789292.1	ENSG00000302739.1	ENSG00000302739
ENST00000789293.1	ENSG00000302739.1	ENSG00000302739
ENST00000789300.1	ENSG00000302743.1	ENSG00000302743
ENST00000789302.1	ENSG00000302744.1	ENSG00000302744
ENST00000789304.1	ENSG00000302744.1	ENSG00000302744
ENST00000789306.1	ENSG00000302745.1	ENSG00000302745
ENST00000789326.1	ENSG00000302751.1	ENSG00000302751
ENST00000789327.1	ENSG00000302751.1	ENSG00000302751
ENST00000789333.1	ENSG00000302753.1	ENSG00000302753
ENST00000789335.1	ENSG00000302753.1	ENSG00000302753
ENST00000789336.1	ENSG00000302753.1	ENSG00000302753
ENST00000789337.1	ENSG00000302753.1	ENSG00000302753
ENST00000789338.1	ENSG00000302753.1	ENSG00000302753
ENST00000789339.1	ENSG00000302753.1	ENSG00000302753
ENST00000789340.1	ENSG00000302753.1	ENSG00000302753
ENST00000789341.1	ENSG00000302753.1	ENSG00000302753
ENST00000789348.1	ENSG00000302756.1	ENSG00000302756
ENST00000789362.1	ENSG00000302765.1	ENSG00000302765
ENST00000789363.1	ENSG00000302765.1	ENSG00000302765
ENST00000789364.1	ENSG00000302765.1	ENSG00000302765
ENST00000789595.1	ENSG00000302795.1	ENSG00000302795
ENST00000789596.1	ENSG00000302795.1	ENSG00000302795
ENST00000789599.1	ENSG00000302795.1	ENSG00000302795
ENST00000789601.1	ENSG00000302795.1	ENSG00000302795
ENST00000789617.1	ENSG00000302798.1	ENSG00000302798
ENST00000789881.1	ENSG00000302821.1	ENSG00000302821
ENST00000789912.1	ENSG00000302836.1	ENSG00000302836
ENST00000789964.1	ENSG00000302843.1	ENSG00000302843
ENST00000789965.1	ENSG00000302843.1	ENSG00000302843
ENST00000790010.1	ENSG00000302849.1	ENSG00000302849
ENST00000790011.1	ENSG00000302849.1	ENSG00000302849
ENST00000790014.1	ENSG00000302852.1	ENSG00000302852
ENST00000790104.1	ENSG00000302860.1	ENSG00000302860
ENST00000790116.1	ENSG00000302863.1	ENSG00000302863
ENST00000790146.1	ENSG00000302866.1	ENSG00000302866
ENST00000790147.1	ENSG00000302867.1	ENSG00000302867
ENST00000790148.1	ENSG00000302867.1	ENSG00000302867
ENST00000790154.1	ENSG00000302870.1	ENSG00000302870
ENST00000790155.1	ENSG00000302870.1	ENSG00000302870
ENST00000790157.1	ENSG00000302871.1	ENSG00000302871
ENST00000790158.1	ENSG00000302871.1	ENSG00000302871
ENST00000790212.1	ENSG00000302881.1	ENSG00000302881
ENST00000790297.1	ENSG00000302890.1	ENSG00000302890
ENST00000790298.1	ENSG00000302890.1	ENSG00000302890
ENST00000790345.1	ENSG00000302902.1	ENSG00000302902
ENST00000790373.1	ENSG00000302907.1	ENSG00000302907
ENST00000790374.1	ENSG00000302907.1	ENSG00000302907
ENST00000790375.1	ENSG00000302907.1	ENSG00000302907
ENST00000790376.1	ENSG00000302907.1	ENSG00000302907
ENST00000790377.1	ENSG00000302907.1	ENSG00000302907
ENST00000790385.1	ENSG00000302911.1	ENSG00000302911
ENST00000790394.1	ENSG00000302913.1	ENSG00000302913
ENST00000790411.1	ENSG00000302914.1	ENSG00000302914
ENST00000790472.1	ENSG00000302919.1	ENSG00000302919
ENST00000790473.1	ENSG00000302919.1	ENSG00000302919
ENST00000790479.1	ENSG00000302921.1	ENSG00000302921
ENST00000790577.1	ENSG00000302937.1	ENSG00000302937
ENST00000790593.1	ENSG00000302943.1	ENSG00000302943
ENST00000790737.1	ENSG00000302964.1	ENSG00000302964
ENST00000790743.1	ENSG00000302966.1	ENSG00000302966
ENST00000790744.1	ENSG00000302966.1	ENSG00000302966
ENST00000790745.1	ENSG00000302966.1	ENSG00000302966
ENST00000790746.1	ENSG00000302966.1	ENSG00000302966
ENST00000790747.1	ENSG00000302966.1	ENSG00000302966
ENST00000790748.1	ENSG00000302966.1	ENSG00000302966
ENST00000790869.1	ENSG00000302984.1	ENSG00000302984
ENST00000790870.1	ENSG00000302984.1	ENSG00000302984
ENST00000790871.1	ENSG00000302984.1	ENSG00000302984
ENST00000790960.1	ENSG00000303002.1	ENSG00000303002
ENST00000791022.1	ENSG00000303008.1	ENSG00000303008
ENST00000791459.1	ENSG00000303043.1	ENSG00000303043
ENST00000791460.1	ENSG00000303043.1	ENSG00000303043
ENST00000791512.1	ENSG00000303054.1	ENSG00000303054
ENST00000791533.1	ENSG00000303059.1	ENSG00000303059
ENST00000791580.1	ENSG00000303075.1	ENSG00000303075
ENST00000791621.1	ENSG00000303081.1	ENSG00000303081
ENST00000791655.1	ENSG00000303088.1	ENSG00000303088
ENST00000791656.1	ENSG00000303088.1	ENSG00000303088
ENST00000791657.1	ENSG00000303088.1	ENSG00000303088
ENST00000791658.1	ENSG00000303088.1	ENSG00000303088
ENST00000791659.1	ENSG00000303088.1	ENSG00000303088
ENST00000791687.1	ENSG00000303090.1	ENSG00000303090
ENST00000791886.1	ENSG00000303110.1	ENSG00000303110
ENST00000791965.1	ENSG00000303120.1	ENSG00000303120
ENST00000791966.1	ENSG00000303120.1	ENSG00000303120
ENST00000792140.1	ENSG00000303137.1	ENSG00000303137
ENST00000792155.1	ENSG00000303141.1	ENSG00000303141
ENST00000792157.1	ENSG00000303141.1	ENSG00000303141
ENST00000792158.1	ENSG00000303141.1	ENSG00000303141
ENST00000792159.1	ENSG00000303141.1	ENSG00000303141
ENST00000792160.1	ENSG00000303141.1	ENSG00000303141
ENST00000792161.1	ENSG00000303141.1	ENSG00000303141
ENST00000792162.1	ENSG00000303141.1	ENSG00000303141
ENST00000792174.1	ENSG00000303144.1	ENSG00000303144
ENST00000792232.1	ENSG00000303157.1	ENSG00000303157
ENST00000792233.1	ENSG00000303157.1	ENSG00000303157
ENST00000792234.1	ENSG00000303157.1	ENSG00000303157
ENST00000792235.1	ENSG00000303157.1	ENSG00000303157
ENST00000792373.1	ENSG00000303161.1	ENSG00000303161
ENST00000792406.1	ENSG00000303168.1	ENSG00000303168
ENST00000792819.1	ENSG00000303213.1	ENSG00000303213
ENST00000792896.1	ENSG00000303222.1	ENSG00000303222
ENST00000793041.1	ENSG00000303230.1	ENSG00000303230
ENST00000793163.1	ENSG00000303245.1	ENSG00000303245
ENST00000793532.1	ENSG00000303308.1	ENSG00000303308
ENST00000793551.1	ENSG00000303313.1	ENSG00000303313
ENST00000793556.1	ENSG00000303316.1	ENSG00000303316
ENST00000793585.1	ENSG00000303317.1	ENSG00000303317
ENST00000793586.1	ENSG00000303317.1	ENSG00000303317
ENST00000793602.1	ENSG00000303319.1	ENSG00000303319
ENST00000793603.1	ENSG00000303319.1	ENSG00000303319
ENST00000793604.1	ENSG00000303319.1	ENSG00000303319
ENST00000793605.1	ENSG00000303319.1	ENSG00000303319
ENST00000793606.1	ENSG00000303319.1	ENSG00000303319
ENST00000793607.1	ENSG00000303319.1	ENSG00000303319
ENST00000793608.1	ENSG00000303319.1	ENSG00000303319
ENST00000793609.1	ENSG00000303319.1	ENSG00000303319
ENST00000793610.1	ENSG00000303319.1	ENSG00000303319
ENST00000793611.1	ENSG00000303319.1	ENSG00000303319
ENST00000793612.1	ENSG00000303319.1	ENSG00000303319
ENST00000793613.1	ENSG00000303319.1	ENSG00000303319
ENST00000793655.1	ENSG00000303322.1	ENSG00000303322
ENST00000793840.1	ENSG00000303347.1	ENSG00000303347
ENST00000793844.1	ENSG00000303351.1	ENSG00000303351
ENST00000793915.1	ENSG00000303361.1	ENSG00000303361
ENST00000793916.1	ENSG00000303361.1	ENSG00000303361
ENST00000793918.1	ENSG00000303361.1	ENSG00000303361
ENST00000793920.1	ENSG00000303361.1	ENSG00000303361
ENST00000793922.1	ENSG00000303361.1	ENSG00000303361
ENST00000793923.1	ENSG00000303361.1	ENSG00000303361
ENST00000793925.1	ENSG00000303361.1	ENSG00000303361
ENST00000793926.1	ENSG00000303361.1	ENSG00000303361
ENST00000793927.1	ENSG00000303361.1	ENSG00000303361
ENST00000793928.1	ENSG00000303361.1	ENSG00000303361
ENST00000793929.1	ENSG00000303361.1	ENSG00000303361
ENST00000793930.1	ENSG00000303361.1	ENSG00000303361
ENST00000793931.1	ENSG00000303361.1	ENSG00000303361
ENST00000793932.1	ENSG00000303361.1	ENSG00000303361
ENST00000793933.1	ENSG00000303361.1	ENSG00000303361
ENST00000793934.1	ENSG00000303361.1	ENSG00000303361
ENST00000793935.1	ENSG00000303361.1	ENSG00000303361
ENST00000793936.1	ENSG00000303361.1	ENSG00000303361
ENST00000793937.1	ENSG00000303361.1	ENSG00000303361
ENST00000793938.1	ENSG00000303361.1	ENSG00000303361
ENST00000793939.1	ENSG00000303361.1	ENSG00000303361
ENST00000793940.1	ENSG00000303361.1	ENSG00000303361
ENST00000793941.1	ENSG00000303361.1	ENSG00000303361
ENST00000793942.1	ENSG00000303361.1	ENSG00000303361
ENST00000793943.1	ENSG00000303361.1	ENSG00000303361
ENST00000793944.1	ENSG00000303361.1	ENSG00000303361
ENST00000793945.1	ENSG00000303361.1	ENSG00000303361
ENST00000793977.1	ENSG00000303369.1	ENSG00000303369
ENST00000794101.1	ENSG00000303392.1	ENSG00000303392
ENST00000794102.1	ENSG00000303392.1	ENSG00000303392
ENST00000794267.1	ENSG00000303406.1	ENSG00000303406
ENST00000794271.1	ENSG00000303409.1	ENSG00000303409
ENST00000794272.1	ENSG00000303410.1	ENSG00000303410
ENST00000794296.1	ENSG00000303413.1	ENSG00000303413
ENST00000794297.1	ENSG00000303413.1	ENSG00000303413
ENST00000794332.1	ENSG00000303415.1	ENSG00000303415
ENST00000794333.1	ENSG00000303415.1	ENSG00000303415
ENST00000794334.1	ENSG00000303415.1	ENSG00000303415
ENST00000794335.1	ENSG00000303415.1	ENSG00000303415
ENST00000794336.1	ENSG00000303415.1	ENSG00000303415
ENST00000794337.1	ENSG00000303415.1	ENSG00000303415
ENST00000794338.1	ENSG00000303415.1	ENSG00000303415
ENST00000794339.1	ENSG00000303415.1	ENSG00000303415
ENST00000794340.1	ENSG00000303415.1	ENSG00000303415
ENST00000794341.1	ENSG00000303415.1	ENSG00000303415
ENST00000794342.1	ENSG00000303415.1	ENSG00000303415
ENST00000794401.1	ENSG00000303425.1	ENSG00000303425
ENST00000794525.1	ENSG00000303437.1	ENSG00000303437
ENST00000794650.1	ENSG00000303444.1	ENSG00000303444
ENST00000794658.1	ENSG00000303447.1	ENSG00000303447
ENST00000794659.1	ENSG00000303447.1	ENSG00000303447
ENST00000794660.1	ENSG00000303447.1	ENSG00000303447
ENST00000794705.1	ENSG00000303453.1	ENSG00000303453
ENST00000794716.1	ENSG00000303457.1	ENSG00000303457
ENST00000794717.1	ENSG00000303457.1	ENSG00000303457
ENST00000794718.1	ENSG00000303457.1	ENSG00000303457
ENST00000794719.1	ENSG00000303457.1	ENSG00000303457
ENST00000794851.1	ENSG00000303470.1	ENSG00000303470
ENST00000794936.1	ENSG00000303485.1	ENSG00000303485
ENST00000794940.1	ENSG00000303489.1	ENSG00000303489
ENST00000794941.1	ENSG00000303489.1	ENSG00000303489
ENST00000794948.1	ENSG00000303491.1	ENSG00000303491
ENST00000795130.1	ENSG00000303500.1	ENSG00000303500
ENST00000795131.1	ENSG00000303501.1	ENSG00000303501
ENST00000795133.1	ENSG00000303501.1	ENSG00000303501
ENST00000795134.1	ENSG00000303501.1	ENSG00000303501
ENST00000795152.1	ENSG00000303507.1	ENSG00000303507
ENST00000795174.1	ENSG00000303510.1	ENSG00000303510
ENST00000795272.1	ENSG00000303525.1	ENSG00000303525
ENST00000795312.1	ENSG00000303533.1	ENSG00000303533
ENST00000795314.1	ENSG00000303534.1	ENSG00000303534
ENST00000795456.1	ENSG00000303543.1	ENSG00000303543
ENST00000795457.1	ENSG00000303543.1	ENSG00000303543
ENST00000795514.1	ENSG00000303550.1	ENSG00000303550
ENST00000795545.1	ENSG00000303556.1	ENSG00000303556
ENST00000795546.1	ENSG00000303556.1	ENSG00000303556
ENST00000795672.1	ENSG00000303565.1	ENSG00000303565
ENST00000795907.1	ENSG00000303587.1	ENSG00000303587
ENST00000795908.1	ENSG00000303587.1	ENSG00000303587
ENST00000795988.1	ENSG00000303593.1	ENSG00000303593
ENST00000796065.1	ENSG00000303609.1	ENSG00000303609
ENST00000796066.1	ENSG00000303609.1	ENSG00000303609
ENST00000796077.1	ENSG00000303614.1	ENSG00000303614
ENST00000796109.1	ENSG00000303619.1	ENSG00000303619
ENST00000796211.1	ENSG00000303632.1	ENSG00000303632
ENST00000796212.1	ENSG00000303632.1	ENSG00000303632
ENST00000796216.1	ENSG00000303634.1	ENSG00000303634
ENST00000796355.1	ENSG00000303657.1	ENSG00000303657
ENST00000796433.1	ENSG00000303676.1	ENSG00000303676
ENST00000796578.1	ENSG00000303692.1	ENSG00000303692
ENST00000796615.1	ENSG00000303697.1	ENSG00000303697
ENST00000796616.1	ENSG00000303697.1	ENSG00000303697
ENST00000796621.1	ENSG00000303700.1	ENSG00000303700
ENST00000796622.1	ENSG00000303700.1	ENSG00000303700
ENST00000796675.1	ENSG00000303707.1	ENSG00000303707
ENST00000796676.1	ENSG00000303708.1	ENSG00000303708
ENST00000796710.1	ENSG00000303716.1	ENSG00000303716
ENST00000796716.1	ENSG00000303719.1	ENSG00000303719
ENST00000796966.1	ENSG00000303750.1	ENSG00000303750
ENST00000796980.1	ENSG00000303753.1	ENSG00000303753
ENST00000796981.1	ENSG00000303753.1	ENSG00000303753
ENST00000797060.1	ENSG00000303764.1	ENSG00000303764
ENST00000797081.1	ENSG00000303766.1	ENSG00000303766
ENST00000797138.1	ENSG00000303773.1	ENSG00000303773
ENST00000797240.1	ENSG00000303790.1	ENSG00000303790
ENST00000797241.1	ENSG00000303790.1	ENSG00000303790
ENST00000797264.1	ENSG00000303799.1	ENSG00000303799
ENST00000797268.1	ENSG00000303801.1	ENSG00000303801
ENST00000797270.1	ENSG00000303803.1	ENSG00000303803
ENST00000797307.1	ENSG00000303812.1	ENSG00000303812
ENST00000797312.1	ENSG00000303815.1	ENSG00000303815
ENST00000797344.1	ENSG00000303823.1	ENSG00000303823
ENST00000797390.1	ENSG00000303828.1	ENSG00000303828
ENST00000797393.1	ENSG00000303828.1	ENSG00000303828
ENST00000797440.1	ENSG00000303841.1	ENSG00000303841
ENST00000797441.1	ENSG00000303841.1	ENSG00000303841
ENST00000797442.1	ENSG00000303841.1	ENSG00000303841
ENST00000797443.1	ENSG00000303841.1	ENSG00000303841
ENST00000797444.1	ENSG00000303841.1	ENSG00000303841
ENST00000797445.1	ENSG00000303841.1	ENSG00000303841
ENST00000797446.1	ENSG00000303841.1	ENSG00000303841
ENST00000797447.1	ENSG00000303841.1	ENSG00000303841
ENST00000797459.1	ENSG00000303844.1	ENSG00000303844
ENST00000797460.1	ENSG00000303845.1	ENSG00000303845
ENST00000797495.1	ENSG00000303850.1	ENSG00000303850
ENST00000797548.1	ENSG00000303857.1	ENSG00000303857
ENST00000797549.1	ENSG00000303857.1	ENSG00000303857
ENST00000797855.1	ENSG00000303878.1	ENSG00000303878
ENST00000797856.1	ENSG00000303878.1	ENSG00000303878
ENST00000797857.1	ENSG00000303878.1	ENSG00000303878
ENST00000797858.1	ENSG00000303878.1	ENSG00000303878
ENST00000797864.1	ENSG00000303882.1	ENSG00000303882
ENST00000797921.1	ENSG00000303897.1	ENSG00000303897
ENST00000797922.1	ENSG00000303897.1	ENSG00000303897
ENST00000797989.1	ENSG00000303909.1	ENSG00000303909
ENST00000798054.1	ENSG00000303911.1	ENSG00000303911
ENST00000798101.1	ENSG00000303929.1	ENSG00000303929
ENST00000798148.1	ENSG00000303935.1	ENSG00000303935
ENST00000798247.1	ENSG00000303949.1	ENSG00000303949
ENST00000798563.1	ENSG00000303972.1	ENSG00000303972
ENST00000798827.1	ENSG00000304011.1	ENSG00000304011
ENST00000798828.1	ENSG00000304011.1	ENSG00000304011
ENST00000798829.1	ENSG00000304011.1	ENSG00000304011
ENST00000798830.1	ENSG00000304011.1	ENSG00000304011
ENST00000798831.1	ENSG00000304011.1	ENSG00000304011
ENST00000798832.1	ENSG00000304011.1	ENSG00000304011
ENST00000798833.1	ENSG00000304011.1	ENSG00000304011
ENST00000798834.1	ENSG00000304011.1	ENSG00000304011
ENST00000798835.1	ENSG00000304011.1	ENSG00000304011
ENST00000798840.1	ENSG00000304011.1	ENSG00000304011
ENST00000798841.1	ENSG00000304011.1	ENSG00000304011
ENST00000798842.1	ENSG00000304011.1	ENSG00000304011
ENST00000798843.1	ENSG00000304011.1	ENSG00000304011
ENST00000798844.1	ENSG00000304011.1	ENSG00000304011
ENST00000798845.1	ENSG00000304011.1	ENSG00000304011
ENST00000798846.1	ENSG00000304011.1	ENSG00000304011
ENST00000798849.1	ENSG00000304011.1	ENSG00000304011
ENST00000798890.1	ENSG00000304018.1	ENSG00000304018
ENST00000798891.1	ENSG00000304019.1	ENSG00000304019
ENST00000799031.1	ENSG00000304034.1	ENSG00000304034
ENST00000799036.1	ENSG00000304037.1	ENSG00000304037
ENST00000799037.1	ENSG00000304037.1	ENSG00000304037
ENST00000799038.1	ENSG00000304037.1	ENSG00000304037
ENST00000799040.1	ENSG00000304037.1	ENSG00000304037
ENST00000799041.1	ENSG00000304037.1	ENSG00000304037
ENST00000799045.1	ENSG00000304038.1	ENSG00000304038
ENST00000799046.1	ENSG00000304038.1	ENSG00000304038
ENST00000799113.1	ENSG00000304046.1	ENSG00000304046
ENST00000799154.1	ENSG00000304056.1	ENSG00000304056
ENST00000799155.1	ENSG00000304056.1	ENSG00000304056
ENST00000799341.1	ENSG00000304063.1	ENSG00000304063
ENST00000799371.1	ENSG00000304066.1	ENSG00000304066
ENST00000799389.1	ENSG00000304069.1	ENSG00000304069
ENST00000799390.1	ENSG00000304069.1	ENSG00000304069
ENST00000799515.1	ENSG00000304077.1	ENSG00000304077
ENST00000799525.1	ENSG00000304079.1	ENSG00000304079
ENST00000799526.1	ENSG00000304079.1	ENSG00000304079
ENST00000799527.1	ENSG00000304079.1	ENSG00000304079
ENST00000799623.1	ENSG00000304085.1	ENSG00000304085
ENST00000799877.1	ENSG00000304118.1	ENSG00000304118
ENST00000799888.1	ENSG00000304119.1	ENSG00000304119
ENST00000799889.1	ENSG00000304119.1	ENSG00000304119
ENST00000799927.1	ENSG00000304123.1	ENSG00000304123
ENST00000799929.1	ENSG00000304123.1	ENSG00000304123
ENST00000799962.1	ENSG00000304129.1	ENSG00000304129
ENST00000799985.1	ENSG00000304135.1	ENSG00000304135
ENST00000799989.1	ENSG00000304138.1	ENSG00000304138
ENST00000800248.1	ENSG00000304171.1	ENSG00000304171
ENST00000800249.1	ENSG00000304171.1	ENSG00000304171
ENST00000800250.1	ENSG00000304171.1	ENSG00000304171
ENST00000800880.1	ENSG00000304187.1	ENSG00000304187
ENST00000800898.1	ENSG00000304196.1	ENSG00000304196
ENST00000800925.1	ENSG00000304199.1	ENSG00000304199
ENST00000800926.1	ENSG00000304199.1	ENSG00000304199
ENST00000800927.1	ENSG00000304199.1	ENSG00000304199
ENST00000801109.1	ENSG00000304216.1	ENSG00000304216
ENST00000801166.1	ENSG00000304226.1	ENSG00000304226
ENST00000801301.1	ENSG00000304232.1	ENSG00000304232
ENST00000801368.1	ENSG00000304244.1	ENSG00000304244
ENST00000801444.1	ENSG00000304260.1	ENSG00000304260
ENST00000801449.1	ENSG00000304261.1	ENSG00000304261
ENST00000801752.1	ENSG00000304275.1	ENSG00000304275
ENST00000801825.1	ENSG00000304294.1	ENSG00000304294
ENST00000801895.1	ENSG00000304304.1	ENSG00000304304
ENST00000801910.1	ENSG00000304304.1	ENSG00000304304
ENST00000801996.1	ENSG00000304304.1	ENSG00000304304
ENST00000801998.1	ENSG00000304304.1	ENSG00000304304
ENST00000802492.1	ENSG00000304315.1	ENSG00000304315
ENST00000802493.1	ENSG00000304315.1	ENSG00000304315
ENST00000802494.1	ENSG00000304315.1	ENSG00000304315
ENST00000802507.1	ENSG00000304316.1	ENSG00000304316
ENST00000802508.1	ENSG00000304316.1	ENSG00000304316
ENST00000802510.1	ENSG00000304316.1	ENSG00000304316
ENST00000802511.1	ENSG00000304316.1	ENSG00000304316
ENST00000802512.1	ENSG00000304316.1	ENSG00000304316
ENST00000802513.1	ENSG00000304316.1	ENSG00000304316
ENST00000802514.1	ENSG00000304316.1	ENSG00000304316
ENST00000802515.1	ENSG00000304316.1	ENSG00000304316
ENST00000802516.1	ENSG00000304316.1	ENSG00000304316
ENST00000802517.1	ENSG00000304316.1	ENSG00000304316
ENST00000802518.1	ENSG00000304316.1	ENSG00000304316
ENST00000802519.1	ENSG00000304316.1	ENSG00000304316
ENST00000802520.1	ENSG00000304316.1	ENSG00000304316
ENST00000802524.1	ENSG00000304319.1	ENSG00000304319
ENST00000802562.1	ENSG00000304328.1	ENSG00000304328
ENST00000802563.1	ENSG00000304328.1	ENSG00000304328
ENST00000802571.1	ENSG00000304331.1	ENSG00000304331
ENST00000802574.1	ENSG00000304333.1	ENSG00000304333
ENST00000802915.1	ENSG00000304367.1	ENSG00000304367
ENST00000802916.1	ENSG00000304368.1	ENSG00000304368
ENST00000803020.1	ENSG00000304376.1	ENSG00000304376
ENST00000803022.1	ENSG00000304376.1	ENSG00000304376
ENST00000803100.1	ENSG00000304385.1	ENSG00000304385
ENST00000803105.1	ENSG00000304387.1	ENSG00000304387
ENST00000803179.1	ENSG00000304401.1	ENSG00000304401
ENST00000803243.1	ENSG00000304420.1	ENSG00000304420
ENST00000803285.1	ENSG00000304427.1	ENSG00000304427
ENST00000803292.1	ENSG00000304429.1	ENSG00000304429
ENST00000803293.1	ENSG00000304430.1	ENSG00000304430
ENST00000803294.1	ENSG00000304430.1	ENSG00000304430
ENST00000803295.1	ENSG00000304430.1	ENSG00000304430
ENST00000803296.1	ENSG00000304430.1	ENSG00000304430
ENST00000803297.1	ENSG00000304430.1	ENSG00000304430
ENST00000803298.1	ENSG00000304430.1	ENSG00000304430
ENST00000803299.1	ENSG00000304430.1	ENSG00000304430
ENST00000803300.1	ENSG00000304430.1	ENSG00000304430
ENST00000803301.1	ENSG00000304430.1	ENSG00000304430
ENST00000803302.1	ENSG00000304430.1	ENSG00000304430
ENST00000803306.1	ENSG00000304430.1	ENSG00000304430
ENST00000803370.1	ENSG00000304437.1	ENSG00000304437
ENST00000803371.1	ENSG00000304437.1	ENSG00000304437
ENST00000803372.1	ENSG00000304437.1	ENSG00000304437
ENST00000803405.1	ENSG00000304439.1	ENSG00000304439
ENST00000803406.1	ENSG00000304439.1	ENSG00000304439
ENST00000803536.1	ENSG00000304455.1	ENSG00000304455
ENST00000803555.1	ENSG00000304461.1	ENSG00000304461
ENST00000803556.1	ENSG00000304461.1	ENSG00000304461
ENST00000803557.1	ENSG00000304461.1	ENSG00000304461
ENST00000803558.1	ENSG00000304461.1	ENSG00000304461
ENST00000803559.1	ENSG00000304461.1	ENSG00000304461
ENST00000803566.1	ENSG00000304463.1	ENSG00000304463
ENST00000803567.1	ENSG00000304463.1	ENSG00000304463
ENST00000803568.1	ENSG00000304463.1	ENSG00000304463
ENST00000803679.1	ENSG00000304480.1	ENSG00000304480
ENST00000803680.1	ENSG00000304480.1	ENSG00000304480
ENST00000803681.1	ENSG00000304480.1	ENSG00000304480
ENST00000803718.1	ENSG00000304488.1	ENSG00000304488
ENST00000803719.1	ENSG00000304488.1	ENSG00000304488
ENST00000803720.1	ENSG00000304488.1	ENSG00000304488
ENST00000803814.1	ENSG00000304497.1	ENSG00000304497
ENST00000803816.1	ENSG00000304497.1	ENSG00000304497
ENST00000803821.1	ENSG00000304497.1	ENSG00000304497
ENST00000804115.1	ENSG00000304514.1	ENSG00000304514
ENST00000804129.1	ENSG00000304520.1	ENSG00000304520
ENST00000804130.1	ENSG00000304520.1	ENSG00000304520
ENST00000804358.1	ENSG00000304529.1	ENSG00000304529
ENST00000804361.1	ENSG00000304529.1	ENSG00000304529
ENST00000804362.1	ENSG00000304529.1	ENSG00000304529
ENST00000804365.1	ENSG00000304529.1	ENSG00000304529
ENST00000804367.1	ENSG00000304529.1	ENSG00000304529
ENST00000804377.1	ENSG00000304532.1	ENSG00000304532
ENST00000804378.1	ENSG00000304532.1	ENSG00000304532
ENST00000804379.1	ENSG00000304532.1	ENSG00000304532
ENST00000804380.1	ENSG00000304532.1	ENSG00000304532
ENST00000804410.1	ENSG00000304539.1	ENSG00000304539
ENST00000804430.1	ENSG00000304543.1	ENSG00000304543
ENST00000804539.1	ENSG00000304560.1	ENSG00000304560
ENST00000804540.1	ENSG00000304560.1	ENSG00000304560
ENST00000804542.1	ENSG00000304560.1	ENSG00000304560
ENST00000804543.1	ENSG00000304560.1	ENSG00000304560
ENST00000804549.1	ENSG00000304561.1	ENSG00000304561
ENST00000804689.1	ENSG00000304566.1	ENSG00000304566
ENST00000804690.1	ENSG00000304566.1	ENSG00000304566
ENST00000804691.1	ENSG00000304566.1	ENSG00000304566
ENST00000804732.1	ENSG00000304573.1	ENSG00000304573
ENST00000804744.1	ENSG00000304575.1	ENSG00000304575
ENST00000804759.1	ENSG00000304581.1	ENSG00000304581
ENST00000804795.1	ENSG00000304585.1	ENSG00000304585
ENST00000804825.1	ENSG00000304589.1	ENSG00000304589
ENST00000804826.1	ENSG00000304589.1	ENSG00000304589
ENST00000804827.1	ENSG00000304589.1	ENSG00000304589
ENST00000804828.1	ENSG00000304589.1	ENSG00000304589
ENST00000804829.1	ENSG00000304589.1	ENSG00000304589
ENST00000804830.1	ENSG00000304589.1	ENSG00000304589
ENST00000804831.1	ENSG00000304589.1	ENSG00000304589
ENST00000804854.1	ENSG00000304591.1	ENSG00000304591
ENST00000804855.1	ENSG00000304591.1	ENSG00000304591
ENST00000804958.1	ENSG00000304616.1	ENSG00000304616
ENST00000804959.1	ENSG00000304616.1	ENSG00000304616
ENST00000804960.1	ENSG00000304616.1	ENSG00000304616
ENST00000804961.1	ENSG00000304616.1	ENSG00000304616
ENST00000804962.1	ENSG00000304616.1	ENSG00000304616
ENST00000804965.1	ENSG00000304616.1	ENSG00000304616
ENST00000805037.1	ENSG00000304628.1	ENSG00000304628
ENST00000805094.1	ENSG00000304639.1	ENSG00000304639
ENST00000805095.1	ENSG00000304639.1	ENSG00000304639
ENST00000805101.1	ENSG00000304642.1	ENSG00000304642
ENST00000805102.1	ENSG00000304642.1	ENSG00000304642
ENST00000805103.1	ENSG00000304642.1	ENSG00000304642
ENST00000805132.1	ENSG00000304650.1	ENSG00000304650
ENST00000805142.1	ENSG00000304651.1	ENSG00000304651
ENST00000805281.1	ENSG00000304669.1	ENSG00000304669
ENST00000805330.1	ENSG00000304674.1	ENSG00000304674
ENST00000805422.1	ENSG00000304680.1	ENSG00000304680
ENST00000805499.1	ENSG00000304694.1	ENSG00000304694
ENST00000805502.1	ENSG00000304694.1	ENSG00000304694
ENST00000805509.1	ENSG00000304694.1	ENSG00000304694
ENST00000805548.1	ENSG00000304694.1	ENSG00000304694
ENST00000805549.1	ENSG00000304694.1	ENSG00000304694
ENST00000805550.1	ENSG00000304694.1	ENSG00000304694
ENST00000805551.1	ENSG00000304694.1	ENSG00000304694
ENST00000805553.1	ENSG00000304694.1	ENSG00000304694
ENST00000805554.1	ENSG00000304694.1	ENSG00000304694
ENST00000805555.1	ENSG00000304695.1	ENSG00000304695
ENST00000805556.1	ENSG00000304695.1	ENSG00000304695
ENST00000805557.1	ENSG00000304695.1	ENSG00000304695
ENST00000805686.1	ENSG00000304698.1	ENSG00000304698
ENST00000805687.1	ENSG00000304698.1	ENSG00000304698
ENST00000805738.1	ENSG00000304710.1	ENSG00000304710
ENST00000805780.1	ENSG00000304716.1	ENSG00000304716
ENST00000805790.1	ENSG00000304719.1	ENSG00000304719
ENST00000805791.1	ENSG00000304720.1	ENSG00000304720
ENST00000805798.1	ENSG00000304724.1	ENSG00000304724
ENST00000805799.1	ENSG00000304724.1	ENSG00000304724
ENST00000805800.1	ENSG00000304724.1	ENSG00000304724
ENST00000805801.1	ENSG00000304724.1	ENSG00000304724
ENST00000805802.1	ENSG00000304724.1	ENSG00000304724
ENST00000805803.1	ENSG00000304724.1	ENSG00000304724
ENST00000805806.1	ENSG00000304726.1	ENSG00000304726
ENST00000805808.1	ENSG00000304728.1	ENSG00000304728
ENST00000805830.1	ENSG00000304730.1	ENSG00000304730
ENST00000805831.1	ENSG00000304731.1	ENSG00000304731
ENST00000805832.1	ENSG00000304731.1	ENSG00000304731
ENST00000805833.1	ENSG00000304731.1	ENSG00000304731
ENST00000805834.1	ENSG00000304731.1	ENSG00000304731
ENST00000805835.1	ENSG00000304731.1	ENSG00000304731
ENST00000805836.1	ENSG00000304731.1	ENSG00000304731
ENST00000805837.1	ENSG00000304731.1	ENSG00000304731
ENST00000805838.1	ENSG00000304731.1	ENSG00000304731
ENST00000805839.1	ENSG00000304731.1	ENSG00000304731
ENST00000805840.1	ENSG00000304731.1	ENSG00000304731
ENST00000805869.1	ENSG00000304736.1	ENSG00000304736
ENST00000806128.1	ENSG00000304753.1	ENSG00000304753
ENST00000806138.1	ENSG00000304759.1	ENSG00000304759
ENST00000806140.1	ENSG00000304759.1	ENSG00000304759
ENST00000806141.1	ENSG00000304759.1	ENSG00000304759
ENST00000806143.1	ENSG00000304761.1	ENSG00000304761
ENST00000806263.1	ENSG00000304781.1	ENSG00000304781
ENST00000806394.1	ENSG00000304807.1	ENSG00000304807
ENST00000806395.1	ENSG00000304807.1	ENSG00000304807
ENST00000806396.1	ENSG00000304807.1	ENSG00000304807
ENST00000806397.1	ENSG00000304807.1	ENSG00000304807
ENST00000806398.1	ENSG00000304807.1	ENSG00000304807
ENST00000806400.1	ENSG00000304807.1	ENSG00000304807
ENST00000806401.1	ENSG00000304807.1	ENSG00000304807
ENST00000806402.1	ENSG00000304807.1	ENSG00000304807
ENST00000806403.1	ENSG00000304807.1	ENSG00000304807
ENST00000806404.1	ENSG00000304808.1	ENSG00000304808
ENST00000806420.1	ENSG00000304814.1	ENSG00000304814
ENST00000806428.1	ENSG00000304815.1	ENSG00000304815
ENST00000806457.1	ENSG00000304820.1	ENSG00000304820
ENST00000806508.1	ENSG00000304826.1	ENSG00000304826
ENST00000806606.1	ENSG00000304848.1	ENSG00000304848
ENST00000806607.1	ENSG00000304848.1	ENSG00000304848
ENST00000806608.1	ENSG00000304848.1	ENSG00000304848
ENST00000806655.1	ENSG00000304859.1	ENSG00000304859
ENST00000806718.1	ENSG00000304867.1	ENSG00000304867
ENST00000806771.1	ENSG00000304869.1	ENSG00000304869
ENST00000806772.1	ENSG00000304869.1	ENSG00000304869
ENST00000806773.1	ENSG00000304869.1	ENSG00000304869
ENST00000806810.1	ENSG00000304874.1	ENSG00000304874
ENST00000806811.1	ENSG00000304874.1	ENSG00000304874
ENST00000806812.1	ENSG00000304874.1	ENSG00000304874
ENST00000806813.1	ENSG00000304874.1	ENSG00000304874
ENST00000806857.1	ENSG00000304877.1	ENSG00000304877
ENST00000806858.1	ENSG00000304877.1	ENSG00000304877
ENST00000806859.1	ENSG00000304877.1	ENSG00000304877
ENST00000806860.1	ENSG00000304877.1	ENSG00000304877
ENST00000806888.1	ENSG00000304885.1	ENSG00000304885
ENST00000806889.1	ENSG00000304885.1	ENSG00000304885
ENST00000806985.1	ENSG00000304892.1	ENSG00000304892
ENST00000807022.1	ENSG00000304899.1	ENSG00000304899
ENST00000807023.1	ENSG00000304899.1	ENSG00000304899
ENST00000807133.1	ENSG00000304925.1	ENSG00000304925
ENST00000807309.1	ENSG00000304947.1	ENSG00000304947
ENST00000807410.1	ENSG00000304963.1	ENSG00000304963
ENST00000807450.1	ENSG00000304970.1	ENSG00000304970
ENST00000807451.1	ENSG00000304970.1	ENSG00000304970
ENST00000807514.1	ENSG00000304977.1	ENSG00000304977
ENST00000807542.1	ENSG00000304983.1	ENSG00000304983
ENST00000807543.1	ENSG00000304983.1	ENSG00000304983
ENST00000807565.1	ENSG00000304990.1	ENSG00000304990
ENST00000807586.1	ENSG00000304992.1	ENSG00000304992
ENST00000807587.1	ENSG00000304992.1	ENSG00000304992
ENST00000807588.1	ENSG00000304992.1	ENSG00000304992
ENST00000807589.1	ENSG00000304992.1	ENSG00000304992
ENST00000807612.1	ENSG00000305000.1	ENSG00000305000
ENST00000807613.1	ENSG00000305000.1	ENSG00000305000
ENST00000807627.1	ENSG00000305006.1	ENSG00000305006
ENST00000807775.1	ENSG00000305017.1	ENSG00000305017
ENST00000807789.1	ENSG00000305022.1	ENSG00000305022
ENST00000807790.1	ENSG00000305022.1	ENSG00000305022
ENST00000807791.1	ENSG00000305022.1	ENSG00000305022
ENST00000807792.1	ENSG00000305022.1	ENSG00000305022
ENST00000807793.1	ENSG00000305022.1	ENSG00000305022
ENST00000807794.1	ENSG00000305022.1	ENSG00000305022
ENST00000807795.1	ENSG00000305022.1	ENSG00000305022
ENST00000807796.1	ENSG00000305022.1	ENSG00000305022
ENST00000807855.1	ENSG00000305023.1	ENSG00000305023
ENST00000807867.1	ENSG00000305025.1	ENSG00000305025
ENST00000808003.1	ENSG00000305042.1	ENSG00000305042
ENST00000808104.1	ENSG00000305044.1	ENSG00000305044
ENST00000808105.1	ENSG00000305044.1	ENSG00000305044
ENST00000808218.1	ENSG00000305057.1	ENSG00000305057
ENST00000808219.1	ENSG00000305057.1	ENSG00000305057
ENST00000808387.1	ENSG00000305074.1	ENSG00000305074
ENST00000808401.1	ENSG00000305077.1	ENSG00000305077
ENST00000808402.1	ENSG00000305077.1	ENSG00000305077
ENST00000808403.1	ENSG00000305077.1	ENSG00000305077
ENST00000808404.1	ENSG00000305077.1	ENSG00000305077
ENST00000808408.1	ENSG00000305077.1	ENSG00000305077
ENST00000808409.1	ENSG00000305077.1	ENSG00000305077
ENST00000808414.1	ENSG00000305077.1	ENSG00000305077
ENST00000808415.1	ENSG00000305077.1	ENSG00000305077
ENST00000808417.1	ENSG00000305077.1	ENSG00000305077
ENST00000808418.1	ENSG00000305077.1	ENSG00000305077
ENST00000808419.1	ENSG00000305077.1	ENSG00000305077
ENST00000808421.1	ENSG00000305077.1	ENSG00000305077
ENST00000808447.1	ENSG00000305086.1	ENSG00000305086
ENST00000808448.1	ENSG00000305086.1	ENSG00000305086
ENST00000808450.1	ENSG00000305087.1	ENSG00000305087
ENST00000808497.1	ENSG00000305096.1	ENSG00000305096
ENST00000808498.1	ENSG00000305096.1	ENSG00000305096
ENST00000808499.1	ENSG00000305096.1	ENSG00000305096
ENST00000808743.1	ENSG00000305101.1	ENSG00000305101
ENST00000808744.1	ENSG00000305101.1	ENSG00000305101
ENST00000808745.1	ENSG00000305101.1	ENSG00000305101
ENST00000808908.1	ENSG00000305124.1	ENSG00000305124
ENST00000809024.1	ENSG00000305134.1	ENSG00000305134
ENST00000809025.1	ENSG00000305135.1	ENSG00000305135
ENST00000809034.1	ENSG00000305136.1	ENSG00000305136
ENST00000809035.1	ENSG00000305136.1	ENSG00000305136
ENST00000809047.1	ENSG00000305144.1	ENSG00000305144
ENST00000809060.1	ENSG00000305147.1	ENSG00000305147
ENST00000809066.1	ENSG00000305149.1	ENSG00000305149
ENST00000809087.1	ENSG00000305152.1	ENSG00000305152
ENST00000809113.1	ENSG00000305159.1	ENSG00000305159
ENST00000809335.1	ENSG00000305175.1	ENSG00000305175
ENST00000809506.1	ENSG00000305194.1	ENSG00000305194
ENST00000809509.1	ENSG00000305195.1	ENSG00000305195
ENST00000809622.1	ENSG00000305208.1	ENSG00000305208
ENST00000809654.1	ENSG00000305212.1	ENSG00000305212
ENST00000809663.1	ENSG00000305215.1	ENSG00000305215
ENST00000809664.1	ENSG00000305215.1	ENSG00000305215
ENST00000809665.1	ENSG00000305215.1	ENSG00000305215
ENST00000809693.1	ENSG00000305225.1	ENSG00000305225
ENST00000809705.1	ENSG00000305229.1	ENSG00000305229
ENST00000809706.1	ENSG00000305229.1	ENSG00000305229
ENST00000809763.1	ENSG00000305249.1	ENSG00000305249
ENST00000809861.1	ENSG00000305258.1	ENSG00000305258
ENST00000809911.1	ENSG00000305266.1	ENSG00000305266
ENST00000809925.1	ENSG00000305269.1	ENSG00000305269
ENST00000809926.1	ENSG00000305269.1	ENSG00000305269
ENST00000809927.1	ENSG00000305269.1	ENSG00000305269
ENST00000809928.1	ENSG00000305269.1	ENSG00000305269
ENST00000809930.1	ENSG00000305269.1	ENSG00000305269
ENST00000810037.1	ENSG00000305283.1	ENSG00000305283
ENST00000810038.1	ENSG00000305283.1	ENSG00000305283
ENST00000810039.1	ENSG00000305283.1	ENSG00000305283
ENST00000810040.1	ENSG00000305283.1	ENSG00000305283
ENST00000810047.1	ENSG00000305283.1	ENSG00000305283
ENST00000810052.1	ENSG00000305283.1	ENSG00000305283
ENST00000810053.1	ENSG00000305283.1	ENSG00000305283
ENST00000810055.1	ENSG00000305283.1	ENSG00000305283
ENST00000810058.1	ENSG00000305283.1	ENSG00000305283
ENST00000810115.1	ENSG00000305287.1	ENSG00000305287
ENST00000810116.1	ENSG00000305287.1	ENSG00000305287
ENST00000810357.1	ENSG00000305309.1	ENSG00000305309
ENST00000810384.1	ENSG00000305316.1	ENSG00000305316
ENST00000810493.1	ENSG00000305336.1	ENSG00000305336
ENST00000810549.1	ENSG00000305353.1	ENSG00000305353
ENST00000810551.1	ENSG00000305353.1	ENSG00000305353
ENST00000810552.1	ENSG00000305353.1	ENSG00000305353
ENST00000810553.1	ENSG00000305353.1	ENSG00000305353
ENST00000810554.1	ENSG00000305353.1	ENSG00000305353
ENST00000810555.1	ENSG00000305353.1	ENSG00000305353
ENST00000810556.1	ENSG00000305353.1	ENSG00000305353
ENST00000810635.1	ENSG00000305366.1	ENSG00000305366
ENST00000810658.1	ENSG00000305370.1	ENSG00000305370
ENST00000810787.1	ENSG00000305402.1	ENSG00000305402
ENST00000810800.1	ENSG00000305408.1	ENSG00000305408
ENST00000810801.1	ENSG00000305408.1	ENSG00000305408
ENST00000810802.1	ENSG00000305408.1	ENSG00000305408
ENST00000810809.1	ENSG00000305411.1	ENSG00000305411
ENST00000810810.1	ENSG00000305411.1	ENSG00000305411
ENST00000810837.1	ENSG00000305419.1	ENSG00000305419
ENST00000810838.1	ENSG00000305419.1	ENSG00000305419
ENST00000810839.1	ENSG00000305419.1	ENSG00000305419
ENST00000810840.1	ENSG00000305419.1	ENSG00000305419
ENST00000810841.1	ENSG00000305419.1	ENSG00000305419
ENST00000810866.1	ENSG00000305425.1	ENSG00000305425
ENST00000810868.1	ENSG00000305427.1	ENSG00000305427
ENST00000811000.1	ENSG00000305448.1	ENSG00000305448
ENST00000811207.1	ENSG00000305474.1	ENSG00000305474
ENST00000811208.1	ENSG00000305474.1	ENSG00000305474
ENST00000811209.1	ENSG00000305474.1	ENSG00000305474
ENST00000811210.1	ENSG00000305474.1	ENSG00000305474
ENST00000811211.1	ENSG00000305474.1	ENSG00000305474
ENST00000811212.1	ENSG00000305474.1	ENSG00000305474
ENST00000811213.1	ENSG00000305474.1	ENSG00000305474
ENST00000811214.1	ENSG00000305474.1	ENSG00000305474
ENST00000811215.1	ENSG00000305474.1	ENSG00000305474
ENST00000811216.1	ENSG00000305474.1	ENSG00000305474
ENST00000811217.1	ENSG00000305474.1	ENSG00000305474
ENST00000811218.1	ENSG00000305474.1	ENSG00000305474
ENST00000811219.1	ENSG00000305474.1	ENSG00000305474
ENST00000811220.1	ENSG00000305474.1	ENSG00000305474
ENST00000811221.1	ENSG00000305474.1	ENSG00000305474
ENST00000811222.1	ENSG00000305474.1	ENSG00000305474
ENST00000811267.1	ENSG00000305484.1	ENSG00000305484
ENST00000811269.1	ENSG00000305485.1	ENSG00000305485
ENST00000811277.1	ENSG00000305488.1	ENSG00000305488
ENST00000811278.1	ENSG00000305488.1	ENSG00000305488
ENST00000811319.1	ENSG00000305495.1	ENSG00000305495
ENST00000811320.1	ENSG00000305495.1	ENSG00000305495
ENST00000811321.1	ENSG00000305495.1	ENSG00000305495
ENST00000811322.1	ENSG00000305495.1	ENSG00000305495
ENST00000811327.1	ENSG00000305498.1	ENSG00000305498
ENST00000811399.1	ENSG00000305509.1	ENSG00000305509
ENST00000811400.1	ENSG00000305509.1	ENSG00000305509
ENST00000811402.1	ENSG00000305509.1	ENSG00000305509
ENST00000811403.1	ENSG00000305509.1	ENSG00000305509
ENST00000811404.1	ENSG00000305509.1	ENSG00000305509
ENST00000811405.1	ENSG00000305509.1	ENSG00000305509
ENST00000811406.1	ENSG00000305509.1	ENSG00000305509
ENST00000811407.1	ENSG00000305509.1	ENSG00000305509
ENST00000811408.1	ENSG00000305509.1	ENSG00000305509
ENST00000811409.1	ENSG00000305509.1	ENSG00000305509
ENST00000811410.1	ENSG00000305509.1	ENSG00000305509
ENST00000811414.1	ENSG00000305509.1	ENSG00000305509
ENST00000811442.1	ENSG00000305514.1	ENSG00000305514
ENST00000811505.1	ENSG00000305521.1	ENSG00000305521
ENST00000811506.1	ENSG00000305521.1	ENSG00000305521
ENST00000811507.1	ENSG00000305521.1	ENSG00000305521
ENST00000811508.1	ENSG00000305521.1	ENSG00000305521
ENST00000811510.1	ENSG00000305522.1	ENSG00000305522
ENST00000811523.1	ENSG00000305524.1	ENSG00000305524
ENST00000811580.1	ENSG00000305533.1	ENSG00000305533
ENST00000811581.1	ENSG00000305534.1	ENSG00000305534
ENST00000811582.1	ENSG00000305534.1	ENSG00000305534
ENST00000811616.1	ENSG00000305538.1	ENSG00000305538
ENST00000811617.1	ENSG00000305538.1	ENSG00000305538
ENST00000811618.1	ENSG00000305538.1	ENSG00000305538
ENST00000811631.1	ENSG00000305543.1	ENSG00000305543
ENST00000811632.1	ENSG00000305543.1	ENSG00000305543
ENST00000811633.1	ENSG00000305543.1	ENSG00000305543
ENST00000811642.1	ENSG00000305544.1	ENSG00000305544
ENST00000811649.1	ENSG00000305547.1	ENSG00000305547
ENST00000811666.1	ENSG00000305550.1	ENSG00000305550
ENST00000811685.1	ENSG00000305556.1	ENSG00000305556
ENST00000811701.1	ENSG00000305562.1	ENSG00000305562
ENST00000811740.1	ENSG00000305573.1	ENSG00000305573
ENST00000811751.1	ENSG00000305575.1	ENSG00000305575
ENST00000811752.1	ENSG00000305575.1	ENSG00000305575
ENST00000811753.1	ENSG00000305575.1	ENSG00000305575
ENST00000811754.1	ENSG00000305575.1	ENSG00000305575
ENST00000811767.1	ENSG00000305580.1	ENSG00000305580
ENST00000811776.1	ENSG00000305585.1	ENSG00000305585
ENST00000811777.1	ENSG00000305585.1	ENSG00000305585
ENST00000811881.1	ENSG00000305597.1	ENSG00000305597
ENST00000811909.1	ENSG00000305601.1	ENSG00000305601
ENST00000811917.1	ENSG00000305603.1	ENSG00000305603
ENST00000811918.1	ENSG00000305603.1	ENSG00000305603
ENST00000811919.1	ENSG00000305603.1	ENSG00000305603
ENST00000811952.1	ENSG00000305615.1	ENSG00000305615
ENST00000811953.1	ENSG00000305615.1	ENSG00000305615
ENST00000811954.1	ENSG00000305615.1	ENSG00000305615
ENST00000812032.1	ENSG00000305623.1	ENSG00000305623
ENST00000812033.1	ENSG00000305623.1	ENSG00000305623
ENST00000812053.1	ENSG00000305630.1	ENSG00000305630
ENST00000812085.1	ENSG00000305634.1	ENSG00000305634
ENST00000812086.1	ENSG00000305634.1	ENSG00000305634
ENST00000812087.1	ENSG00000305634.1	ENSG00000305634
ENST00000812094.1	ENSG00000305637.1	ENSG00000305637
ENST00000812169.1	ENSG00000305649.1	ENSG00000305649
ENST00000812170.1	ENSG00000305649.1	ENSG00000305649
ENST00000812171.1	ENSG00000305650.1	ENSG00000305650
ENST00000812223.1	ENSG00000305652.1	ENSG00000305652
ENST00000812313.1	ENSG00000305676.1	ENSG00000305676
ENST00000812397.1	ENSG00000305686.1	ENSG00000305686
ENST00000812517.1	ENSG00000305703.1	ENSG00000305703
ENST00000812522.1	ENSG00000305704.1	ENSG00000305704
ENST00000812586.1	ENSG00000305716.1	ENSG00000305716
ENST00000812697.1	ENSG00000305740.1	ENSG00000305740
ENST00000812750.1	ENSG00000305745.1	ENSG00000305745
ENST00000812810.1	ENSG00000305755.1	ENSG00000305755
ENST00000812811.1	ENSG00000305756.1	ENSG00000305756
ENST00000812812.1	ENSG00000305757.1	ENSG00000305757
ENST00000812816.1	ENSG00000305759.1	ENSG00000305759
ENST00000812975.1	ENSG00000305793.1	ENSG00000305793
ENST00000813014.1	ENSG00000305800.1	ENSG00000305800
ENST00000813015.1	ENSG00000305800.1	ENSG00000305800
ENST00000813018.1	ENSG00000305802.1	ENSG00000305802
ENST00000813019.1	ENSG00000305802.1	ENSG00000305802
ENST00000813020.1	ENSG00000305802.1	ENSG00000305802
ENST00000813145.1	ENSG00000305817.1	ENSG00000305817
ENST00000813146.1	ENSG00000305817.1	ENSG00000305817
ENST00000813150.1	ENSG00000305821.1	ENSG00000305821
ENST00000813151.1	ENSG00000305821.1	ENSG00000305821
ENST00000813153.1	ENSG00000305821.1	ENSG00000305821
ENST00000813169.1	ENSG00000305825.1	ENSG00000305825
ENST00000813170.1	ENSG00000305825.1	ENSG00000305825
ENST00000813171.1	ENSG00000305825.1	ENSG00000305825
ENST00000813173.1	ENSG00000305826.1	ENSG00000305826
ENST00000813177.1	ENSG00000305828.1	ENSG00000305828
ENST00000813178.1	ENSG00000305828.1	ENSG00000305828
ENST00000813179.1	ENSG00000305828.1	ENSG00000305828
ENST00000813180.1	ENSG00000305828.1	ENSG00000305828
ENST00000813181.1	ENSG00000305828.1	ENSG00000305828
ENST00000813182.1	ENSG00000305828.1	ENSG00000305828
ENST00000813274.1	ENSG00000305840.1	ENSG00000305840
ENST00000813366.1	ENSG00000305846.1	ENSG00000305846
ENST00000813367.1	ENSG00000305846.1	ENSG00000305846
ENST00000813530.1	ENSG00000305859.1	ENSG00000305859
ENST00000813552.1	ENSG00000305863.1	ENSG00000305863
ENST00000813699.1	ENSG00000305882.1	ENSG00000305882
ENST00000813710.1	ENSG00000305883.1	ENSG00000305883
ENST00000813739.1	ENSG00000305886.1	ENSG00000305886
ENST00000813742.1	ENSG00000305887.1	ENSG00000305887
ENST00000813749.1	ENSG00000305887.1	ENSG00000305887
ENST00000813750.1	ENSG00000305887.1	ENSG00000305887
ENST00000813751.1	ENSG00000305887.1	ENSG00000305887
ENST00000813752.1	ENSG00000305887.1	ENSG00000305887
ENST00000813755.1	ENSG00000305887.1	ENSG00000305887
ENST00000813757.1	ENSG00000305887.1	ENSG00000305887
ENST00000813759.1	ENSG00000305887.1	ENSG00000305887
ENST00000813760.1	ENSG00000305887.1	ENSG00000305887
ENST00000813762.1	ENSG00000305887.1	ENSG00000305887
ENST00000813763.1	ENSG00000305887.1	ENSG00000305887
ENST00000813764.1	ENSG00000305887.1	ENSG00000305887
ENST00000813765.1	ENSG00000305887.1	ENSG00000305887
ENST00000813766.1	ENSG00000305887.1	ENSG00000305887
ENST00000813767.1	ENSG00000305887.1	ENSG00000305887
ENST00000813829.1	ENSG00000305893.1	ENSG00000305893
ENST00000813830.1	ENSG00000305893.1	ENSG00000305893
ENST00000813831.1	ENSG00000305893.1	ENSG00000305893
ENST00000813832.1	ENSG00000305893.1	ENSG00000305893
ENST00000813833.1	ENSG00000305893.1	ENSG00000305893
ENST00000813834.1	ENSG00000305893.1	ENSG00000305893
ENST00000813835.1	ENSG00000305893.1	ENSG00000305893
ENST00000813836.1	ENSG00000305893.1	ENSG00000305893
ENST00000813837.1	ENSG00000305893.1	ENSG00000305893
ENST00000813838.1	ENSG00000305893.1	ENSG00000305893
ENST00000813839.1	ENSG00000305893.1	ENSG00000305893
ENST00000813840.1	ENSG00000305893.1	ENSG00000305893
ENST00000813841.1	ENSG00000305893.1	ENSG00000305893
ENST00000813853.1	ENSG00000305899.1	ENSG00000305899
ENST00000813858.1	ENSG00000305901.1	ENSG00000305901
ENST00000813859.1	ENSG00000305901.1	ENSG00000305901
ENST00000814154.1	ENSG00000305927.1	ENSG00000305927
ENST00000814202.1	ENSG00000305937.1	ENSG00000305937
ENST00000814282.1	ENSG00000305942.1	ENSG00000305942
ENST00000814283.1	ENSG00000305943.1	ENSG00000305943
ENST00000814298.1	ENSG00000305948.1	ENSG00000305948
ENST00000814335.1	ENSG00000305957.1	ENSG00000305957
ENST00000814437.1	ENSG00000305969.1	ENSG00000305969
ENST00000814438.1	ENSG00000305969.1	ENSG00000305969
ENST00000814451.1	ENSG00000305971.1	ENSG00000305971
ENST00000814560.1	ENSG00000305976.1	ENSG00000305976
ENST00000814598.1	ENSG00000305986.1	ENSG00000305986
ENST00000814599.1	ENSG00000305987.1	ENSG00000305987
ENST00000814654.1	ENSG00000305998.1	ENSG00000305998
ENST00000814655.1	ENSG00000305998.1	ENSG00000305998
ENST00000814688.1	ENSG00000306003.1	ENSG00000306003
ENST00000814689.1	ENSG00000306003.1	ENSG00000306003
ENST00000814690.1	ENSG00000306003.1	ENSG00000306003
ENST00000814691.1	ENSG00000306003.1	ENSG00000306003
ENST00000814701.1	ENSG00000306010.1	ENSG00000306010
ENST00000814702.1	ENSG00000306010.1	ENSG00000306010
ENST00000814711.1	ENSG00000306011.1	ENSG00000306011
ENST00000814712.1	ENSG00000306011.1	ENSG00000306011
ENST00000814763.1	ENSG00000306020.1	ENSG00000306020
ENST00000814764.1	ENSG00000306020.1	ENSG00000306020
ENST00000814765.1	ENSG00000306020.1	ENSG00000306020
ENST00000814891.1	ENSG00000306034.1	ENSG00000306034
ENST00000814892.1	ENSG00000306034.1	ENSG00000306034
ENST00000814924.1	ENSG00000306042.1	ENSG00000306042
ENST00000814925.1	ENSG00000306042.1	ENSG00000306042
ENST00000814926.1	ENSG00000306042.1	ENSG00000306042
ENST00000814927.1	ENSG00000306042.1	ENSG00000306042
ENST00000814935.1	ENSG00000306044.1	ENSG00000306044
ENST00000814936.1	ENSG00000306044.1	ENSG00000306044
ENST00000814937.1	ENSG00000306044.1	ENSG00000306044
ENST00000814938.1	ENSG00000306045.1	ENSG00000306045
ENST00000814960.1	ENSG00000306047.1	ENSG00000306047
ENST00000815005.1	ENSG00000306060.1	ENSG00000306060
ENST00000815007.1	ENSG00000306062.1	ENSG00000306062
ENST00000815080.1	ENSG00000306068.1	ENSG00000306068
ENST00000815081.1	ENSG00000306069.1	ENSG00000306069
ENST00000815082.1	ENSG00000306069.1	ENSG00000306069
ENST00000815083.1	ENSG00000306070.1	ENSG00000306070
ENST00000815110.1	ENSG00000306076.1	ENSG00000306076
ENST00000815111.1	ENSG00000306076.1	ENSG00000306076
ENST00000815112.1	ENSG00000306076.1	ENSG00000306076
ENST00000815156.1	ENSG00000306085.1	ENSG00000306085
ENST00000815157.1	ENSG00000306085.1	ENSG00000306085
ENST00000815299.1	ENSG00000306095.1	ENSG00000306095
ENST00000815300.1	ENSG00000306095.1	ENSG00000306095
ENST00000815301.1	ENSG00000306095.1	ENSG00000306095
ENST00000815302.1	ENSG00000306095.1	ENSG00000306095
ENST00000815312.1	ENSG00000306098.1	ENSG00000306098
ENST00000815336.1	ENSG00000306103.1	ENSG00000306103
ENST00000815337.1	ENSG00000306103.1	ENSG00000306103
ENST00000815340.1	ENSG00000306104.1	ENSG00000306104
ENST00000815341.1	ENSG00000306104.1	ENSG00000306104
ENST00000815373.1	ENSG00000306109.1	ENSG00000306109
ENST00000815404.1	ENSG00000306116.1	ENSG00000306116
ENST00000815405.1	ENSG00000306116.1	ENSG00000306116
ENST00000815406.1	ENSG00000306117.1	ENSG00000306117
ENST00000815407.1	ENSG00000306117.1	ENSG00000306117
ENST00000815408.1	ENSG00000306117.1	ENSG00000306117
ENST00000815417.1	ENSG00000306121.1	ENSG00000306121
ENST00000815434.1	ENSG00000306123.1	ENSG00000306123
ENST00000815555.1	ENSG00000306131.1	ENSG00000306131
ENST00000815572.1	ENSG00000306135.1	ENSG00000306135
ENST00000815599.1	ENSG00000306140.1	ENSG00000306140
ENST00000816023.1	ENSG00000306174.1	ENSG00000306174
ENST00000816327.1	ENSG00000306223.1	ENSG00000306223
ENST00000816330.1	ENSG00000306223.1	ENSG00000306223
ENST00000816331.1	ENSG00000306223.1	ENSG00000306223
ENST00000816332.1	ENSG00000306223.1	ENSG00000306223
ENST00000816333.1	ENSG00000306223.1	ENSG00000306223
ENST00000816334.1	ENSG00000306223.1	ENSG00000306223
ENST00000816335.1	ENSG00000306223.1	ENSG00000306223
ENST00000816336.1	ENSG00000306223.1	ENSG00000306223
ENST00000816337.1	ENSG00000306223.1	ENSG00000306223
ENST00000816338.1	ENSG00000306223.1	ENSG00000306223
ENST00000816339.1	ENSG00000306223.1	ENSG00000306223
ENST00000816340.1	ENSG00000306223.1	ENSG00000306223
ENST00000816341.1	ENSG00000306224.1	ENSG00000306224
ENST00000816342.1	ENSG00000306224.1	ENSG00000306224
ENST00000816374.1	ENSG00000306226.1	ENSG00000306226
ENST00000816376.1	ENSG00000306227.1	ENSG00000306227
ENST00000816377.1	ENSG00000306227.1	ENSG00000306227
ENST00000816378.1	ENSG00000306228.1	ENSG00000306228
ENST00000816389.1	ENSG00000306236.1	ENSG00000306236
ENST00000816417.1	ENSG00000306242.1	ENSG00000306242
ENST00000816597.1	ENSG00000306268.1	ENSG00000306268
ENST00000816792.1	ENSG00000306288.1	ENSG00000306288
ENST00000816806.1	ENSG00000306293.1	ENSG00000306293
ENST00000816808.1	ENSG00000306295.1	ENSG00000306295
ENST00000816809.1	ENSG00000306296.1	ENSG00000306296
ENST00000816810.1	ENSG00000306296.1	ENSG00000306296
ENST00000816909.1	ENSG00000306311.1	ENSG00000306311
ENST00000816912.1	ENSG00000306311.1	ENSG00000306311
ENST00000817029.1	ENSG00000306340.1	ENSG00000306340
ENST00000817222.1	ENSG00000306362.1	ENSG00000306362
ENST00000817223.1	ENSG00000306362.1	ENSG00000306362
ENST00000817245.1	ENSG00000306364.1	ENSG00000306364
ENST00000817265.1	ENSG00000306368.1	ENSG00000306368
ENST00000817540.1	ENSG00000306384.1	ENSG00000306384
ENST00000817541.1	ENSG00000306384.1	ENSG00000306384
ENST00000817543.1	ENSG00000306384.1	ENSG00000306384
ENST00000817544.1	ENSG00000306384.1	ENSG00000306384
ENST00000817545.1	ENSG00000306384.1	ENSG00000306384
ENST00000817546.1	ENSG00000306384.1	ENSG00000306384
ENST00000817547.1	ENSG00000306384.1	ENSG00000306384
ENST00000817548.1	ENSG00000306384.1	ENSG00000306384
ENST00000818265.1	ENSG00000306419.1	ENSG00000306419
ENST00000818459.1	ENSG00000306431.1	ENSG00000306431
ENST00000818460.1	ENSG00000306431.1	ENSG00000306431
ENST00000818535.1	ENSG00000306440.1	ENSG00000306440
ENST00000818577.1	ENSG00000306448.1	ENSG00000306448
ENST00000818628.1	ENSG00000306456.1	ENSG00000306456
ENST00000818643.1	ENSG00000306461.1	ENSG00000306461
ENST00000818652.1	ENSG00000306461.1	ENSG00000306461
ENST00000818653.1	ENSG00000306461.1	ENSG00000306461
ENST00000818654.1	ENSG00000306461.1	ENSG00000306461
ENST00000818683.1	ENSG00000306461.1	ENSG00000306461
ENST00000818717.1	ENSG00000306461.1	ENSG00000306461
ENST00000818722.1	ENSG00000306461.1	ENSG00000306461
ENST00000818723.1	ENSG00000306461.1	ENSG00000306461
ENST00000818724.1	ENSG00000306461.1	ENSG00000306461
ENST00000818725.1	ENSG00000306461.1	ENSG00000306461
ENST00000818726.1	ENSG00000306461.1	ENSG00000306461
ENST00000818727.1	ENSG00000306461.1	ENSG00000306461
ENST00000818731.1	ENSG00000306462.1	ENSG00000306462
ENST00000818732.1	ENSG00000306462.1	ENSG00000306462
ENST00000818733.1	ENSG00000306462.1	ENSG00000306462
ENST00000818790.1	ENSG00000306466.1	ENSG00000306466
ENST00000818791.1	ENSG00000306467.1	ENSG00000306467
ENST00000818792.1	ENSG00000306468.1	ENSG00000306468
ENST00000818793.1	ENSG00000306468.1	ENSG00000306468
ENST00000818794.1	ENSG00000306468.1	ENSG00000306468
ENST00000818795.1	ENSG00000306468.1	ENSG00000306468
ENST00000818796.1	ENSG00000306468.1	ENSG00000306468
ENST00000818797.1	ENSG00000306468.1	ENSG00000306468
ENST00000818798.1	ENSG00000306468.1	ENSG00000306468
ENST00000818799.1	ENSG00000306468.1	ENSG00000306468
ENST00000818800.1	ENSG00000306468.1	ENSG00000306468
ENST00000818801.1	ENSG00000306468.1	ENSG00000306468
ENST00000818815.1	ENSG00000306473.1	ENSG00000306473
ENST00000818892.1	ENSG00000306475.1	ENSG00000306475
ENST00000819122.1	ENSG00000306497.1	ENSG00000306497
ENST00000819167.1	ENSG00000306510.1	ENSG00000306510
ENST00000819206.1	ENSG00000306518.1	ENSG00000306518
ENST00000819209.1	ENSG00000306520.1	ENSG00000306520
ENST00000819223.1	ENSG00000306525.1	ENSG00000306525
ENST00000819301.1	ENSG00000306543.1	ENSG00000306543
ENST00000819308.1	ENSG00000306549.1	ENSG00000306549
ENST00000819404.1	ENSG00000306567.1	ENSG00000306567
ENST00000819405.1	ENSG00000306567.1	ENSG00000306567
ENST00000819442.1	ENSG00000306574.1	ENSG00000306574
ENST00000819443.1	ENSG00000306574.1	ENSG00000306574
ENST00000819445.1	ENSG00000306574.1	ENSG00000306574
ENST00000819447.1	ENSG00000306574.1	ENSG00000306574
ENST00000819448.1	ENSG00000306574.1	ENSG00000306574
ENST00000819473.1	ENSG00000306578.1	ENSG00000306578
ENST00000819515.1	ENSG00000306585.1	ENSG00000306585
ENST00000819617.1	ENSG00000306601.1	ENSG00000306601
ENST00000819692.1	ENSG00000306609.1	ENSG00000306609
ENST00000819693.1	ENSG00000306609.1	ENSG00000306609
ENST00000819762.1	ENSG00000306613.1	ENSG00000306613
ENST00000819783.1	ENSG00000306624.1	ENSG00000306624
ENST00000819946.1	ENSG00000306648.1	ENSG00000306648
ENST00000819947.1	ENSG00000306648.1	ENSG00000306648
ENST00000819949.1	ENSG00000306650.1	ENSG00000306650
ENST00000819950.1	ENSG00000306650.1	ENSG00000306650
ENST00000819951.1	ENSG00000306650.1	ENSG00000306650
ENST00000819952.1	ENSG00000306650.1	ENSG00000306650
ENST00000819953.1	ENSG00000306650.1	ENSG00000306650
ENST00000819954.1	ENSG00000306650.1	ENSG00000306650
ENST00000819955.1	ENSG00000306650.1	ENSG00000306650
ENST00000820057.1	ENSG00000306675.1	ENSG00000306675
ENST00000820058.1	ENSG00000306675.1	ENSG00000306675
ENST00000820079.1	ENSG00000306677.1	ENSG00000306677
ENST00000820080.1	ENSG00000306677.1	ENSG00000306677
ENST00000820081.1	ENSG00000306677.1	ENSG00000306677
ENST00000820236.1	ENSG00000306684.1	ENSG00000306684
ENST00000820237.1	ENSG00000306684.1	ENSG00000306684
ENST00000820243.1	ENSG00000306690.1	ENSG00000306690
ENST00000820341.1	ENSG00000306711.1	ENSG00000306711
ENST00000820376.1	ENSG00000306717.1	ENSG00000306717
ENST00000820475.1	ENSG00000306725.1	ENSG00000306725
ENST00000820538.1	ENSG00000306729.1	ENSG00000306729
ENST00000820569.1	ENSG00000306736.1	ENSG00000306736
ENST00000820570.1	ENSG00000306736.1	ENSG00000306736
ENST00000820571.1	ENSG00000306736.1	ENSG00000306736
ENST00000820634.1	ENSG00000306741.1	ENSG00000306741
ENST00000820826.1	ENSG00000306756.1	ENSG00000306756
ENST00000820827.1	ENSG00000306756.1	ENSG00000306756
ENST00000820828.1	ENSG00000306756.1	ENSG00000306756
ENST00000820831.1	ENSG00000306758.1	ENSG00000306758
ENST00000820898.1	ENSG00000306770.1	ENSG00000306770
ENST00000820914.1	ENSG00000306772.1	ENSG00000306772
ENST00000821082.1	ENSG00000306779.1	ENSG00000306779
ENST00000821083.1	ENSG00000306779.1	ENSG00000306779
ENST00000821084.1	ENSG00000306779.1	ENSG00000306779
ENST00000821095.1	ENSG00000306782.1	ENSG00000306782
ENST00000821159.1	ENSG00000306792.1	ENSG00000306792
ENST00000821208.1	ENSG00000306805.1	ENSG00000306805
ENST00000821263.1	ENSG00000306811.1	ENSG00000306811
ENST00000821338.1	ENSG00000306825.1	ENSG00000306825
ENST00000821460.1	ENSG00000306831.1	ENSG00000306831
ENST00000821461.1	ENSG00000306831.1	ENSG00000306831
ENST00000821462.1	ENSG00000306832.1	ENSG00000306832
ENST00000821463.1	ENSG00000306832.1	ENSG00000306832
ENST00000821464.1	ENSG00000306832.1	ENSG00000306832
ENST00000821467.1	ENSG00000306834.1	ENSG00000306834
ENST00000821515.1	ENSG00000306841.1	ENSG00000306841
ENST00000821519.1	ENSG00000306841.1	ENSG00000306841
ENST00000821523.1	ENSG00000306841.1	ENSG00000306841
ENST00000821524.1	ENSG00000306841.1	ENSG00000306841
ENST00000821525.1	ENSG00000306841.1	ENSG00000306841
ENST00000821526.1	ENSG00000306841.1	ENSG00000306841
ENST00000821527.1	ENSG00000306841.1	ENSG00000306841
ENST00000821529.1	ENSG00000306841.1	ENSG00000306841
ENST00000821530.1	ENSG00000306841.1	ENSG00000306841
ENST00000821531.1	ENSG00000306841.1	ENSG00000306841
ENST00000821532.1	ENSG00000306841.1	ENSG00000306841
ENST00000821533.1	ENSG00000306841.1	ENSG00000306841
ENST00000821538.1	ENSG00000306845.1	ENSG00000306845
ENST00000821636.1	ENSG00000306867.1	ENSG00000306867
ENST00000821738.1	ENSG00000306872.1	ENSG00000306872
ENST00000821740.1	ENSG00000306873.1	ENSG00000306873
ENST00000821789.1	ENSG00000306885.1	ENSG00000306885
ENST00000821790.1	ENSG00000306885.1	ENSG00000306885
ENST00000821791.1	ENSG00000306885.1	ENSG00000306885
ENST00000821792.1	ENSG00000306885.1	ENSG00000306885
ENST00000821793.1	ENSG00000306885.1	ENSG00000306885
ENST00000821794.1	ENSG00000306885.1	ENSG00000306885
ENST00000821796.1	ENSG00000306885.1	ENSG00000306885
ENST00000821797.1	ENSG00000306885.1	ENSG00000306885
ENST00000821798.1	ENSG00000306885.1	ENSG00000306885
ENST00000821799.1	ENSG00000306885.1	ENSG00000306885
ENST00000821800.1	ENSG00000306885.1	ENSG00000306885
ENST00000821801.1	ENSG00000306885.1	ENSG00000306885
ENST00000821802.1	ENSG00000306885.1	ENSG00000306885
ENST00000821857.1	ENSG00000306894.1	ENSG00000306894
ENST00000821864.1	ENSG00000306896.1	ENSG00000306896
ENST00000821879.1	ENSG00000306899.1	ENSG00000306899
ENST00000821880.1	ENSG00000306899.1	ENSG00000306899
ENST00000821881.1	ENSG00000306899.1	ENSG00000306899
ENST00000821882.1	ENSG00000306899.1	ENSG00000306899
ENST00000821895.1	ENSG00000306903.1	ENSG00000306903
ENST00000821972.1	ENSG00000306915.1	ENSG00000306915
ENST00000821973.1	ENSG00000306915.1	ENSG00000306915
ENST00000822050.1	ENSG00000306928.1	ENSG00000306928
ENST00000822108.1	ENSG00000306940.1	ENSG00000306940
ENST00000822109.1	ENSG00000306940.1	ENSG00000306940
ENST00000822119.1	ENSG00000306945.1	ENSG00000306945
ENST00000822120.1	ENSG00000306945.1	ENSG00000306945
ENST00000822122.1	ENSG00000306947.1	ENSG00000306947
ENST00000822123.1	ENSG00000306947.1	ENSG00000306947
ENST00000822158.1	ENSG00000306952.1	ENSG00000306952
ENST00000822363.1	ENSG00000306977.1	ENSG00000306977
ENST00000822365.1	ENSG00000306977.1	ENSG00000306977
ENST00000822366.1	ENSG00000306977.1	ENSG00000306977
ENST00000822406.1	ENSG00000306983.1	ENSG00000306983
ENST00000822407.1	ENSG00000306983.1	ENSG00000306983
ENST00000822410.1	ENSG00000306984.1	ENSG00000306984
ENST00000822416.1	ENSG00000306987.1	ENSG00000306987
ENST00000822557.1	ENSG00000307005.1	ENSG00000307005
ENST00000823037.1	ENSG00000307038.1	ENSG00000307038
ENST00000823039.1	ENSG00000307038.1	ENSG00000307038
ENST00000823041.1	ENSG00000307038.1	ENSG00000307038
ENST00000823042.1	ENSG00000307038.1	ENSG00000307038
ENST00000823044.1	ENSG00000307038.1	ENSG00000307038
ENST00000823047.1	ENSG00000307038.1	ENSG00000307038
ENST00000823048.1	ENSG00000307038.1	ENSG00000307038
ENST00000823169.1	ENSG00000307056.1	ENSG00000307056
ENST00000823275.1	ENSG00000307071.1	ENSG00000307071
ENST00000823296.1	ENSG00000307074.1	ENSG00000307074
ENST00000823297.1	ENSG00000307075.1	ENSG00000307075
ENST00000823298.1	ENSG00000307075.1	ENSG00000307075
ENST00000823299.1	ENSG00000307075.1	ENSG00000307075
ENST00000823406.1	ENSG00000307083.1	ENSG00000307083
ENST00000823557.1	ENSG00000307086.1	ENSG00000307086
ENST00000823811.1	ENSG00000307089.1	ENSG00000307089
ENST00000823813.1	ENSG00000307089.1	ENSG00000307089
ENST00000823828.1	ENSG00000307093.1	ENSG00000307093
ENST00000823829.1	ENSG00000307094.1	ENSG00000307094
ENST00000823848.1	ENSG00000307097.1	ENSG00000307097
ENST00000823867.1	ENSG00000307099.1	ENSG00000307099
ENST00000823888.1	ENSG00000307104.1	ENSG00000307104
ENST00000823902.1	ENSG00000307107.1	ENSG00000307107
ENST00000823934.1	ENSG00000307108.1	ENSG00000307108
ENST00000823955.1	ENSG00000307113.1	ENSG00000307113
ENST00000824031.1	ENSG00000307131.1	ENSG00000307131
ENST00000824032.1	ENSG00000307131.1	ENSG00000307131
ENST00000824033.1	ENSG00000307131.1	ENSG00000307131
ENST00000824034.1	ENSG00000307131.1	ENSG00000307131
ENST00000824135.1	ENSG00000307137.1	ENSG00000307137
ENST00000824136.1	ENSG00000307137.1	ENSG00000307137
ENST00000824137.1	ENSG00000307137.1	ENSG00000307137
ENST00000824138.1	ENSG00000307137.1	ENSG00000307137
ENST00000824139.1	ENSG00000307137.1	ENSG00000307137
ENST00000824140.1	ENSG00000307137.1	ENSG00000307137
ENST00000824141.1	ENSG00000307137.1	ENSG00000307137
ENST00000824142.1	ENSG00000307137.1	ENSG00000307137
ENST00000824143.1	ENSG00000307137.1	ENSG00000307137
ENST00000824144.1	ENSG00000307137.1	ENSG00000307137
ENST00000824145.1	ENSG00000307137.1	ENSG00000307137
ENST00000824146.1	ENSG00000307137.1	ENSG00000307137
ENST00000824147.1	ENSG00000307137.1	ENSG00000307137
ENST00000824148.1	ENSG00000307137.1	ENSG00000307137
ENST00000824149.1	ENSG00000307137.1	ENSG00000307137
ENST00000824150.1	ENSG00000307137.1	ENSG00000307137
ENST00000824151.1	ENSG00000307137.1	ENSG00000307137
ENST00000824152.1	ENSG00000307137.1	ENSG00000307137
ENST00000824153.1	ENSG00000307137.1	ENSG00000307137
ENST00000824154.1	ENSG00000307137.1	ENSG00000307137
ENST00000824155.1	ENSG00000307137.1	ENSG00000307137
ENST00000824156.1	ENSG00000307137.1	ENSG00000307137
ENST00000824157.1	ENSG00000307137.1	ENSG00000307137
ENST00000824158.1	ENSG00000307137.1	ENSG00000307137
ENST00000824159.1	ENSG00000307137.1	ENSG00000307137
ENST00000824160.1	ENSG00000307137.1	ENSG00000307137
ENST00000824161.1	ENSG00000307137.1	ENSG00000307137
ENST00000824162.1	ENSG00000307137.1	ENSG00000307137
ENST00000824163.1	ENSG00000307137.1	ENSG00000307137
ENST00000824164.1	ENSG00000307137.1	ENSG00000307137
ENST00000824264.1	ENSG00000307149.1	ENSG00000307149
ENST00000824316.1	ENSG00000307154.1	ENSG00000307154
ENST00000824317.1	ENSG00000307154.1	ENSG00000307154
ENST00000824318.1	ENSG00000307154.1	ENSG00000307154
ENST00000824319.1	ENSG00000307154.1	ENSG00000307154
ENST00000824320.1	ENSG00000307154.1	ENSG00000307154
ENST00000824321.1	ENSG00000307154.1	ENSG00000307154
ENST00000824322.1	ENSG00000307154.1	ENSG00000307154
ENST00000824327.1	ENSG00000307157.1	ENSG00000307157
ENST00000824328.1	ENSG00000307157.1	ENSG00000307157
ENST00000824329.1	ENSG00000307158.1	ENSG00000307158
ENST00000824432.1	ENSG00000307187.1	ENSG00000307187
ENST00000824433.1	ENSG00000307187.1	ENSG00000307187
ENST00000824434.1	ENSG00000307187.1	ENSG00000307187
ENST00000824435.1	ENSG00000307187.1	ENSG00000307187
ENST00000824436.1	ENSG00000307187.1	ENSG00000307187
ENST00000824437.1	ENSG00000307187.1	ENSG00000307187
ENST00000824438.1	ENSG00000307187.1	ENSG00000307187
ENST00000824439.1	ENSG00000307187.1	ENSG00000307187
ENST00000824504.1	ENSG00000307199.1	ENSG00000307199
ENST00000824602.1	ENSG00000307218.1	ENSG00000307218
ENST00000824604.1	ENSG00000307220.1	ENSG00000307220
ENST00000824610.1	ENSG00000307222.1	ENSG00000307222
ENST00000824612.1	ENSG00000307222.1	ENSG00000307222
ENST00000824613.1	ENSG00000307222.1	ENSG00000307222
ENST00000824666.1	ENSG00000307236.1	ENSG00000307236
ENST00000824667.1	ENSG00000307237.1	ENSG00000307237
ENST00000824675.1	ENSG00000307240.1	ENSG00000307240
ENST00000824695.1	ENSG00000307241.1	ENSG00000307241
ENST00000824723.1	ENSG00000307248.1	ENSG00000307248
ENST00000824747.1	ENSG00000307251.1	ENSG00000307251
ENST00000824811.1	ENSG00000307262.1	ENSG00000307262
ENST00000824813.1	ENSG00000307264.1	ENSG00000307264
ENST00000824943.1	ENSG00000307288.1	ENSG00000307288
ENST00000825040.1	ENSG00000307314.1	ENSG00000307314
ENST00000825041.1	ENSG00000307314.1	ENSG00000307314
ENST00000825044.1	ENSG00000307316.1	ENSG00000307316
ENST00000825045.1	ENSG00000307316.1	ENSG00000307316
ENST00000825046.1	ENSG00000307317.1	ENSG00000307317
ENST00000825047.1	ENSG00000307318.1	ENSG00000307318
ENST00000825072.1	ENSG00000307325.1	ENSG00000307325
ENST00000825073.1	ENSG00000307325.1	ENSG00000307325
ENST00000825075.1	ENSG00000307325.1	ENSG00000307325
ENST00000825076.1	ENSG00000307325.1	ENSG00000307325
ENST00000825077.1	ENSG00000307325.1	ENSG00000307325
ENST00000825116.1	ENSG00000307331.1	ENSG00000307331
ENST00000825117.1	ENSG00000307331.1	ENSG00000307331
ENST00000825119.1	ENSG00000307331.1	ENSG00000307331
ENST00000825160.1	ENSG00000307336.1	ENSG00000307336
ENST00000825161.1	ENSG00000307336.1	ENSG00000307336
ENST00000825371.1	ENSG00000307356.1	ENSG00000307356
ENST00000825501.1	ENSG00000307378.1	ENSG00000307378
ENST00000825502.1	ENSG00000307378.1	ENSG00000307378
ENST00000825563.1	ENSG00000307381.1	ENSG00000307381
ENST00000825607.1	ENSG00000307391.1	ENSG00000307391
ENST00000825684.1	ENSG00000307396.1	ENSG00000307396
ENST00000825741.1	ENSG00000307406.1	ENSG00000307406
ENST00000825742.1	ENSG00000307406.1	ENSG00000307406
ENST00000825743.1	ENSG00000307407.1	ENSG00000307407
ENST00000825744.1	ENSG00000307407.1	ENSG00000307407
ENST00000825745.1	ENSG00000307407.1	ENSG00000307407
ENST00000825746.1	ENSG00000307407.1	ENSG00000307407
ENST00000825747.1	ENSG00000307407.1	ENSG00000307407
ENST00000825748.1	ENSG00000307408.1	ENSG00000307408
ENST00000825749.1	ENSG00000307408.1	ENSG00000307408
ENST00000825761.1	ENSG00000307410.1	ENSG00000307410
ENST00000825767.1	ENSG00000307411.1	ENSG00000307411
ENST00000826128.1	ENSG00000307413.1	ENSG00000307413
ENST00000826141.1	ENSG00000307415.1	ENSG00000307415
ENST00000826186.1	ENSG00000307419.1	ENSG00000307419
ENST00000826194.1	ENSG00000307420.1	ENSG00000307420
ENST00000826235.1	ENSG00000307428.1	ENSG00000307428
ENST00000826241.1	ENSG00000307431.1	ENSG00000307431
ENST00000826242.1	ENSG00000307431.1	ENSG00000307431
ENST00000826243.1	ENSG00000307431.1	ENSG00000307431
ENST00000826312.1	ENSG00000307440.1	ENSG00000307440
ENST00000826328.1	ENSG00000307444.1	ENSG00000307444
ENST00000826329.1	ENSG00000307444.1	ENSG00000307444
ENST00000826330.1	ENSG00000307444.1	ENSG00000307444
ENST00000826331.1	ENSG00000307444.1	ENSG00000307444
ENST00000826332.1	ENSG00000307444.1	ENSG00000307444
ENST00000826335.1	ENSG00000307444.1	ENSG00000307444
ENST00000826337.1	ENSG00000307444.1	ENSG00000307444
ENST00000826338.1	ENSG00000307444.1	ENSG00000307444
ENST00000826418.1	ENSG00000307458.1	ENSG00000307458
ENST00000826576.1	ENSG00000307490.1	ENSG00000307490
ENST00000826604.1	ENSG00000307499.1	ENSG00000307499
ENST00000826655.1	ENSG00000307510.1	ENSG00000307510
ENST00000826656.1	ENSG00000307510.1	ENSG00000307510
ENST00000826657.1	ENSG00000307510.1	ENSG00000307510
ENST00000826658.1	ENSG00000307510.1	ENSG00000307510
ENST00000826680.1	ENSG00000307517.1	ENSG00000307517
ENST00000826972.1	ENSG00000307540.1	ENSG00000307540
ENST00000826973.1	ENSG00000307540.1	ENSG00000307540
ENST00000826999.1	ENSG00000307547.1	ENSG00000307547
ENST00000827161.1	ENSG00000307567.1	ENSG00000307567
ENST00000827162.1	ENSG00000307567.1	ENSG00000307567
ENST00000827204.1	ENSG00000307580.1	ENSG00000307580
ENST00000827205.1	ENSG00000307580.1	ENSG00000307580
ENST00000827206.1	ENSG00000307580.1	ENSG00000307580
ENST00000827207.1	ENSG00000307580.1	ENSG00000307580
ENST00000827208.1	ENSG00000307580.1	ENSG00000307580
ENST00000827210.1	ENSG00000307580.1	ENSG00000307580
ENST00000827211.1	ENSG00000307580.1	ENSG00000307580
ENST00000827212.1	ENSG00000307580.1	ENSG00000307580
ENST00000827226.1	ENSG00000307583.1	ENSG00000307583
ENST00000827227.1	ENSG00000307583.1	ENSG00000307583
ENST00000827243.1	ENSG00000307587.1	ENSG00000307587
ENST00000827369.1	ENSG00000307603.1	ENSG00000307603
ENST00000827370.1	ENSG00000307603.1	ENSG00000307603
ENST00000827410.1	ENSG00000307609.1	ENSG00000307609
ENST00000827539.1	ENSG00000307625.1	ENSG00000307625
ENST00000827540.1	ENSG00000307625.1	ENSG00000307625
ENST00000827541.1	ENSG00000307625.1	ENSG00000307625
ENST00000827588.1	ENSG00000307630.1	ENSG00000307630
ENST00000827590.1	ENSG00000307631.1	ENSG00000307631
ENST00000827591.1	ENSG00000307631.1	ENSG00000307631
ENST00000827598.1	ENSG00000307637.1	ENSG00000307637
ENST00000827608.1	ENSG00000307641.1	ENSG00000307641
ENST00000827609.1	ENSG00000307641.1	ENSG00000307641
ENST00000827610.1	ENSG00000307641.1	ENSG00000307641
ENST00000827731.1	ENSG00000307662.1	ENSG00000307662
ENST00000827732.1	ENSG00000307662.1	ENSG00000307662
ENST00000827741.1	ENSG00000307663.1	ENSG00000307663
ENST00000827809.1	ENSG00000307676.1	ENSG00000307676
ENST00000827810.1	ENSG00000307676.1	ENSG00000307676
ENST00000827919.1	ENSG00000307694.1	ENSG00000307694
ENST00000827920.1	ENSG00000307694.1	ENSG00000307694
ENST00000827926.1	ENSG00000307696.1	ENSG00000307696
ENST00000827927.1	ENSG00000307696.1	ENSG00000307696
ENST00000827936.1	ENSG00000307698.1	ENSG00000307698
ENST00000828040.1	ENSG00000307701.1	ENSG00000307701
ENST00000828041.1	ENSG00000307701.1	ENSG00000307701
ENST00000828042.1	ENSG00000307701.1	ENSG00000307701
ENST00000828043.1	ENSG00000307701.1	ENSG00000307701
ENST00000828075.1	ENSG00000307710.1	ENSG00000307710
ENST00000828079.1	ENSG00000307711.1	ENSG00000307711
ENST00000828164.1	ENSG00000307722.1	ENSG00000307722
ENST00000828165.1	ENSG00000307723.1	ENSG00000307723
ENST00000828605.1	ENSG00000307745.1	ENSG00000307745
ENST00000828621.1	ENSG00000307748.1	ENSG00000307748
ENST00000828622.1	ENSG00000307748.1	ENSG00000307748
ENST00000828623.1	ENSG00000307748.1	ENSG00000307748
ENST00000828666.1	ENSG00000307757.1	ENSG00000307757
ENST00000828667.1	ENSG00000307757.1	ENSG00000307757
ENST00000828668.1	ENSG00000307757.1	ENSG00000307757
ENST00000828710.1	ENSG00000307768.1	ENSG00000307768
ENST00000828711.1	ENSG00000307768.1	ENSG00000307768
ENST00000828712.1	ENSG00000307768.1	ENSG00000307768
ENST00000828743.1	ENSG00000307777.1	ENSG00000307777
ENST00000828745.1	ENSG00000307777.1	ENSG00000307777
ENST00000828749.1	ENSG00000307777.1	ENSG00000307777
ENST00000828789.1	ENSG00000307788.1	ENSG00000307788
ENST00000828790.1	ENSG00000307788.1	ENSG00000307788
ENST00000828791.1	ENSG00000307788.1	ENSG00000307788
ENST00000828792.1	ENSG00000307788.1	ENSG00000307788
ENST00000828827.1	ENSG00000307794.1	ENSG00000307794
ENST00000828970.1	ENSG00000307803.1	ENSG00000307803
ENST00000829018.1	ENSG00000307814.1	ENSG00000307814
ENST00000829019.1	ENSG00000307814.1	ENSG00000307814
ENST00000829058.1	ENSG00000307817.1	ENSG00000307817
ENST00000829138.1	ENSG00000307822.1	ENSG00000307822
ENST00000829312.1	ENSG00000307844.1	ENSG00000307844
ENST00000829313.1	ENSG00000307844.1	ENSG00000307844
ENST00000829314.1	ENSG00000307844.1	ENSG00000307844
ENST00000829315.1	ENSG00000307844.1	ENSG00000307844
ENST00000829316.1	ENSG00000307844.1	ENSG00000307844
ENST00000829317.1	ENSG00000307844.1	ENSG00000307844
ENST00000829318.1	ENSG00000307845.1	ENSG00000307845
ENST00000829319.1	ENSG00000307845.1	ENSG00000307845
ENST00000829320.1	ENSG00000307845.1	ENSG00000307845
ENST00000829384.1	ENSG00000307851.1	ENSG00000307851
ENST00000829385.1	ENSG00000307851.1	ENSG00000307851
ENST00000829386.1	ENSG00000307851.1	ENSG00000307851
ENST00000829439.1	ENSG00000307857.1	ENSG00000307857
ENST00000829440.1	ENSG00000307857.1	ENSG00000307857
ENST00000829442.1	ENSG00000307857.1	ENSG00000307857
ENST00000829501.1	ENSG00000307865.1	ENSG00000307865
ENST00000829502.1	ENSG00000307865.1	ENSG00000307865
ENST00000829512.1	ENSG00000307868.1	ENSG00000307868
ENST00000829513.1	ENSG00000307868.1	ENSG00000307868
ENST00000829514.1	ENSG00000307868.1	ENSG00000307868
ENST00000829515.1	ENSG00000307868.1	ENSG00000307868
ENST00000829516.1	ENSG00000307868.1	ENSG00000307868
ENST00000829517.1	ENSG00000307868.1	ENSG00000307868
ENST00000829518.1	ENSG00000307868.1	ENSG00000307868
ENST00000829521.1	ENSG00000307869.1	ENSG00000307869
ENST00000829522.1	ENSG00000307869.1	ENSG00000307869
ENST00000829601.1	ENSG00000307887.1	ENSG00000307887
ENST00000829686.1	ENSG00000307909.1	ENSG00000307909
ENST00000829859.1	ENSG00000307920.1	ENSG00000307920
ENST00000829860.1	ENSG00000307921.1	ENSG00000307921
ENST00000829862.1	ENSG00000307921.1	ENSG00000307921
ENST00000829863.1	ENSG00000307922.1	ENSG00000307922
ENST00000829866.1	ENSG00000307924.1	ENSG00000307924
ENST00000829890.1	ENSG00000307929.1	ENSG00000307929
ENST00000829941.1	ENSG00000307940.1	ENSG00000307940
ENST00000830033.1	ENSG00000307950.1	ENSG00000307950
ENST00000830034.1	ENSG00000307950.1	ENSG00000307950
ENST00000830035.1	ENSG00000307950.1	ENSG00000307950
ENST00000830113.1	ENSG00000307966.1	ENSG00000307966
ENST00000830146.1	ENSG00000307976.1	ENSG00000307976
ENST00000830147.1	ENSG00000307976.1	ENSG00000307976
ENST00000830207.1	ENSG00000307983.1	ENSG00000307983
ENST00000830281.1	ENSG00000307993.1	ENSG00000307993
ENST00000830307.1	ENSG00000307995.1	ENSG00000307995
ENST00000830308.1	ENSG00000307995.1	ENSG00000307995
ENST00000830309.1	ENSG00000307995.1	ENSG00000307995
ENST00000830310.1	ENSG00000307995.1	ENSG00000307995
ENST00000830311.1	ENSG00000307995.1	ENSG00000307995
ENST00000830312.1	ENSG00000307995.1	ENSG00000307995
ENST00000830313.1	ENSG00000307995.1	ENSG00000307995
ENST00000830314.1	ENSG00000307995.1	ENSG00000307995
ENST00000830315.1	ENSG00000307995.1	ENSG00000307995
ENST00000830316.1	ENSG00000307995.1	ENSG00000307995
ENST00000830318.1	ENSG00000307995.1	ENSG00000307995
ENST00000830347.1	ENSG00000307997.1	ENSG00000307997
ENST00000830348.1	ENSG00000307997.1	ENSG00000307997
ENST00000830349.1	ENSG00000307997.1	ENSG00000307997
ENST00000830351.1	ENSG00000307997.1	ENSG00000307997
ENST00000830401.1	ENSG00000308009.1	ENSG00000308009
ENST00000830402.1	ENSG00000308009.1	ENSG00000308009
ENST00000830436.1	ENSG00000308011.1	ENSG00000308011
ENST00000830492.1	ENSG00000308021.1	ENSG00000308021
ENST00000830571.1	ENSG00000308032.1	ENSG00000308032
ENST00000830666.1	ENSG00000308041.1	ENSG00000308041
ENST00000830667.1	ENSG00000308042.1	ENSG00000308042
ENST00000830680.1	ENSG00000308046.1	ENSG00000308046
ENST00000830681.1	ENSG00000308047.1	ENSG00000308047
ENST00000830687.1	ENSG00000308050.1	ENSG00000308050
ENST00000830731.1	ENSG00000308051.1	ENSG00000308051
ENST00000830749.1	ENSG00000308055.1	ENSG00000308055
ENST00000830750.1	ENSG00000308055.1	ENSG00000308055
ENST00000830751.1	ENSG00000308056.1	ENSG00000308056
ENST00000830752.1	ENSG00000308056.1	ENSG00000308056
ENST00000830813.1	ENSG00000308067.1	ENSG00000308067
ENST00000830814.1	ENSG00000308068.1	ENSG00000308068
ENST00000830854.1	ENSG00000308073.1	ENSG00000308073
ENST00000830911.1	ENSG00000308080.1	ENSG00000308080
ENST00000830914.1	ENSG00000308082.1	ENSG00000308082
ENST00000830915.1	ENSG00000308082.1	ENSG00000308082
ENST00000831018.1	ENSG00000308093.1	ENSG00000308093
ENST00000831775.1	ENSG00000308107.1	ENSG00000308107
ENST00000831776.1	ENSG00000308107.1	ENSG00000308107
ENST00000831777.1	ENSG00000308107.1	ENSG00000308107
ENST00000831778.1	ENSG00000308107.1	ENSG00000308107
ENST00000831779.1	ENSG00000308107.1	ENSG00000308107
ENST00000831780.1	ENSG00000308107.1	ENSG00000308107
ENST00000831781.1	ENSG00000308107.1	ENSG00000308107
ENST00000831873.1	ENSG00000308132.1	ENSG00000308132
ENST00000831874.1	ENSG00000308132.1	ENSG00000308132
ENST00000831875.1	ENSG00000308132.1	ENSG00000308132
ENST00000831876.1	ENSG00000308132.1	ENSG00000308132
ENST00000831877.1	ENSG00000308132.1	ENSG00000308132
ENST00000831990.1	ENSG00000308151.1	ENSG00000308151
ENST00000831991.1	ENSG00000308151.1	ENSG00000308151
ENST00000831992.1	ENSG00000308151.1	ENSG00000308151
ENST00000832018.1	ENSG00000308155.1	ENSG00000308155
ENST00000832019.1	ENSG00000308155.1	ENSG00000308155
ENST00000832027.1	ENSG00000308157.1	ENSG00000308157
ENST00000832100.1	ENSG00000308162.1	ENSG00000308162
ENST00000832110.1	ENSG00000308164.1	ENSG00000308164
ENST00000832111.1	ENSG00000308164.1	ENSG00000308164
ENST00000832112.1	ENSG00000308164.1	ENSG00000308164
ENST00000832113.1	ENSG00000308164.1	ENSG00000308164
ENST00000832114.1	ENSG00000308164.1	ENSG00000308164
ENST00000832117.1	ENSG00000308165.1	ENSG00000308165
ENST00000832126.1	ENSG00000308170.1	ENSG00000308170
ENST00000832128.1	ENSG00000308172.1	ENSG00000308172
ENST00000832129.1	ENSG00000308172.1	ENSG00000308172
ENST00000832154.1	ENSG00000308184.1	ENSG00000308184
ENST00000832464.1	ENSG00000308202.1	ENSG00000308202
ENST00000832465.1	ENSG00000308202.1	ENSG00000308202
ENST00000832594.1	ENSG00000308224.1	ENSG00000308224
ENST00000832596.1	ENSG00000308224.1	ENSG00000308224
ENST00000832704.1	ENSG00000308235.1	ENSG00000308235
ENST00000832759.1	ENSG00000308243.1	ENSG00000308243
ENST00000832760.1	ENSG00000308243.1	ENSG00000308243
ENST00000832761.1	ENSG00000308243.1	ENSG00000308243
ENST00000832787.1	ENSG00000308248.1	ENSG00000308248
ENST00000832853.1	ENSG00000308257.1	ENSG00000308257
ENST00000832854.1	ENSG00000308257.1	ENSG00000308257
ENST00000832855.1	ENSG00000308257.1	ENSG00000308257
ENST00000832856.1	ENSG00000308257.1	ENSG00000308257
ENST00000832885.1	ENSG00000308261.1	ENSG00000308261
ENST00000832886.1	ENSG00000308261.1	ENSG00000308261
ENST00000832987.1	ENSG00000308282.1	ENSG00000308282
ENST00000832988.1	ENSG00000308282.1	ENSG00000308282
ENST00000832994.1	ENSG00000308284.1	ENSG00000308284
ENST00000833009.1	ENSG00000308292.1	ENSG00000308292
ENST00000833010.1	ENSG00000308292.1	ENSG00000308292
ENST00000833011.1	ENSG00000308292.1	ENSG00000308292
ENST00000833012.1	ENSG00000308292.1	ENSG00000308292
ENST00000833156.1	ENSG00000308310.1	ENSG00000308310
ENST00000833186.1	ENSG00000308313.1	ENSG00000308313
ENST00000833190.1	ENSG00000308314.1	ENSG00000308314
ENST00000833218.1	ENSG00000308318.1	ENSG00000308318
ENST00000833231.1	ENSG00000308323.1	ENSG00000308323
ENST00000833232.1	ENSG00000308324.1	ENSG00000308324
ENST00000833233.1	ENSG00000308325.1	ENSG00000308325
ENST00000833317.1	ENSG00000308328.1	ENSG00000308328
ENST00000833399.1	ENSG00000308341.1	ENSG00000308341
ENST00000833594.1	ENSG00000308365.1	ENSG00000308365
ENST00000833728.1	ENSG00000308383.1	ENSG00000308383
ENST00000833729.1	ENSG00000308383.1	ENSG00000308383
ENST00000833738.1	ENSG00000308386.1	ENSG00000308386
ENST00000833785.1	ENSG00000308398.1	ENSG00000308398
ENST00000833831.1	ENSG00000308406.1	ENSG00000308406
ENST00000833833.1	ENSG00000308407.1	ENSG00000308407
ENST00000833965.1	ENSG00000308425.1	ENSG00000308425
ENST00000833966.1	ENSG00000308425.1	ENSG00000308425
ENST00000833967.1	ENSG00000308425.1	ENSG00000308425
ENST00000833968.1	ENSG00000308425.1	ENSG00000308425
ENST00000834205.1	ENSG00000308459.1	ENSG00000308459
ENST00000834207.1	ENSG00000308460.1	ENSG00000308460
ENST00000834208.1	ENSG00000308460.1	ENSG00000308460
ENST00000834272.1	ENSG00000308467.1	ENSG00000308467
ENST00000834476.1	ENSG00000308476.1	ENSG00000308476
ENST00000834492.1	ENSG00000308479.1	ENSG00000308479
ENST00000834493.1	ENSG00000308479.1	ENSG00000308479
ENST00000834494.1	ENSG00000308479.1	ENSG00000308479
ENST00000834556.1	ENSG00000308491.1	ENSG00000308491
ENST00000834587.1	ENSG00000308493.1	ENSG00000308493
ENST00000834588.1	ENSG00000308494.1	ENSG00000308494
ENST00000834600.1	ENSG00000308497.1	ENSG00000308497
ENST00000834601.1	ENSG00000308497.1	ENSG00000308497
ENST00000834602.1	ENSG00000308497.1	ENSG00000308497
ENST00000834603.1	ENSG00000308497.1	ENSG00000308497
ENST00000834614.1	ENSG00000308503.1	ENSG00000308503
ENST00000834615.1	ENSG00000308503.1	ENSG00000308503
ENST00000834616.1	ENSG00000308503.1	ENSG00000308503
ENST00000834617.1	ENSG00000308503.1	ENSG00000308503
ENST00000834702.1	ENSG00000308511.1	ENSG00000308511
ENST00000834737.1	ENSG00000308519.1	ENSG00000308519
ENST00000834746.1	ENSG00000308523.1	ENSG00000308523
ENST00000835026.1	ENSG00000308555.1	ENSG00000308555
ENST00000835027.1	ENSG00000308555.1	ENSG00000308555
ENST00000835082.1	ENSG00000308566.1	ENSG00000308566
ENST00000835083.1	ENSG00000308566.1	ENSG00000308566
ENST00000835100.1	ENSG00000308568.1	ENSG00000308568
ENST00000835101.1	ENSG00000308569.1	ENSG00000308569
ENST00000835146.1	ENSG00000308575.1	ENSG00000308575
ENST00000835147.1	ENSG00000308575.1	ENSG00000308575
ENST00000835185.1	ENSG00000308585.1	ENSG00000308585
ENST00000835198.1	ENSG00000308588.1	ENSG00000308588
ENST00000835199.1	ENSG00000308588.1	ENSG00000308588
ENST00000835255.1	ENSG00000308594.1	ENSG00000308594
ENST00000835256.1	ENSG00000308594.1	ENSG00000308594
ENST00000835257.1	ENSG00000308594.1	ENSG00000308594
ENST00000835362.1	ENSG00000308608.1	ENSG00000308608
ENST00000835363.1	ENSG00000308608.1	ENSG00000308608
ENST00000835364.1	ENSG00000308608.1	ENSG00000308608
ENST00000835365.1	ENSG00000308608.1	ENSG00000308608
ENST00000835425.1	ENSG00000308615.1	ENSG00000308615
ENST00000835437.1	ENSG00000308620.1	ENSG00000308620
ENST00000835492.1	ENSG00000308636.1	ENSG00000308636
ENST00000835493.1	ENSG00000308636.1	ENSG00000308636
ENST00000835494.1	ENSG00000308636.1	ENSG00000308636
ENST00000835504.1	ENSG00000308638.1	ENSG00000308638
ENST00000835505.1	ENSG00000308639.1	ENSG00000308639
ENST00000835524.1	ENSG00000308647.1	ENSG00000308647
ENST00000835544.1	ENSG00000308649.1	ENSG00000308649
ENST00000835588.1	ENSG00000308660.1	ENSG00000308660
ENST00000835589.1	ENSG00000308660.1	ENSG00000308660
ENST00000835590.1	ENSG00000308660.1	ENSG00000308660
ENST00000835601.1	ENSG00000308667.1	ENSG00000308667
ENST00000835671.1	ENSG00000308676.1	ENSG00000308676
ENST00000835672.1	ENSG00000308676.1	ENSG00000308676
ENST00000835676.1	ENSG00000308680.1	ENSG00000308680
ENST00000835897.1	ENSG00000308701.1	ENSG00000308701
ENST00000835919.1	ENSG00000308709.1	ENSG00000308709
ENST00000835920.1	ENSG00000308710.1	ENSG00000308710
ENST00000835937.1	ENSG00000308716.1	ENSG00000308716
ENST00000835938.1	ENSG00000308716.1	ENSG00000308716
ENST00000835939.1	ENSG00000308716.1	ENSG00000308716
ENST00000835940.1	ENSG00000308716.1	ENSG00000308716
ENST00000835941.1	ENSG00000308716.1	ENSG00000308716
ENST00000835986.1	ENSG00000308725.1	ENSG00000308725
ENST00000836001.1	ENSG00000308728.1	ENSG00000308728
ENST00000836058.1	ENSG00000308731.1	ENSG00000308731
ENST00000836059.1	ENSG00000308731.1	ENSG00000308731
ENST00000836084.1	ENSG00000308734.1	ENSG00000308734
ENST00000836085.1	ENSG00000308734.1	ENSG00000308734
ENST00000836208.1	ENSG00000308739.1	ENSG00000308739
ENST00000836209.1	ENSG00000308739.1	ENSG00000308739
ENST00000836252.1	ENSG00000308747.1	ENSG00000308747
ENST00000836296.1	ENSG00000308767.1	ENSG00000308767
ENST00000836316.1	ENSG00000308776.1	ENSG00000308776
ENST00000836395.1	ENSG00000308794.1	ENSG00000308794
ENST00000836511.1	ENSG00000308806.1	ENSG00000308806
ENST00000836515.1	ENSG00000308806.1	ENSG00000308806
ENST00000836652.1	ENSG00000308819.1	ENSG00000308819
ENST00000836653.1	ENSG00000308819.1	ENSG00000308819
ENST00000836654.1	ENSG00000308819.1	ENSG00000308819
ENST00000836655.1	ENSG00000308819.1	ENSG00000308819
ENST00000836656.1	ENSG00000308819.1	ENSG00000308819
ENST00000836674.1	ENSG00000308822.1	ENSG00000308822
ENST00000836675.1	ENSG00000308822.1	ENSG00000308822
ENST00000836677.1	ENSG00000308822.1	ENSG00000308822
ENST00000836699.1	ENSG00000308828.1	ENSG00000308828
ENST00000836760.1	ENSG00000308841.1	ENSG00000308841
ENST00000836762.1	ENSG00000308841.1	ENSG00000308841
ENST00000836763.1	ENSG00000308841.1	ENSG00000308841
ENST00000836830.1	ENSG00000308851.1	ENSG00000308851
ENST00000836873.1	ENSG00000308854.1	ENSG00000308854
ENST00000836874.1	ENSG00000308854.1	ENSG00000308854
ENST00000837030.1	ENSG00000308876.1	ENSG00000308876
ENST00000837032.1	ENSG00000308876.1	ENSG00000308876
ENST00000837034.1	ENSG00000308876.1	ENSG00000308876
ENST00000837035.1	ENSG00000308876.1	ENSG00000308876
ENST00000837036.1	ENSG00000308876.1	ENSG00000308876
ENST00000837042.1	ENSG00000308878.1	ENSG00000308878
ENST00000837043.1	ENSG00000308878.1	ENSG00000308878
ENST00000837119.1	ENSG00000308888.1	ENSG00000308888
ENST00000837154.1	ENSG00000308898.1	ENSG00000308898
ENST00000837166.1	ENSG00000308902.1	ENSG00000308902
ENST00000837167.1	ENSG00000308902.1	ENSG00000308902
ENST00000837168.1	ENSG00000308902.1	ENSG00000308902
ENST00000837308.1	ENSG00000308916.1	ENSG00000308916
ENST00000837309.1	ENSG00000308916.1	ENSG00000308916
ENST00000837310.1	ENSG00000308916.1	ENSG00000308916
ENST00000837316.1	ENSG00000308919.1	ENSG00000308919
ENST00000837337.1	ENSG00000308925.1	ENSG00000308925
ENST00000837379.1	ENSG00000308937.1	ENSG00000308937
ENST00000837452.1	ENSG00000308944.1	ENSG00000308944
ENST00000837480.1	ENSG00000308950.1	ENSG00000308950
ENST00000837481.1	ENSG00000308950.1	ENSG00000308950
ENST00000837482.1	ENSG00000308950.1	ENSG00000308950
ENST00000837483.1	ENSG00000308951.1	ENSG00000308951
ENST00000837484.1	ENSG00000308951.1	ENSG00000308951
ENST00000837485.1	ENSG00000308951.1	ENSG00000308951
ENST00000837486.1	ENSG00000308951.1	ENSG00000308951
ENST00000837487.1	ENSG00000308951.1	ENSG00000308951
ENST00000837561.1	ENSG00000308972.1	ENSG00000308972
ENST00000837573.1	ENSG00000308974.1	ENSG00000308974
ENST00000837575.1	ENSG00000308974.1	ENSG00000308974
ENST00000837662.1	ENSG00000308985.1	ENSG00000308985
ENST00000837687.1	ENSG00000308996.1	ENSG00000308996
ENST00000837688.1	ENSG00000308996.1	ENSG00000308996
ENST00000837689.1	ENSG00000308996.1	ENSG00000308996
ENST00000837955.1	ENSG00000309032.1	ENSG00000309032
ENST00000837957.1	ENSG00000309032.1	ENSG00000309032
ENST00000837958.1	ENSG00000309032.1	ENSG00000309032
ENST00000838065.1	ENSG00000309050.1	ENSG00000309050
ENST00000838067.1	ENSG00000309051.1	ENSG00000309051
ENST00000838226.1	ENSG00000309074.1	ENSG00000309074
ENST00000838384.1	ENSG00000309087.1	ENSG00000309087
ENST00000838466.1	ENSG00000309092.1	ENSG00000309092
ENST00000838500.1	ENSG00000309097.1	ENSG00000309097
ENST00000838599.1	ENSG00000309100.1	ENSG00000309100
ENST00000838819.1	ENSG00000309120.1	ENSG00000309120
ENST00000838823.1	ENSG00000309123.1	ENSG00000309123
ENST00000838837.1	ENSG00000309127.1	ENSG00000309127
ENST00000838901.1	ENSG00000309130.1	ENSG00000309130
ENST00000838902.1	ENSG00000309130.1	ENSG00000309130
ENST00000838999.1	ENSG00000309139.1	ENSG00000309139
ENST00000839000.1	ENSG00000309139.1	ENSG00000309139
ENST00000839041.1	ENSG00000309147.1	ENSG00000309147
ENST00000839042.1	ENSG00000309147.1	ENSG00000309147
ENST00000839218.1	ENSG00000309169.1	ENSG00000309169
ENST00000839259.1	ENSG00000309177.1	ENSG00000309177
ENST00000839437.1	ENSG00000309192.1	ENSG00000309192
ENST00000839438.1	ENSG00000309192.1	ENSG00000309192
ENST00000839439.1	ENSG00000309192.1	ENSG00000309192
ENST00000839440.1	ENSG00000309192.1	ENSG00000309192
ENST00000839441.1	ENSG00000309193.1	ENSG00000309193
ENST00000839569.1	ENSG00000309216.1	ENSG00000309216
ENST00000839742.1	ENSG00000309231.1	ENSG00000309231
ENST00000839743.1	ENSG00000309231.1	ENSG00000309231
ENST00000839744.1	ENSG00000309231.1	ENSG00000309231
ENST00000839769.1	ENSG00000309237.1	ENSG00000309237
ENST00000839780.1	ENSG00000309241.1	ENSG00000309241
ENST00000839786.1	ENSG00000309242.1	ENSG00000309242
ENST00000839787.1	ENSG00000309242.1	ENSG00000309242
ENST00000839788.1	ENSG00000309242.1	ENSG00000309242
ENST00000839789.1	ENSG00000309242.1	ENSG00000309242
ENST00000839893.1	ENSG00000309261.1	ENSG00000309261
ENST00000839993.1	ENSG00000309271.1	ENSG00000309271
ENST00000840148.1	ENSG00000309294.1	ENSG00000309294
ENST00000840149.1	ENSG00000309294.1	ENSG00000309294
ENST00000840169.1	ENSG00000309299.1	ENSG00000309299
ENST00000840257.1	ENSG00000309320.1	ENSG00000309320
ENST00000840358.1	ENSG00000309334.1	ENSG00000309334
ENST00000840360.1	ENSG00000309336.1	ENSG00000309336
ENST00000840414.1	ENSG00000309343.1	ENSG00000309343
ENST00000840415.1	ENSG00000309343.1	ENSG00000309343
ENST00000840416.1	ENSG00000309343.1	ENSG00000309343
ENST00000840417.1	ENSG00000309343.1	ENSG00000309343
ENST00000840453.1	ENSG00000309349.1	ENSG00000309349
ENST00000840526.1	ENSG00000309362.1	ENSG00000309362
ENST00000840621.1	ENSG00000309372.1	ENSG00000309372
ENST00000840622.1	ENSG00000309372.1	ENSG00000309372
ENST00000840652.1	ENSG00000309383.1	ENSG00000309383
ENST00000840725.1	ENSG00000309399.1	ENSG00000309399
ENST00000840785.1	ENSG00000309403.1	ENSG00000309403
ENST00000840893.1	ENSG00000309410.1	ENSG00000309410
ENST00000840894.1	ENSG00000309410.1	ENSG00000309410
ENST00000840922.1	ENSG00000309417.1	ENSG00000309417
ENST00000840923.1	ENSG00000309417.1	ENSG00000309417
ENST00000840926.1	ENSG00000309419.1	ENSG00000309419
ENST00000840938.1	ENSG00000309422.1	ENSG00000309422
ENST00000840981.1	ENSG00000309425.1	ENSG00000309425
ENST00000840982.1	ENSG00000309426.1	ENSG00000309426
ENST00000840983.1	ENSG00000309426.1	ENSG00000309426
ENST00000841114.1	ENSG00000309433.1	ENSG00000309433
ENST00000841115.1	ENSG00000309434.1	ENSG00000309434
ENST00000841116.1	ENSG00000309434.1	ENSG00000309434
ENST00000841117.1	ENSG00000309434.1	ENSG00000309434
ENST00000841118.1	ENSG00000309434.1	ENSG00000309434
ENST00000841119.1	ENSG00000309434.1	ENSG00000309434
ENST00000841141.1	ENSG00000309438.1	ENSG00000309438
ENST00000841142.1	ENSG00000309438.1	ENSG00000309438
ENST00000841243.1	ENSG00000309451.1	ENSG00000309451
ENST00000841282.1	ENSG00000309457.1	ENSG00000309457
ENST00000841300.1	ENSG00000309464.1	ENSG00000309464
ENST00000841372.1	ENSG00000309484.1	ENSG00000309484
ENST00000841765.1	ENSG00000309502.1	ENSG00000309502
ENST00000841804.1	ENSG00000309511.1	ENSG00000309511
ENST00000841808.1	ENSG00000309512.1	ENSG00000309512
ENST00000841819.1	ENSG00000309516.1	ENSG00000309516
ENST00000841829.1	ENSG00000309519.1	ENSG00000309519
ENST00000841830.1	ENSG00000309519.1	ENSG00000309519
ENST00000841845.1	ENSG00000309526.1	ENSG00000309526
ENST00000841894.1	ENSG00000309542.1	ENSG00000309542
ENST00000841902.1	ENSG00000309546.1	ENSG00000309546
ENST00000841987.1	ENSG00000309553.1	ENSG00000309553
ENST00000841991.1	ENSG00000309554.1	ENSG00000309554
ENST00000842033.1	ENSG00000309559.1	ENSG00000309559
ENST00000842140.1	ENSG00000309573.1	ENSG00000309573
ENST00000842141.1	ENSG00000309573.1	ENSG00000309573
ENST00000842142.1	ENSG00000309573.1	ENSG00000309573
ENST00000842143.1	ENSG00000309573.1	ENSG00000309573
ENST00000842144.1	ENSG00000309573.1	ENSG00000309573
ENST00000842237.1	ENSG00000309597.1	ENSG00000309597
ENST00000842238.1	ENSG00000309597.1	ENSG00000309597
ENST00000842239.1	ENSG00000309597.1	ENSG00000309597
ENST00000842256.1	ENSG00000309601.1	ENSG00000309601
ENST00000842257.1	ENSG00000309601.1	ENSG00000309601
ENST00000842279.1	ENSG00000309607.1	ENSG00000309607
ENST00000842425.1	ENSG00000309610.1	ENSG00000309610
ENST00000842457.1	ENSG00000309616.1	ENSG00000309616
ENST00000842495.1	ENSG00000309621.1	ENSG00000309621
ENST00000842750.1	ENSG00000309640.1	ENSG00000309640
ENST00000842777.1	ENSG00000309649.1	ENSG00000309649
ENST00000842862.1	ENSG00000309664.1	ENSG00000309664
ENST00000842918.1	ENSG00000309677.1	ENSG00000309677
ENST00000842919.1	ENSG00000309677.1	ENSG00000309677
ENST00000842921.1	ENSG00000309677.1	ENSG00000309677
ENST00000842944.1	ENSG00000309680.1	ENSG00000309680
ENST00000842945.1	ENSG00000309680.1	ENSG00000309680
ENST00000843047.1	ENSG00000309691.1	ENSG00000309691
ENST00000843081.1	ENSG00000309695.1	ENSG00000309695
ENST00000843131.1	ENSG00000309699.1	ENSG00000309699
ENST00000843352.1	ENSG00000309721.1	ENSG00000309721
ENST00000843608.1	ENSG00000309735.1	ENSG00000309735
ENST00000843626.1	ENSG00000309739.1	ENSG00000309739
ENST00000843627.1	ENSG00000309739.1	ENSG00000309739
ENST00000843634.1	ENSG00000309741.1	ENSG00000309741
ENST00000843679.1	ENSG00000309747.1	ENSG00000309747
ENST00000843714.1	ENSG00000309756.1	ENSG00000309756
ENST00000843728.1	ENSG00000309759.1	ENSG00000309759
ENST00000843729.1	ENSG00000309759.1	ENSG00000309759
ENST00000843767.1	ENSG00000309765.1	ENSG00000309765
ENST00000843827.1	ENSG00000309774.1	ENSG00000309774
ENST00000843828.1	ENSG00000309774.1	ENSG00000309774
ENST00000843845.1	ENSG00000309778.1	ENSG00000309778
ENST00000843867.1	ENSG00000309784.1	ENSG00000309784
ENST00000843889.1	ENSG00000309785.1	ENSG00000309785
ENST00000843941.1	ENSG00000309795.1	ENSG00000309795
ENST00000844031.1	ENSG00000309799.1	ENSG00000309799
ENST00000844045.1	ENSG00000309803.1	ENSG00000309803
ENST00000844057.1	ENSG00000309807.1	ENSG00000309807
ENST00000844058.1	ENSG00000309807.1	ENSG00000309807
ENST00000844162.1	ENSG00000309829.1	ENSG00000309829
ENST00000844163.1	ENSG00000309829.1	ENSG00000309829
ENST00000844164.1	ENSG00000309829.1	ENSG00000309829
ENST00000844165.1	ENSG00000309829.1	ENSG00000309829
ENST00000844166.1	ENSG00000309829.1	ENSG00000309829
ENST00000844167.1	ENSG00000309829.1	ENSG00000309829
ENST00000844168.1	ENSG00000309829.1	ENSG00000309829
ENST00000844169.1	ENSG00000309829.1	ENSG00000309829
ENST00000844170.1	ENSG00000309829.1	ENSG00000309829
ENST00000844171.1	ENSG00000309829.1	ENSG00000309829
ENST00000844172.1	ENSG00000309829.1	ENSG00000309829
ENST00000844173.1	ENSG00000309829.1	ENSG00000309829
ENST00000844205.1	ENSG00000309834.1	ENSG00000309834
ENST00000844360.1	ENSG00000309848.1	ENSG00000309848
ENST00000844506.1	ENSG00000309864.1	ENSG00000309864
ENST00000844825.1	ENSG00000309874.1	ENSG00000309874
ENST00000845041.1	ENSG00000309890.1	ENSG00000309890
ENST00000845043.1	ENSG00000309892.1	ENSG00000309892
ENST00000845163.1	ENSG00000309901.1	ENSG00000309901
ENST00000845391.1	ENSG00000309902.1	ENSG00000309902
ENST00000845987.1	ENSG00000309922.1	ENSG00000309922
ENST00000846000.1	ENSG00000309929.1	ENSG00000309929
ENST00000846045.1	ENSG00000309937.1	ENSG00000309937
ENST00000846049.1	ENSG00000309939.1	ENSG00000309939
ENST00000846238.1	ENSG00000309964.1	ENSG00000309964
ENST00000846340.1	ENSG00000309979.1	ENSG00000309979
ENST00000846347.1	ENSG00000309982.1	ENSG00000309982
ENST00000846445.1	ENSG00000309991.1	ENSG00000309991
ENST00000846475.1	ENSG00000309996.1	ENSG00000309996
ENST00000846513.1	ENSG00000310000.1	ENSG00000310000
ENST00000846515.1	ENSG00000310001.1	ENSG00000310001
ENST00000846535.1	ENSG00000310010.1	ENSG00000310010
ENST00000846539.1	ENSG00000310010.1	ENSG00000310010
ENST00000846586.1	ENSG00000310018.1	ENSG00000310018
ENST00000846587.1	ENSG00000310018.1	ENSG00000310018
ENST00000846588.1	ENSG00000310018.1	ENSG00000310018
ENST00000846589.1	ENSG00000310018.1	ENSG00000310018
ENST00000846590.1	ENSG00000310018.1	ENSG00000310018
ENST00000846591.1	ENSG00000310018.1	ENSG00000310018
ENST00000846592.1	ENSG00000310018.1	ENSG00000310018
ENST00000846627.1	ENSG00000310023.1	ENSG00000310023
ENST00000846694.1	ENSG00000310032.1	ENSG00000310032
ENST00000846714.1	ENSG00000310038.1	ENSG00000310038
ENST00000846763.1	ENSG00000310049.1	ENSG00000310049
ENST00000846822.1	ENSG00000310055.1	ENSG00000310055
ENST00000846859.1	ENSG00000310065.1	ENSG00000310065
ENST00000846861.1	ENSG00000310065.1	ENSG00000310065
ENST00000846862.1	ENSG00000310065.1	ENSG00000310065
ENST00000846908.1	ENSG00000310065.1	ENSG00000310065
ENST00000846965.1	ENSG00000310073.1	ENSG00000310073
ENST00000846988.1	ENSG00000310080.1	ENSG00000310080
ENST00000846989.1	ENSG00000310080.1	ENSG00000310080
ENST00000847000.1	ENSG00000310085.1	ENSG00000310085
ENST00000847086.1	ENSG00000310092.1	ENSG00000310092
ENST00000847094.1	ENSG00000310095.1	ENSG00000310095
ENST00000847095.1	ENSG00000310095.1	ENSG00000310095
ENST00000847096.1	ENSG00000310095.1	ENSG00000310095
ENST00000847097.1	ENSG00000310095.1	ENSG00000310095
ENST00000847099.1	ENSG00000310095.1	ENSG00000310095
ENST00000847181.1	ENSG00000310102.1	ENSG00000310102
ENST00000847182.1	ENSG00000310102.1	ENSG00000310102
ENST00000847198.1	ENSG00000310103.1	ENSG00000310103
ENST00000847199.1	ENSG00000310103.1	ENSG00000310103
ENST00000847277.1	ENSG00000310116.1	ENSG00000310116
ENST00000847329.1	ENSG00000310119.1	ENSG00000310119
ENST00000847409.1	ENSG00000310124.1	ENSG00000310124
ENST00000847410.1	ENSG00000310124.1	ENSG00000310124
ENST00000847411.1	ENSG00000310125.1	ENSG00000310125
ENST00000847762.1	ENSG00000310167.1	ENSG00000310167
ENST00000847763.1	ENSG00000310167.1	ENSG00000310167
ENST00000847765.1	ENSG00000310169.1	ENSG00000310169
ENST00000847766.1	ENSG00000310169.1	ENSG00000310169
ENST00000847767.1	ENSG00000310169.1	ENSG00000310169
ENST00000847771.1	ENSG00000310172.1	ENSG00000310172
ENST00000847772.1	ENSG00000310172.1	ENSG00000310172
ENST00000847773.1	ENSG00000310173.1	ENSG00000310173
ENST00000847774.1	ENSG00000310173.1	ENSG00000310173
ENST00000847775.1	ENSG00000310173.1	ENSG00000310173
ENST00000847776.1	ENSG00000310173.1	ENSG00000310173
ENST00000847777.1	ENSG00000310173.1	ENSG00000310173
ENST00000847796.1	ENSG00000310176.1	ENSG00000310176
ENST00000847926.1	ENSG00000310181.1	ENSG00000310181
ENST00000848008.1	ENSG00000310190.1	ENSG00000310190
ENST00000848010.1	ENSG00000310190.1	ENSG00000310190
ENST00000848011.1	ENSG00000310190.1	ENSG00000310190
ENST00000848012.1	ENSG00000310190.1	ENSG00000310190
ENST00000848013.1	ENSG00000310190.1	ENSG00000310190
ENST00000848014.1	ENSG00000310190.1	ENSG00000310190
ENST00000848015.1	ENSG00000310190.1	ENSG00000310190
ENST00000848016.1	ENSG00000310190.1	ENSG00000310190
ENST00000848017.1	ENSG00000310190.1	ENSG00000310190
ENST00000848018.1	ENSG00000310190.1	ENSG00000310190
ENST00000848019.1	ENSG00000310190.1	ENSG00000310190
ENST00000848020.1	ENSG00000310190.1	ENSG00000310190
ENST00000848021.1	ENSG00000310190.1	ENSG00000310190
ENST00000848022.1	ENSG00000310190.1	ENSG00000310190
ENST00000848023.1	ENSG00000310190.1	ENSG00000310190
ENST00000848024.1	ENSG00000310190.1	ENSG00000310190
ENST00000848025.1	ENSG00000310190.1	ENSG00000310190
ENST00000848026.1	ENSG00000310190.1	ENSG00000310190
ENST00000848027.1	ENSG00000310190.1	ENSG00000310190
ENST00000848028.1	ENSG00000310190.1	ENSG00000310190
ENST00000848029.1	ENSG00000310190.1	ENSG00000310190
ENST00000848030.1	ENSG00000310190.1	ENSG00000310190
ENST00000848031.1	ENSG00000310190.1	ENSG00000310190
ENST00000848032.1	ENSG00000310191.1	ENSG00000310191
ENST00000848033.1	ENSG00000310191.1	ENSG00000310191
ENST00000848034.1	ENSG00000310191.1	ENSG00000310191
ENST00000848035.1	ENSG00000310191.1	ENSG00000310191
ENST00000848036.1	ENSG00000310191.1	ENSG00000310191
ENST00000848037.1	ENSG00000310191.1	ENSG00000310191
ENST00000848038.1	ENSG00000310191.1	ENSG00000310191
ENST00000848039.1	ENSG00000310191.1	ENSG00000310191
ENST00000848040.1	ENSG00000310191.1	ENSG00000310191
ENST00000848041.1	ENSG00000310191.1	ENSG00000310191
ENST00000848042.1	ENSG00000310191.1	ENSG00000310191
ENST00000848043.1	ENSG00000310191.1	ENSG00000310191
ENST00000848044.1	ENSG00000310191.1	ENSG00000310191
ENST00000848045.1	ENSG00000310191.1	ENSG00000310191
ENST00000848046.1	ENSG00000310191.1	ENSG00000310191
ENST00000848047.1	ENSG00000310191.1	ENSG00000310191
ENST00000848048.1	ENSG00000310191.1	ENSG00000310191
ENST00000848049.1	ENSG00000310191.1	ENSG00000310191
ENST00000848050.1	ENSG00000310191.1	ENSG00000310191
ENST00000848051.1	ENSG00000310191.1	ENSG00000310191
ENST00000848052.1	ENSG00000310191.1	ENSG00000310191
ENST00000848053.1	ENSG00000310191.1	ENSG00000310191
ENST00000848054.1	ENSG00000310191.1	ENSG00000310191
ENST00000848055.1	ENSG00000310191.1	ENSG00000310191
ENST00000848056.1	ENSG00000310191.1	ENSG00000310191
ENST00000848057.1	ENSG00000310191.1	ENSG00000310191
ENST00000848058.1	ENSG00000310191.1	ENSG00000310191
ENST00000848059.1	ENSG00000310191.1	ENSG00000310191
ENST00000848060.1	ENSG00000310191.1	ENSG00000310191
ENST00000848061.1	ENSG00000310191.1	ENSG00000310191
ENST00000848062.1	ENSG00000310191.1	ENSG00000310191
ENST00000848063.1	ENSG00000310191.1	ENSG00000310191
ENST00000848064.1	ENSG00000310191.1	ENSG00000310191
ENST00000848065.1	ENSG00000310191.1	ENSG00000310191
ENST00000848066.1	ENSG00000310191.1	ENSG00000310191
ENST00000848067.1	ENSG00000310191.1	ENSG00000310191
ENST00000848196.1	ENSG00000310209.1	ENSG00000310209
ENST00000848199.1	ENSG00000310211.1	ENSG00000310211
ENST00000848394.1	ENSG00000310213.1	ENSG00000310213
ENST00000848395.1	ENSG00000310213.1	ENSG00000310213
ENST00000848402.1	ENSG00000310216.1	ENSG00000310216
ENST00000848424.1	ENSG00000310222.1	ENSG00000310222
ENST00000848425.1	ENSG00000310222.1	ENSG00000310222
ENST00000848455.1	ENSG00000310227.1	ENSG00000310227
ENST00000848456.1	ENSG00000310227.1	ENSG00000310227
ENST00000848480.1	ENSG00000310232.1	ENSG00000310232
ENST00000848563.1	ENSG00000310256.1	ENSG00000310256
ENST00000848564.1	ENSG00000310256.1	ENSG00000310256
ENST00000848565.1	ENSG00000310256.1	ENSG00000310256
ENST00000848618.1	ENSG00000310261.1	ENSG00000310261
ENST00000848621.1	ENSG00000310264.1	ENSG00000310264
ENST00000848622.1	ENSG00000310264.1	ENSG00000310264
ENST00000848623.1	ENSG00000310265.1	ENSG00000310265
ENST00000848790.1	ENSG00000310283.1	ENSG00000310283
ENST00000848791.1	ENSG00000310283.1	ENSG00000310283
ENST00000848792.1	ENSG00000310283.1	ENSG00000310283
ENST00000848793.1	ENSG00000310283.1	ENSG00000310283
ENST00000848794.1	ENSG00000310283.1	ENSG00000310283
ENST00000848844.1	ENSG00000310286.1	ENSG00000310286
ENST00000848845.1	ENSG00000310286.1	ENSG00000310286
ENST00000848846.1	ENSG00000310286.1	ENSG00000310286
ENST00000848849.1	ENSG00000310288.1	ENSG00000310288
ENST00000848850.1	ENSG00000310288.1	ENSG00000310288
ENST00000848905.1	ENSG00000310305.1	ENSG00000310305
ENST00000849022.1	ENSG00000310316.1	ENSG00000310316
ENST00000849062.1	ENSG00000310323.1	ENSG00000310323
ENST00000849064.1	ENSG00000310323.1	ENSG00000310323
ENST00000849065.1	ENSG00000310323.1	ENSG00000310323
ENST00000849107.1	ENSG00000310330.1	ENSG00000310330
ENST00000849204.1	ENSG00000310342.1	ENSG00000310342
ENST00000849212.1	ENSG00000310344.1	ENSG00000310344
ENST00000849231.1	ENSG00000310349.1	ENSG00000310349
ENST00000849300.1	ENSG00000310364.1	ENSG00000310364
ENST00000849352.1	ENSG00000310370.1	ENSG00000310370
ENST00000849486.1	ENSG00000310386.1	ENSG00000310386
ENST00000849521.1	ENSG00000310390.1	ENSG00000310390
ENST00000849552.1	ENSG00000310399.1	ENSG00000310399
ENST00000849553.1	ENSG00000310399.1	ENSG00000310399
ENST00000849554.1	ENSG00000310399.1	ENSG00000310399
ENST00000849555.1	ENSG00000310399.1	ENSG00000310399
ENST00000849556.1	ENSG00000310400.1	ENSG00000310400
ENST00000849567.1	ENSG00000310409.1	ENSG00000310409
ENST00000849568.1	ENSG00000310409.1	ENSG00000310409
ENST00000849569.1	ENSG00000310409.1	ENSG00000310409
ENST00000849570.1	ENSG00000310410.1	ENSG00000310410
ENST00000849571.1	ENSG00000310410.1	ENSG00000310410
ENST00000849578.1	ENSG00000310413.1	ENSG00000310413
ENST00000849579.1	ENSG00000310413.1	ENSG00000310413
ENST00000849580.1	ENSG00000310414.1	ENSG00000310414
ENST00000849663.1	ENSG00000310419.1	ENSG00000310419
ENST00000849664.1	ENSG00000310419.1	ENSG00000310419
ENST00000849747.1	ENSG00000310423.1	ENSG00000310423
ENST00000849772.1	ENSG00000310427.1	ENSG00000310427
ENST00000849773.1	ENSG00000310428.1	ENSG00000310428
ENST00000849785.1	ENSG00000310432.1	ENSG00000310432
ENST00000849786.1	ENSG00000310432.1	ENSG00000310432
ENST00000849788.1	ENSG00000310432.1	ENSG00000310432
ENST00000849790.1	ENSG00000310432.1	ENSG00000310432
ENST00000849807.1	ENSG00000310438.1	ENSG00000310438
ENST00000849832.1	ENSG00000310446.1	ENSG00000310446
ENST00000850092.1	ENSG00000310467.1	ENSG00000310467
ENST00000850132.1	ENSG00000310470.1	ENSG00000310470
ENST00000850133.1	ENSG00000310470.1	ENSG00000310470
ENST00000850140.1	ENSG00000310471.1	ENSG00000310471
ENST00000850267.1	ENSG00000310475.1	ENSG00000310475
ENST00000850268.1	ENSG00000310475.1	ENSG00000310475
ENST00000850269.1	ENSG00000310475.1	ENSG00000310475
ENST00000850270.1	ENSG00000310475.1	ENSG00000310475
ENST00000850318.1	ENSG00000310481.1	ENSG00000310481
ENST00000850319.1	ENSG00000310481.1	ENSG00000310481
ENST00000850320.1	ENSG00000310481.1	ENSG00000310481
ENST00000850334.1	ENSG00000310486.1	ENSG00000310486
ENST00000850348.1	ENSG00000310487.1	ENSG00000310487
ENST00000850527.1	ENSG00000310509.1	ENSG00000310509
ENST00000850542.1	ENSG00000310510.1	ENSG00000310510
ENST00000850546.1	ENSG00000310513.1	ENSG00000310513
ENST00000482368.2	ENSG00000244513.8	EOGT-DT
ENST00000595925.1	ENSG00000244513.8	EOGT-DT
ENST00000596274.1	ENSG00000244513.8	EOGT-DT
ENST00000596523.5	ENSG00000244513.8	EOGT-DT
ENST00000596659.5	ENSG00000244513.8	EOGT-DT
ENST00000596732.5	ENSG00000244513.8	EOGT-DT
ENST00000597366.5	ENSG00000244513.8	EOGT-DT
ENST00000597950.5	ENSG00000244513.8	EOGT-DT
ENST00000598783.5	ENSG00000244513.8	EOGT-DT
ENST00000599467.5	ENSG00000244513.8	EOGT-DT
ENST00000601511.5	ENSG00000244513.8	EOGT-DT
ENST00000601735.1	ENSG00000244513.8	EOGT-DT
ENST00000610844.2	ENSG00000244513.8	EOGT-DT
ENST00000767418.1	ENSG00000244513.8	EOGT-DT
ENST00000424774.3	ENSG00000227959.3	EPHA2-AS1
ENST00000426353.1	ENSG00000227959.3	EPHA2-AS1
ENST00000793381.1	ENSG00000227959.3	EPHA2-AS1
ENST00000793382.1	ENSG00000227959.3	EPHA2-AS1
ENST00000793383.1	ENSG00000227959.3	EPHA2-AS1
ENST00000793384.1	ENSG00000227959.3	EPHA2-AS1
ENST00000793385.1	ENSG00000227959.3	EPHA2-AS1
ENST00000793386.1	ENSG00000227959.3	EPHA2-AS1
ENST00000587426.5	ENSG00000235652.12	EPM2A-DT
ENST00000415031.2	ENSG00000227070.3	EPS15-AS1
ENST00000426017.2	ENSG00000227070.3	EPS15-AS1
ENST00000702775.2	ENSG00000227070.3	EPS15-AS1
ENST00000828277.1	ENSG00000227070.3	EPS15-AS1
ENST00000828281.1	ENSG00000227070.3	EPS15-AS1
ENST00000828282.1	ENSG00000227070.3	EPS15-AS1
ENST00000828283.1	ENSG00000227070.3	EPS15-AS1
ENST00000828284.1	ENSG00000227070.3	EPS15-AS1
ENST00000828285.1	ENSG00000227070.3	EPS15-AS1
ENST00000828286.1	ENSG00000227070.3	EPS15-AS1
ENST00000828287.1	ENSG00000227070.3	EPS15-AS1
ENST00000828288.1	ENSG00000227070.3	EPS15-AS1
ENST00000828289.1	ENSG00000227070.3	EPS15-AS1
ENST00000828290.1	ENSG00000227070.3	EPS15-AS1
ENST00000828291.1	ENSG00000227070.3	EPS15-AS1
ENST00000828292.1	ENSG00000227070.3	EPS15-AS1
ENST00000828293.1	ENSG00000227070.3	EPS15-AS1
ENST00000828294.1	ENSG00000227070.3	EPS15-AS1
ENST00000828295.1	ENSG00000227070.3	EPS15-AS1
ENST00000828296.1	ENSG00000227070.3	EPS15-AS1
ENST00000828297.1	ENSG00000227070.3	EPS15-AS1
ENST00000828298.1	ENSG00000227070.3	EPS15-AS1
ENST00000828299.1	ENSG00000227070.3	EPS15-AS1
ENST00000828300.1	ENSG00000227070.3	EPS15-AS1
ENST00000828301.1	ENSG00000227070.3	EPS15-AS1
ENST00000828303.1	ENSG00000227070.3	EPS15-AS1
ENST00000828304.1	ENSG00000227070.3	EPS15-AS1
ENST00000828305.1	ENSG00000227070.3	EPS15-AS1
ENST00000828306.1	ENSG00000227070.3	EPS15-AS1
ENST00000828307.1	ENSG00000227070.3	EPS15-AS1
ENST00000828308.1	ENSG00000227070.3	EPS15-AS1
ENST00000828309.1	ENSG00000227070.3	EPS15-AS1
ENST00000828310.1	ENSG00000227070.3	EPS15-AS1
ENST00000828311.1	ENSG00000227070.3	EPS15-AS1
ENST00000828312.1	ENSG00000227070.3	EPS15-AS1
ENST00000612390.4	ENSG00000234497.6	ERICH3-AS1
ENST00000620678.1	ENSG00000234497.6	ERICH3-AS1
ENST00000463755.1	ENSG00000240137.9	ERICH6-AS1
ENST00000471093.7	ENSG00000240137.9	ERICH6-AS1
ENST00000475393.4	ENSG00000240137.9	ERICH6-AS1
ENST00000655051.1	ENSG00000240137.9	ERICH6-AS1
ENST00000670089.1	ENSG00000240137.9	ERICH6-AS1
ENST00000702235.2	ENSG00000240137.9	ERICH6-AS1
ENST00000771357.1	ENSG00000240137.9	ERICH6-AS1
ENST00000771359.1	ENSG00000240137.9	ERICH6-AS1
ENST00000771360.1	ENSG00000240137.9	ERICH6-AS1
ENST00000771361.1	ENSG00000240137.9	ERICH6-AS1
ENST00000771362.1	ENSG00000240137.9	ERICH6-AS1
ENST00000771363.1	ENSG00000240137.9	ERICH6-AS1
ENST00000771364.1	ENSG00000240137.9	ERICH6-AS1
ENST00000771365.1	ENSG00000240137.9	ERICH6-AS1
ENST00000771366.1	ENSG00000240137.9	ERICH6-AS1
ENST00000771367.1	ENSG00000240137.9	ERICH6-AS1
ENST00000771368.1	ENSG00000240137.9	ERICH6-AS1
ENST00000771369.1	ENSG00000240137.9	ERICH6-AS1
ENST00000771370.1	ENSG00000240137.9	ERICH6-AS1
ENST00000771371.1	ENSG00000240137.9	ERICH6-AS1
ENST00000771372.1	ENSG00000240137.9	ERICH6-AS1
ENST00000771373.1	ENSG00000240137.9	ERICH6-AS1
ENST00000771374.1	ENSG00000240137.9	ERICH6-AS1
ENST00000771375.1	ENSG00000240137.9	ERICH6-AS1
ENST00000771376.1	ENSG00000240137.9	ERICH6-AS1
ENST00000771377.1	ENSG00000240137.9	ERICH6-AS1
ENST00000433869.1	ENSG00000230550.3	ERLNC1
ENST00000654104.1	ENSG00000230550.3	ERLNC1
ENST00000658822.1	ENSG00000230550.3	ERLNC1
ENST00000663115.1	ENSG00000230550.3	ERLNC1
ENST00000840143.1	ENSG00000230550.3	ERLNC1
ENST00000445300.2	ENSG00000238290.2	ERRFI1-DT
ENST00000777651.1	ENSG00000238290.2	ERRFI1-DT
ENST00000777652.1	ENSG00000238290.2	ERRFI1-DT
ENST00000777653.1	ENSG00000238290.2	ERRFI1-DT
ENST00000777654.1	ENSG00000238290.2	ERRFI1-DT
ENST00000777655.1	ENSG00000238290.2	ERRFI1-DT
ENST00000777656.1	ENSG00000238290.2	ERRFI1-DT
ENST00000777657.1	ENSG00000238290.2	ERRFI1-DT
ENST00000777659.1	ENSG00000238290.2	ERRFI1-DT
ENST00000777660.1	ENSG00000238290.2	ERRFI1-DT
ENST00000777661.1	ENSG00000238290.2	ERRFI1-DT
ENST00000777662.1	ENSG00000238290.2	ERRFI1-DT
ENST00000777663.1	ENSG00000238290.2	ERRFI1-DT
ENST00000777664.1	ENSG00000238290.2	ERRFI1-DT
ENST00000777665.1	ENSG00000238290.2	ERRFI1-DT
ENST00000777666.1	ENSG00000238290.2	ERRFI1-DT
ENST00000777667.1	ENSG00000238290.2	ERRFI1-DT
ENST00000777668.1	ENSG00000238290.2	ERRFI1-DT
ENST00000777669.1	ENSG00000238290.2	ERRFI1-DT
ENST00000777670.1	ENSG00000238290.2	ERRFI1-DT
ENST00000777671.1	ENSG00000238290.2	ERRFI1-DT
ENST00000777672.1	ENSG00000238290.2	ERRFI1-DT
ENST00000777673.1	ENSG00000238290.2	ERRFI1-DT
ENST00000777675.1	ENSG00000238290.2	ERRFI1-DT
ENST00000589010.1	ENSG00000267696.6	ERVK-28
ENST00000846935.1	ENSG00000265992.2	ESRG
ENST00000453370.1	ENSG00000234197.1	ETV5-AS1
ENST00000451622.2	ENSG00000231172.2	EVA1A-AS
ENST00000435388.4	ENSG00000230337.5	EXOSC10-AS1
ENST00000447600.2	ENSG00000230337.5	EXOSC10-AS1
ENST00000452378.1	ENSG00000230337.5	EXOSC10-AS1
ENST00000715290.1	ENSG00000230337.5	EXOSC10-AS1
ENST00000715292.1	ENSG00000230337.5	EXOSC10-AS1
ENST00000715293.1	ENSG00000230337.5	EXOSC10-AS1
ENST00000715294.2	ENSG00000230337.5	EXOSC10-AS1
ENST00000641778.2	ENSG00000225767.2	FAF1-AS1
ENST00000686764.2	ENSG00000225767.2	FAF1-AS1
ENST00000754098.1	ENSG00000225767.2	FAF1-AS1
ENST00000754099.1	ENSG00000225767.2	FAF1-AS1
ENST00000754100.1	ENSG00000225767.2	FAF1-AS1
ENST00000754307.1	ENSG00000225767.2	FAF1-AS1
ENST00000754312.1	ENSG00000225767.2	FAF1-AS1
ENST00000754313.1	ENSG00000225767.2	FAF1-AS1
ENST00000754314.1	ENSG00000225767.2	FAF1-AS1
ENST00000754315.1	ENSG00000225767.2	FAF1-AS1
ENST00000754316.1	ENSG00000225767.2	FAF1-AS1
ENST00000416894.2	ENSG00000228126.2	FALEC
ENST00000717990.1	ENSG00000228126.2	FALEC
ENST00000717991.1	ENSG00000228126.2	FALEC
ENST00000718312.1	ENSG00000228126.2	FALEC
ENST00000718313.1	ENSG00000228126.2	FALEC
ENST00000718314.1	ENSG00000228126.2	FALEC
ENST00000823964.1	ENSG00000228126.2	FALEC
ENST00000823965.1	ENSG00000228126.2	FALEC
ENST00000823966.1	ENSG00000228126.2	FALEC
ENST00000500765.2	ENSG00000248019.4	FAM13A-AS1
ENST00000511543.1	ENSG00000248019.4	FAM13A-AS1
ENST00000652855.1	ENSG00000248019.4	FAM13A-AS1
ENST00000659507.1	ENSG00000248019.4	FAM13A-AS1
ENST00000667757.1	ENSG00000248019.4	FAM13A-AS1
ENST00000668537.1	ENSG00000248019.4	FAM13A-AS1
ENST00000504300.3	ENSG00000249042.7	FAM151B-DT
ENST00000508000.6	ENSG00000249042.7	FAM151B-DT
ENST00000666568.1	ENSG00000249042.7	FAM151B-DT
ENST00000719640.1	ENSG00000249042.7	FAM151B-DT
ENST00000719642.1	ENSG00000249042.7	FAM151B-DT
ENST00000719643.1	ENSG00000249042.7	FAM151B-DT
ENST00000719644.1	ENSG00000249042.7	FAM151B-DT
ENST00000719645.1	ENSG00000249042.7	FAM151B-DT
ENST00000566898.1	ENSG00000260528.8	FAM157C
ENST00000833298.1	ENSG00000260528.8	FAM157C
ENST00000464125.1	ENSG00000244383.2	FAM3D-AS1
ENST00000649469.1	ENSG00000244383.2	FAM3D-AS1
ENST00000427857.2	ENSG00000230368.3	FAM41C
ENST00000745836.1	ENSG00000230368.3	FAM41C
ENST00000745837.1	ENSG00000230368.3	FAM41C
ENST00000745838.1	ENSG00000230368.3	FAM41C
ENST00000745840.1	ENSG00000230368.3	FAM41C
ENST00000745841.1	ENSG00000230368.3	FAM41C
ENST00000745845.1	ENSG00000230368.3	FAM41C
ENST00000366136.2	ENSG00000203307.2	FAM78B-AS1
ENST00000834336.1	ENSG00000253893.3	FAM85B
ENST00000735439.1	ENSG00000290374.2	FAM86EP
ENST00000774971.1	ENSG00000291071.2	FAM86JP
ENST00000430785.1	ENSG00000290596.2	FAR2P2
ENST00000748220.1	ENSG00000290596.2	FAR2P2
ENST00000748225.1	ENSG00000290596.2	FAR2P2
ENST00000748226.1	ENSG00000290596.2	FAR2P2
ENST00000748227.1	ENSG00000290596.2	FAR2P2
ENST00000748228.1	ENSG00000290596.2	FAR2P2
ENST00000748229.1	ENSG00000290596.2	FAR2P2
ENST00000748231.1	ENSG00000290596.2	FAR2P2
ENST00000748242.1	ENSG00000290596.2	FAR2P2
ENST00000748247.1	ENSG00000290596.2	FAR2P2
ENST00000748255.1	ENSG00000290596.2	FAR2P2
ENST00000748256.1	ENSG00000290596.2	FAR2P2
ENST00000432957.1	ENSG00000231534.1	FBXO36-IT1
ENST00000661718.1	ENSG00000247199.7	FBXO38-DT
ENST00000605147.1	ENSG00000270751.1	FBXW7-AS1
ENST00000369178.7	ENSG00000291135.2	FCGR1BP
ENST00000369383.10	ENSG00000291135.2	FCGR1BP
ENST00000369384.11	ENSG00000291135.2	FCGR1BP
ENST00000453173.3	ENSG00000291135.2	FCGR1BP
ENST00000466915.3	ENSG00000291135.2	FCGR1BP
ENST00000471609.3	ENSG00000291135.2	FCGR1BP
ENST00000472543.7	ENSG00000291135.2	FCGR1BP
ENST00000615565.4	ENSG00000291135.2	FCGR1BP
ENST00000697335.1	ENSG00000291135.2	FCGR1BP
ENST00000697336.1	ENSG00000291135.2	FCGR1BP
ENST00000700794.2	ENSG00000291135.2	FCGR1BP
ENST00000700943.2	ENSG00000291135.2	FCGR1BP
ENST00000700986.2	ENSG00000291135.2	FCGR1BP
ENST00000701453.2	ENSG00000291135.2	FCGR1BP
ENST00000701628.1	ENSG00000291135.2	FCGR1BP
ENST00000701713.2	ENSG00000291135.2	FCGR1BP
ENST00000701949.2	ENSG00000291135.2	FCGR1BP
ENST00000702526.2	ENSG00000291135.2	FCGR1BP
ENST00000702760.1	ENSG00000291135.2	FCGR1BP
ENST00000702854.1	ENSG00000291135.2	FCGR1BP
ENST00000768787.1	ENSG00000291135.2	FCGR1BP
ENST00000768788.1	ENSG00000291135.2	FCGR1BP
ENST00000768789.1	ENSG00000291135.2	FCGR1BP
ENST00000768790.1	ENSG00000291135.2	FCGR1BP
ENST00000768791.1	ENSG00000291135.2	FCGR1BP
ENST00000768792.1	ENSG00000291135.2	FCGR1BP
ENST00000768793.1	ENSG00000291135.2	FCGR1BP
ENST00000768794.1	ENSG00000291135.2	FCGR1BP
ENST00000768795.1	ENSG00000291135.2	FCGR1BP
ENST00000768796.1	ENSG00000291135.2	FCGR1BP
ENST00000768797.1	ENSG00000291135.2	FCGR1BP
ENST00000768798.1	ENSG00000291135.2	FCGR1BP
ENST00000768799.1	ENSG00000291135.2	FCGR1BP
ENST00000768800.1	ENSG00000291135.2	FCGR1BP
ENST00000768801.1	ENSG00000291135.2	FCGR1BP
ENST00000768802.1	ENSG00000291135.2	FCGR1BP
ENST00000768803.1	ENSG00000291135.2	FCGR1BP
ENST00000768804.1	ENSG00000291135.2	FCGR1BP
ENST00000768805.1	ENSG00000291135.2	FCGR1BP
ENST00000768806.1	ENSG00000291135.2	FCGR1BP
ENST00000768807.1	ENSG00000291135.2	FCGR1BP
ENST00000768808.1	ENSG00000291135.2	FCGR1BP
ENST00000768810.1	ENSG00000291135.2	FCGR1BP
ENST00000768811.1	ENSG00000291135.2	FCGR1BP
ENST00000606587.2	ENSG00000272081.2	FCHO2-DT
ENST00000819922.1	ENSG00000272081.2	FCHO2-DT
ENST00000453692.1	ENSG00000227217.2	FCRL3-AS1
ENST00000780133.1	ENSG00000227217.2	FCRL3-AS1
ENST00000611158.1	ENSG00000290338.1	FGD5P1
ENST00000530635.1	ENSG00000231383.2	FGF12-AS1
ENST00000443165.1	ENSG00000230126.1	FGF12-AS2
ENST00000623801.1	ENSG00000279891.1	FLJ42393
ENST00000367754.3	ENSG00000293458.1	FMO6P
ENST00000633725.1	ENSG00000293458.1	FMO6P
ENST00000639860.1	ENSG00000293458.1	FMO6P
ENST00000639957.1	ENSG00000293458.1	FMO6P
ENST00000477875.7	ENSG00000290604.2	FMO9P
ENST00000812486.1	ENSG00000290604.2	FMO9P
ENST00000412951.2	ENSG00000230695.3	FN1-DT
ENST00000688966.2	ENSG00000230695.3	FN1-DT
ENST00000725114.1	ENSG00000230695.3	FN1-DT
ENST00000725115.1	ENSG00000230695.3	FN1-DT
ENST00000725116.1	ENSG00000230695.3	FN1-DT
ENST00000725117.1	ENSG00000230695.3	FN1-DT
ENST00000725118.1	ENSG00000230695.3	FN1-DT
ENST00000725119.1	ENSG00000230695.3	FN1-DT
ENST00000725120.1	ENSG00000230695.3	FN1-DT
ENST00000465742.2	ENSG00000244203.3	FOXP1-AS1
ENST00000850289.1	ENSG00000244203.3	FOXP1-AS1
ENST00000604491.2	ENSG00000270562.2	FOXP1-DT
ENST00000850463.1	ENSG00000270562.2	FOXP1-DT
ENST00000419650.1	ENSG00000232991.5	GACAT1
ENST00000602767.2	ENSG00000270084.2	GAS5-AS1
ENST00000503611.5	ENSG00000248429.6	GASK1B-AS1
ENST00000505532.5	ENSG00000248429.6	GASK1B-AS1
ENST00000508752.1	ENSG00000248429.6	GASK1B-AS1
ENST00000509463.5	ENSG00000248429.6	GASK1B-AS1
ENST00000514381.1	ENSG00000248429.6	GASK1B-AS1
ENST00000763796.1	ENSG00000248429.6	GASK1B-AS1
ENST00000803175.1	ENSG00000248429.6	GASK1B-AS1
ENST00000803176.1	ENSG00000248429.6	GASK1B-AS1
ENST00000803177.1	ENSG00000248429.6	GASK1B-AS1
ENST00000803178.1	ENSG00000248429.6	GASK1B-AS1
ENST00000464242.2	ENSG00000244300.4	GATA2-AS1
ENST00000468377.1	ENSG00000244300.4	GATA2-AS1
ENST00000473958.1	ENSG00000244300.4	GATA2-AS1
ENST00000669945.1	ENSG00000244300.4	GATA2-AS1
ENST00000740166.1	ENSG00000244300.4	GATA2-AS1
ENST00000740167.1	ENSG00000244300.4	GATA2-AS1
ENST00000740168.1	ENSG00000244300.4	GATA2-AS1
ENST00000740169.1	ENSG00000244300.4	GATA2-AS1
ENST00000740170.1	ENSG00000244300.4	GATA2-AS1
ENST00000740171.1	ENSG00000244300.4	GATA2-AS1
ENST00000740172.1	ENSG00000244300.4	GATA2-AS1
ENST00000740173.1	ENSG00000244300.4	GATA2-AS1
ENST00000740174.1	ENSG00000244300.4	GATA2-AS1
ENST00000740175.1	ENSG00000244300.4	GATA2-AS1
ENST00000740176.1	ENSG00000244300.4	GATA2-AS1
ENST00000513638.5	ENSG00000290525.2	GBP1P1
ENST00000784564.1	ENSG00000290525.2	GBP1P1
ENST00000784566.1	ENSG00000290525.2	GBP1P1
ENST00000784567.1	ENSG00000290525.2	GBP1P1
ENST00000784568.1	ENSG00000290525.2	GBP1P1
ENST00000784569.1	ENSG00000290525.2	GBP1P1
ENST00000483218.1	ENSG00000233611.5	GBX2-AS1
ENST00000685281.2	ENSG00000233611.5	GBX2-AS1
ENST00000686834.2	ENSG00000233611.5	GBX2-AS1
ENST00000692565.1	ENSG00000233611.5	GBX2-AS1
ENST00000692928.2	ENSG00000233611.5	GBX2-AS1
ENST00000763428.1	ENSG00000233611.5	GBX2-AS1
ENST00000763429.1	ENSG00000233611.5	GBX2-AS1
ENST00000763430.1	ENSG00000233611.5	GBX2-AS1
ENST00000763431.1	ENSG00000233611.5	GBX2-AS1
ENST00000763432.1	ENSG00000233611.5	GBX2-AS1
ENST00000763433.1	ENSG00000233611.5	GBX2-AS1
ENST00000763434.1	ENSG00000233611.5	GBX2-AS1
ENST00000763435.1	ENSG00000233611.5	GBX2-AS1
ENST00000763436.1	ENSG00000233611.5	GBX2-AS1
ENST00000763437.1	ENSG00000233611.5	GBX2-AS1
ENST00000763438.1	ENSG00000233611.5	GBX2-AS1
ENST00000763439.1	ENSG00000233611.5	GBX2-AS1
ENST00000763440.1	ENSG00000233611.5	GBX2-AS1
ENST00000763441.1	ENSG00000233611.5	GBX2-AS1
ENST00000763442.1	ENSG00000233611.5	GBX2-AS1
ENST00000763443.1	ENSG00000233611.5	GBX2-AS1
ENST00000763444.1	ENSG00000233611.5	GBX2-AS1
ENST00000763445.1	ENSG00000233611.5	GBX2-AS1
ENST00000763446.1	ENSG00000233611.5	GBX2-AS1
ENST00000763447.1	ENSG00000233611.5	GBX2-AS1
ENST00000763448.1	ENSG00000233611.5	GBX2-AS1
ENST00000763449.1	ENSG00000233611.5	GBX2-AS1
ENST00000763450.1	ENSG00000233611.5	GBX2-AS1
ENST00000415628.1	ENSG00000232520.3	GCSIR
ENST00000658438.1	ENSG00000232520.3	GCSIR
ENST00000663229.1	ENSG00000232520.3	GCSIR
ENST00000670310.1	ENSG00000232520.3	GCSIR
ENST00000770323.1	ENSG00000232520.3	GCSIR
ENST00000439539.3	ENSG00000240288.8	GHRLOS
ENST00000603771.1	ENSG00000240288.8	GHRLOS
ENST00000605014.5	ENSG00000240288.8	GHRLOS
ENST00000605105.5	ENSG00000240288.8	GHRLOS
ENST00000662597.1	ENSG00000240288.8	GHRLOS
ENST00000412228.1	ENSG00000231050.4	GNB1-DT
ENST00000685593.2	ENSG00000231050.4	GNB1-DT
ENST00000686550.2	ENSG00000231050.4	GNB1-DT
ENST00000689170.2	ENSG00000231050.4	GNB1-DT
ENST00000702668.2	ENSG00000231050.4	GNB1-DT
ENST00000798456.1	ENSG00000231050.4	GNB1-DT
ENST00000798457.1	ENSG00000231050.4	GNB1-DT
ENST00000798458.1	ENSG00000231050.4	GNB1-DT
ENST00000798459.1	ENSG00000231050.4	GNB1-DT
ENST00000798460.1	ENSG00000231050.4	GNB1-DT
ENST00000798461.1	ENSG00000231050.4	GNB1-DT
ENST00000798462.1	ENSG00000231050.4	GNB1-DT
ENST00000798463.1	ENSG00000231050.4	GNB1-DT
ENST00000798464.1	ENSG00000231050.4	GNB1-DT
ENST00000798465.1	ENSG00000231050.4	GNB1-DT
ENST00000798466.1	ENSG00000231050.4	GNB1-DT
ENST00000798467.1	ENSG00000231050.4	GNB1-DT
ENST00000798468.1	ENSG00000231050.4	GNB1-DT
ENST00000413628.5	ENSG00000232284.10	GNG12-AS1
ENST00000414904.1	ENSG00000232284.10	GNG12-AS1
ENST00000420587.5	ENSG00000232284.10	GNG12-AS1
ENST00000434072.1	ENSG00000232284.10	GNG12-AS1
ENST00000688125.3	ENSG00000232284.10	GNG12-AS1
ENST00000786420.1	ENSG00000232284.10	GNG12-AS1
ENST00000786421.1	ENSG00000232284.10	GNG12-AS1
ENST00000826365.1	ENSG00000232284.10	GNG12-AS1
ENST00000312753.9	ENSG00000293505.1	GNRHR2
ENST00000361928.2	ENSG00000293505.1	GNRHR2
ENST00000604273.1	ENSG00000293505.1	GNRHR2
ENST00000619161.5	ENSG00000293505.1	GNRHR2
ENST00000703080.2	ENSG00000293505.1	GNRHR2
ENST00000514864.1	ENSG00000249106.1	GPM6A-DT
ENST00000448791.1	ENSG00000226698.1	GPN2-AS1
ENST00000444196.2	ENSG00000226853.6	GPR155-DT
ENST00000703040.2	ENSG00000226853.6	GPR155-DT
ENST00000454890.1	ENSG00000230385.2	GPR55-AS1
ENST00000637275.2	ENSG00000230385.2	GPR55-AS1
ENST00000770132.1	ENSG00000230385.2	GPR55-AS1
ENST00000770133.1	ENSG00000230385.2	GPR55-AS1
ENST00000770134.1	ENSG00000230385.2	GPR55-AS1
ENST00000658071.2	ENSG00000261729.3	GS1-204I12.4
ENST00000665571.1	ENSG00000261729.3	GS1-204I12.4
ENST00000785884.1	ENSG00000261729.3	GS1-204I12.4
ENST00000785885.1	ENSG00000261729.3	GS1-204I12.4
ENST00000785886.1	ENSG00000261729.3	GS1-204I12.4
ENST00000785887.1	ENSG00000261729.3	GS1-204I12.4
ENST00000785888.1	ENSG00000261729.3	GS1-204I12.4
ENST00000785889.1	ENSG00000261729.3	GS1-204I12.4
ENST00000785890.1	ENSG00000261729.3	GS1-204I12.4
ENST00000785891.1	ENSG00000261729.3	GS1-204I12.4
ENST00000508719.2	ENSG00000250377.3	GSCAR
ENST00000653354.2	ENSG00000250377.3	GSCAR
ENST00000659756.2	ENSG00000250377.3	GSCAR
ENST00000663453.2	ENSG00000250377.3	GSCAR
ENST00000666338.2	ENSG00000250377.3	GSCAR
ENST00000788290.1	ENSG00000250377.3	GSCAR
ENST00000788291.1	ENSG00000250377.3	GSCAR
ENST00000788292.1	ENSG00000250377.3	GSCAR
ENST00000788293.1	ENSG00000250377.3	GSCAR
ENST00000788294.1	ENSG00000250377.3	GSCAR
ENST00000788295.1	ENSG00000250377.3	GSCAR
ENST00000788296.1	ENSG00000250377.3	GSCAR
ENST00000788297.1	ENSG00000250377.3	GSCAR
ENST00000788298.1	ENSG00000250377.3	GSCAR
ENST00000788299.1	ENSG00000250377.3	GSCAR
ENST00000788300.1	ENSG00000250377.3	GSCAR
ENST00000788301.1	ENSG00000250377.3	GSCAR
ENST00000788302.1	ENSG00000250377.3	GSCAR
ENST00000788303.1	ENSG00000250377.3	GSCAR
ENST00000788304.1	ENSG00000250377.3	GSCAR
ENST00000788305.1	ENSG00000250377.3	GSCAR
ENST00000788306.1	ENSG00000250377.3	GSCAR
ENST00000469070.2	ENSG00000242622.5	GSK3B-DT
ENST00000484076.1	ENSG00000242622.5	GSK3B-DT
ENST00000485898.2	ENSG00000242622.5	GSK3B-DT
ENST00000686307.3	ENSG00000242622.5	GSK3B-DT
ENST00000834988.1	ENSG00000242622.5	GSK3B-DT
ENST00000834989.1	ENSG00000242622.5	GSK3B-DT
ENST00000834990.1	ENSG00000242622.5	GSK3B-DT
ENST00000834991.1	ENSG00000242622.5	GSK3B-DT
ENST00000834992.1	ENSG00000242622.5	GSK3B-DT
ENST00000834993.1	ENSG00000242622.5	GSK3B-DT
ENST00000834994.1	ENSG00000242622.5	GSK3B-DT
ENST00000834995.1	ENSG00000242622.5	GSK3B-DT
ENST00000834996.1	ENSG00000242622.5	GSK3B-DT
ENST00000834997.1	ENSG00000242622.5	GSK3B-DT
ENST00000834998.1	ENSG00000242622.5	GSK3B-DT
ENST00000834999.1	ENSG00000242622.5	GSK3B-DT
ENST00000835000.1	ENSG00000242622.5	GSK3B-DT
ENST00000835001.1	ENSG00000242622.5	GSK3B-DT
ENST00000835002.1	ENSG00000242622.5	GSK3B-DT
ENST00000835003.1	ENSG00000242622.5	GSK3B-DT
ENST00000422799.1	ENSG00000232377.1	GTDC1-AS1
ENST00000416453.8	ENSG00000234945.9	GTF3C2-AS1
ENST00000585326.5	ENSG00000234945.9	GTF3C2-AS1
ENST00000585645.7	ENSG00000234945.9	GTF3C2-AS1
ENST00000587586.5	ENSG00000234945.9	GTF3C2-AS1
ENST00000588707.5	ENSG00000234945.9	GTF3C2-AS1
ENST00000589232.5	ENSG00000234945.9	GTF3C2-AS1
ENST00000589853.3	ENSG00000234945.9	GTF3C2-AS1
ENST00000590383.4	ENSG00000234945.9	GTF3C2-AS1
ENST00000590754.5	ENSG00000234945.9	GTF3C2-AS1
ENST00000592265.5	ENSG00000234945.9	GTF3C2-AS1
ENST00000608473.5	ENSG00000234945.9	GTF3C2-AS1
ENST00000625728.1	ENSG00000234945.9	GTF3C2-AS1
ENST00000626256.1	ENSG00000234945.9	GTF3C2-AS1
ENST00000655380.1	ENSG00000234945.9	GTF3C2-AS1
ENST00000662609.1	ENSG00000234945.9	GTF3C2-AS1
ENST00000732733.1	ENSG00000234945.9	GTF3C2-AS1
ENST00000732734.1	ENSG00000234945.9	GTF3C2-AS1
ENST00000412749.2	ENSG00000234072.2	GTF3C2-AS2
ENST00000453289.1	ENSG00000234072.2	GTF3C2-AS2
ENST00000847761.1	ENSG00000234072.2	GTF3C2-AS2
ENST00000798599.1	ENSG00000290560.2	GUSBP3
ENST00000798602.1	ENSG00000290560.2	GUSBP3
ENST00000396724.4	ENSG00000251600.10	GUSBP5
ENST00000505000.1	ENSG00000251600.10	GUSBP5
ENST00000506982.1	ENSG00000251600.10	GUSBP5
ENST00000509369.2	ENSG00000251600.10	GUSBP5
ENST00000510805.1	ENSG00000251600.10	GUSBP5
ENST00000514475.2	ENSG00000251600.10	GUSBP5
ENST00000641428.1	ENSG00000251600.10	GUSBP5
ENST00000653310.1	ENSG00000251600.10	GUSBP5
ENST00000671307.2	ENSG00000251600.10	GUSBP5
ENST00000793857.1	ENSG00000251600.10	GUSBP5
ENST00000793860.1	ENSG00000251600.10	GUSBP5
ENST00000793861.1	ENSG00000251600.10	GUSBP5
ENST00000793863.1	ENSG00000251600.10	GUSBP5
ENST00000793864.1	ENSG00000251600.10	GUSBP5
ENST00000793870.1	ENSG00000251600.10	GUSBP5
ENST00000793873.1	ENSG00000251600.10	GUSBP5
ENST00000793874.1	ENSG00000251600.10	GUSBP5
ENST00000793880.1	ENSG00000251600.10	GUSBP5
ENST00000793881.1	ENSG00000251600.10	GUSBP5
ENST00000793882.1	ENSG00000251600.10	GUSBP5
ENST00000793883.1	ENSG00000251600.10	GUSBP5
ENST00000793885.1	ENSG00000251600.10	GUSBP5
ENST00000793886.1	ENSG00000251600.10	GUSBP5
ENST00000793889.1	ENSG00000251600.10	GUSBP5
ENST00000793890.1	ENSG00000251600.10	GUSBP5
ENST00000793891.1	ENSG00000251600.10	GUSBP5
ENST00000793893.1	ENSG00000251600.10	GUSBP5
ENST00000793894.1	ENSG00000251600.10	GUSBP5
ENST00000793895.1	ENSG00000251600.10	GUSBP5
ENST00000793899.1	ENSG00000251600.10	GUSBP5
ENST00000793903.1	ENSG00000251600.10	GUSBP5
ENST00000793904.1	ENSG00000251600.10	GUSBP5
ENST00000383461.6	ENSG00000206417.9	H1-10-AS1
ENST00000433902.2	ENSG00000206417.9	H1-10-AS1
ENST00000502789.2	ENSG00000206417.9	H1-10-AS1
ENST00000511998.1	ENSG00000206417.9	H1-10-AS1
ENST00000823125.1	ENSG00000206417.9	H1-10-AS1
ENST00000823126.1	ENSG00000206417.9	H1-10-AS1
ENST00000823127.1	ENSG00000206417.9	H1-10-AS1
ENST00000823128.1	ENSG00000206417.9	H1-10-AS1
ENST00000823129.1	ENSG00000206417.9	H1-10-AS1
ENST00000823130.1	ENSG00000206417.9	H1-10-AS1
ENST00000823131.1	ENSG00000206417.9	H1-10-AS1
ENST00000823132.1	ENSG00000206417.9	H1-10-AS1
ENST00000823133.1	ENSG00000206417.9	H1-10-AS1
ENST00000823134.1	ENSG00000206417.9	H1-10-AS1
ENST00000823135.1	ENSG00000206417.9	H1-10-AS1
ENST00000823136.1	ENSG00000206417.9	H1-10-AS1
ENST00000823137.1	ENSG00000206417.9	H1-10-AS1
ENST00000823138.1	ENSG00000206417.9	H1-10-AS1
ENST00000823139.1	ENSG00000206417.9	H1-10-AS1
ENST00000823143.1	ENSG00000206417.9	H1-10-AS1
ENST00000823144.1	ENSG00000206417.9	H1-10-AS1
ENST00000823145.1	ENSG00000206417.9	H1-10-AS1
ENST00000823146.1	ENSG00000206417.9	H1-10-AS1
ENST00000823147.1	ENSG00000206417.9	H1-10-AS1
ENST00000823148.1	ENSG00000206417.9	H1-10-AS1
ENST00000823149.1	ENSG00000206417.9	H1-10-AS1
ENST00000823150.1	ENSG00000206417.9	H1-10-AS1
ENST00000823151.1	ENSG00000206417.9	H1-10-AS1
ENST00000823152.1	ENSG00000206417.9	H1-10-AS1
ENST00000823153.1	ENSG00000206417.9	H1-10-AS1
ENST00000823154.1	ENSG00000206417.9	H1-10-AS1
ENST00000823155.1	ENSG00000206417.9	H1-10-AS1
ENST00000823156.1	ENSG00000206417.9	H1-10-AS1
ENST00000823157.1	ENSG00000206417.9	H1-10-AS1
ENST00000823158.1	ENSG00000206417.9	H1-10-AS1
ENST00000823159.1	ENSG00000206417.9	H1-10-AS1
ENST00000823160.1	ENSG00000206417.9	H1-10-AS1
ENST00000823161.1	ENSG00000206417.9	H1-10-AS1
ENST00000823162.1	ENSG00000206417.9	H1-10-AS1
ENST00000823163.1	ENSG00000206417.9	H1-10-AS1
ENST00000823164.1	ENSG00000206417.9	H1-10-AS1
ENST00000823165.1	ENSG00000206417.9	H1-10-AS1
ENST00000823166.1	ENSG00000206417.9	H1-10-AS1
ENST00000823167.1	ENSG00000206417.9	H1-10-AS1
ENST00000501976.8	ENSG00000245322.9	H2AZ1-DT
ENST00000507494.7	ENSG00000245322.9	H2AZ1-DT
ENST00000514624.1	ENSG00000245322.9	H2AZ1-DT
ENST00000666876.1	ENSG00000245322.9	H2AZ1-DT
ENST00000702428.1	ENSG00000245322.9	H2AZ1-DT
ENST00000735770.1	ENSG00000245322.9	H2AZ1-DT
ENST00000735775.1	ENSG00000245322.9	H2AZ1-DT
ENST00000735782.1	ENSG00000245322.9	H2AZ1-DT
ENST00000735785.1	ENSG00000245322.9	H2AZ1-DT
ENST00000735786.1	ENSG00000245322.9	H2AZ1-DT
ENST00000735787.1	ENSG00000245322.9	H2AZ1-DT
ENST00000735788.1	ENSG00000245322.9	H2AZ1-DT
ENST00000426615.5	ENSG00000226363.5	HAGLROS
ENST00000502334.7	ENSG00000237125.14	HAND2-AS1
ENST00000502896.6	ENSG00000237125.14	HAND2-AS1
ENST00000503198.7	ENSG00000237125.14	HAND2-AS1
ENST00000503309.5	ENSG00000237125.14	HAND2-AS1
ENST00000503474.5	ENSG00000237125.14	HAND2-AS1
ENST00000504429.1	ENSG00000237125.14	HAND2-AS1
ENST00000504740.5	ENSG00000237125.14	HAND2-AS1
ENST00000505032.5	ENSG00000237125.14	HAND2-AS1
ENST00000505621.6	ENSG00000237125.14	HAND2-AS1
ENST00000505817.3	ENSG00000237125.14	HAND2-AS1
ENST00000507062.7	ENSG00000237125.14	HAND2-AS1
ENST00000507322.6	ENSG00000237125.14	HAND2-AS1
ENST00000507571.5	ENSG00000237125.14	HAND2-AS1
ENST00000508534.5	ENSG00000237125.14	HAND2-AS1
ENST00000508887.5	ENSG00000237125.14	HAND2-AS1
ENST00000509866.5	ENSG00000237125.14	HAND2-AS1
ENST00000510339.5	ENSG00000237125.14	HAND2-AS1
ENST00000511196.5	ENSG00000237125.14	HAND2-AS1
ENST00000511728.6	ENSG00000237125.14	HAND2-AS1
ENST00000512099.5	ENSG00000237125.14	HAND2-AS1
ENST00000512209.6	ENSG00000237125.14	HAND2-AS1
ENST00000514431.6	ENSG00000237125.14	HAND2-AS1
ENST00000515310.6	ENSG00000237125.14	HAND2-AS1
ENST00000515345.5	ENSG00000237125.14	HAND2-AS1
ENST00000515350.5	ENSG00000237125.14	HAND2-AS1
ENST00000515741.6	ENSG00000237125.14	HAND2-AS1
ENST00000561655.2	ENSG00000237125.14	HAND2-AS1
ENST00000616485.4	ENSG00000237125.14	HAND2-AS1
ENST00000642927.1	ENSG00000237125.14	HAND2-AS1
ENST00000645435.1	ENSG00000237125.14	HAND2-AS1
ENST00000645615.3	ENSG00000237125.14	HAND2-AS1
ENST00000645869.3	ENSG00000237125.14	HAND2-AS1
ENST00000646152.2	ENSG00000237125.14	HAND2-AS1
ENST00000647106.1	ENSG00000237125.14	HAND2-AS1
ENST00000647267.1	ENSG00000237125.14	HAND2-AS1
ENST00000686274.2	ENSG00000237125.14	HAND2-AS1
ENST00000686295.2	ENSG00000237125.14	HAND2-AS1
ENST00000686742.2	ENSG00000237125.14	HAND2-AS1
ENST00000687193.1	ENSG00000237125.14	HAND2-AS1
ENST00000688174.2	ENSG00000237125.14	HAND2-AS1
ENST00000688225.2	ENSG00000237125.14	HAND2-AS1
ENST00000688988.2	ENSG00000237125.14	HAND2-AS1
ENST00000689680.1	ENSG00000237125.14	HAND2-AS1
ENST00000689927.2	ENSG00000237125.14	HAND2-AS1
ENST00000690926.2	ENSG00000237125.14	HAND2-AS1
ENST00000691459.2	ENSG00000237125.14	HAND2-AS1
ENST00000701009.2	ENSG00000237125.14	HAND2-AS1
ENST00000701221.2	ENSG00000237125.14	HAND2-AS1
ENST00000702184.1	ENSG00000237125.14	HAND2-AS1
ENST00000702450.2	ENSG00000237125.14	HAND2-AS1
ENST00000785258.1	ENSG00000237125.14	HAND2-AS1
ENST00000785263.1	ENSG00000237125.14	HAND2-AS1
ENST00000785265.1	ENSG00000237125.14	HAND2-AS1
ENST00000785267.1	ENSG00000237125.14	HAND2-AS1
ENST00000785268.1	ENSG00000237125.14	HAND2-AS1
ENST00000785269.1	ENSG00000237125.14	HAND2-AS1
ENST00000785275.1	ENSG00000237125.14	HAND2-AS1
ENST00000785276.1	ENSG00000237125.14	HAND2-AS1
ENST00000785277.1	ENSG00000237125.14	HAND2-AS1
ENST00000785281.1	ENSG00000237125.14	HAND2-AS1
ENST00000785289.1	ENSG00000237125.14	HAND2-AS1
ENST00000785290.1	ENSG00000237125.14	HAND2-AS1
ENST00000785295.1	ENSG00000237125.14	HAND2-AS1
ENST00000785296.1	ENSG00000237125.14	HAND2-AS1
ENST00000785297.1	ENSG00000237125.14	HAND2-AS1
ENST00000785298.1	ENSG00000237125.14	HAND2-AS1
ENST00000785299.1	ENSG00000237125.14	HAND2-AS1
ENST00000785300.1	ENSG00000237125.14	HAND2-AS1
ENST00000785301.1	ENSG00000237125.14	HAND2-AS1
ENST00000785303.1	ENSG00000237125.14	HAND2-AS1
ENST00000785304.1	ENSG00000237125.14	HAND2-AS1
ENST00000785305.1	ENSG00000237125.14	HAND2-AS1
ENST00000785307.1	ENSG00000237125.14	HAND2-AS1
ENST00000785310.1	ENSG00000237125.14	HAND2-AS1
ENST00000785311.1	ENSG00000237125.14	HAND2-AS1
ENST00000785312.1	ENSG00000237125.14	HAND2-AS1
ENST00000785313.1	ENSG00000237125.14	HAND2-AS1
ENST00000785316.1	ENSG00000237125.14	HAND2-AS1
ENST00000785317.1	ENSG00000237125.14	HAND2-AS1
ENST00000785318.1	ENSG00000237125.14	HAND2-AS1
ENST00000785320.1	ENSG00000237125.14	HAND2-AS1
ENST00000785323.1	ENSG00000237125.14	HAND2-AS1
ENST00000785324.1	ENSG00000237125.14	HAND2-AS1
ENST00000785327.1	ENSG00000237125.14	HAND2-AS1
ENST00000785331.1	ENSG00000237125.14	HAND2-AS1
ENST00000785332.1	ENSG00000237125.14	HAND2-AS1
ENST00000785333.1	ENSG00000237125.14	HAND2-AS1
ENST00000785334.1	ENSG00000237125.14	HAND2-AS1
ENST00000785335.1	ENSG00000237125.14	HAND2-AS1
ENST00000785336.1	ENSG00000237125.14	HAND2-AS1
ENST00000785337.1	ENSG00000237125.14	HAND2-AS1
ENST00000785338.1	ENSG00000237125.14	HAND2-AS1
ENST00000785339.1	ENSG00000237125.14	HAND2-AS1
ENST00000785340.1	ENSG00000237125.14	HAND2-AS1
ENST00000785341.1	ENSG00000237125.14	HAND2-AS1
ENST00000785342.1	ENSG00000237125.14	HAND2-AS1
ENST00000785343.1	ENSG00000237125.14	HAND2-AS1
ENST00000785344.1	ENSG00000237125.14	HAND2-AS1
ENST00000785345.1	ENSG00000237125.14	HAND2-AS1
ENST00000785349.1	ENSG00000237125.14	HAND2-AS1
ENST00000785350.1	ENSG00000237125.14	HAND2-AS1
ENST00000785352.1	ENSG00000237125.14	HAND2-AS1
ENST00000785353.1	ENSG00000237125.14	HAND2-AS1
ENST00000785354.1	ENSG00000237125.14	HAND2-AS1
ENST00000785355.1	ENSG00000237125.14	HAND2-AS1
ENST00000785357.1	ENSG00000237125.14	HAND2-AS1
ENST00000785358.1	ENSG00000237125.14	HAND2-AS1
ENST00000785359.1	ENSG00000237125.14	HAND2-AS1
ENST00000785360.1	ENSG00000237125.14	HAND2-AS1
ENST00000785361.1	ENSG00000237125.14	HAND2-AS1
ENST00000829139.1	ENSG00000237125.14	HAND2-AS1
ENST00000829140.1	ENSG00000237125.14	HAND2-AS1
ENST00000419144.1	ENSG00000230921.1	HAO2-IT1
ENST00000409526.2	ENSG00000222020.6	HDAC4-AS1
ENST00000413029.3	ENSG00000222020.6	HDAC4-AS1
ENST00000428471.4	ENSG00000222020.6	HDAC4-AS1
ENST00000670479.4	ENSG00000222020.6	HDAC4-AS1
ENST00000688456.2	ENSG00000222020.6	HDAC4-AS1
ENST00000690671.3	ENSG00000222020.6	HDAC4-AS1
ENST00000691044.3	ENSG00000222020.6	HDAC4-AS1
ENST00000750736.1	ENSG00000222020.6	HDAC4-AS1
ENST00000750737.1	ENSG00000222020.6	HDAC4-AS1
ENST00000750738.1	ENSG00000222020.6	HDAC4-AS1
ENST00000750739.1	ENSG00000222020.6	HDAC4-AS1
ENST00000750740.1	ENSG00000222020.6	HDAC4-AS1
ENST00000430904.3	ENSG00000229056.3	HECW2-AS1
ENST00000433933.1	ENSG00000229056.3	HECW2-AS1
ENST00000605907.1	ENSG00000229056.3	HECW2-AS1
ENST00000748258.1	ENSG00000229056.3	HECW2-AS1
ENST00000834227.1	ENSG00000237742.9	HEY2-AS1
ENST00000834228.1	ENSG00000237742.9	HEY2-AS1
ENST00000834229.1	ENSG00000237742.9	HEY2-AS1
ENST00000600839.3	ENSG00000230970.4	HHATL-AS1
ENST00000476385.1	ENSG00000243818.8	HLMR1
ENST00000479792.1	ENSG00000243818.8	HLMR1
ENST00000654729.1	ENSG00000243818.8	HLMR1
ENST00000655382.1	ENSG00000243818.8	HLMR1
ENST00000655467.1	ENSG00000243818.8	HLMR1
ENST00000656965.1	ENSG00000243818.8	HLMR1
ENST00000657885.1	ENSG00000243818.8	HLMR1
ENST00000658594.1	ENSG00000243818.8	HLMR1
ENST00000658642.1	ENSG00000243818.8	HLMR1
ENST00000659017.1	ENSG00000243818.8	HLMR1
ENST00000661944.1	ENSG00000243818.8	HLMR1
ENST00000662125.1	ENSG00000243818.8	HLMR1
ENST00000663511.1	ENSG00000243818.8	HLMR1
ENST00000664203.3	ENSG00000243818.8	HLMR1
ENST00000665496.1	ENSG00000243818.8	HLMR1
ENST00000666651.2	ENSG00000243818.8	HLMR1
ENST00000668368.1	ENSG00000243818.8	HLMR1
ENST00000668430.1	ENSG00000243818.8	HLMR1
ENST00000669437.1	ENSG00000243818.8	HLMR1
ENST00000670740.1	ENSG00000243818.8	HLMR1
ENST00000671570.1	ENSG00000243818.8	HLMR1
ENST00000700987.1	ENSG00000243818.8	HLMR1
ENST00000769319.1	ENSG00000243818.8	HLMR1
ENST00000769320.1	ENSG00000243818.8	HLMR1
ENST00000492461.1	ENSG00000239718.1	HLTF-AS1
ENST00000494540.6	ENSG00000290439.2	HSD17B7P2
ENST00000812332.1	ENSG00000290439.2	HSD17B7P2
ENST00000503893.2	ENSG00000251075.3	HTT-AS
ENST00000657282.1	ENSG00000251075.3	HTT-AS
ENST00000660368.2	ENSG00000251075.3	HTT-AS
ENST00000664062.1	ENSG00000251075.3	HTT-AS
ENST00000444386.1	ENSG00000229348.1	HYI-AS1
ENST00000745880.1	ENSG00000253507.7	IADEN
ENST00000429480.3	ENSG00000225077.4	ICMT-DT
ENST00000441724.1	ENSG00000225077.4	ICMT-DT
ENST00000650463.1	ENSG00000225077.4	ICMT-DT
ENST00000796165.1	ENSG00000225077.4	ICMT-DT
ENST00000796166.1	ENSG00000225077.4	ICMT-DT
ENST00000796167.1	ENSG00000225077.4	ICMT-DT
ENST00000796168.1	ENSG00000225077.4	ICMT-DT
ENST00000796169.1	ENSG00000225077.4	ICMT-DT
ENST00000796170.1	ENSG00000225077.4	ICMT-DT
ENST00000796171.1	ENSG00000225077.4	ICMT-DT
ENST00000796172.1	ENSG00000225077.4	ICMT-DT
ENST00000796173.1	ENSG00000225077.4	ICMT-DT
ENST00000796174.1	ENSG00000225077.4	ICMT-DT
ENST00000832347.1	ENSG00000231908.3	IDH1-AS1
ENST00000357045.4	ENSG00000237655.1	IFT70A-AS1
ENST00000296270.1	ENSG00000163915.7	IGF2BP2-AS1
ENST00000456447.5	ENSG00000163915.7	IGF2BP2-AS1
ENST00000470754.1	ENSG00000163915.7	IGF2BP2-AS1
ENST00000496717.1	ENSG00000163915.7	IGF2BP2-AS1
ENST00000477009.3	ENSG00000239877.4	IGSF11-AS1
ENST00000669213.1	ENSG00000239877.4	IGSF11-AS1
ENST00000428188.2	ENSG00000226925.2	IL1R1-AS1
ENST00000799943.1	ENSG00000226925.2	IL1R1-AS1
ENST00000799944.1	ENSG00000226925.2	IL1R1-AS1
ENST00000799945.1	ENSG00000226925.2	IL1R1-AS1
ENST00000417927.1	ENSG00000227145.3	IL21-AS1
ENST00000660809.1	ENSG00000227145.3	IL21-AS1
ENST00000667001.1	ENSG00000227145.3	IL21-AS1
ENST00000775025.1	ENSG00000227145.3	IL21-AS1
ENST00000500093.3	ENSG00000227908.6	IL6ST-DT
ENST00000686866.3	ENSG00000227908.6	IL6ST-DT
ENST00000720008.1	ENSG00000227908.6	IL6ST-DT
ENST00000720009.1	ENSG00000227908.6	IL6ST-DT
ENST00000720010.1	ENSG00000227908.6	IL6ST-DT
ENST00000720011.1	ENSG00000227908.6	IL6ST-DT
ENST00000720012.1	ENSG00000227908.6	IL6ST-DT
ENST00000430373.3	ENSG00000227811.4	INKA2-AS1
ENST00000524935.2	ENSG00000227811.4	INKA2-AS1
ENST00000658759.1	ENSG00000227811.4	INKA2-AS1
ENST00000730712.1	ENSG00000227811.4	INKA2-AS1
ENST00000821757.1	ENSG00000289530.2	INKILN
ENST00000420509.2	ENSG00000227946.4	INO80D-AS1
ENST00000435627.1	ENSG00000227946.4	INO80D-AS1
ENST00000636118.1	ENSG00000283192.1	INO80D-AS1
ENST00000637449.1	ENSG00000283192.1	INO80D-AS1
ENST00000692379.3	ENSG00000227946.4	INO80D-AS1
ENST00000810367.1	ENSG00000227946.4	INO80D-AS1
ENST00000419993.1	ENSG00000230955.1	INPP5B-AS1
ENST00000413353.1	ENSG00000232893.1	IQCA1-AS1
ENST00000414493.1	ENSG00000293437.1	IQCF4P
ENST00000422896.1	ENSG00000293437.1	IQCF4P
ENST00000433169.5	ENSG00000293437.1	IQCF4P
ENST00000440723.1	ENSG00000235455.1	IQCF5-AS1
ENST00000605834.2	ENSG00000271646.2	IRF2-DT
ENST00000667665.1	ENSG00000271646.2	IRF2-DT
ENST00000696854.2	ENSG00000271646.2	IRF2-DT
ENST00000696855.1	ENSG00000271646.2	IRF2-DT
ENST00000717452.1	ENSG00000271646.2	IRF2-DT
ENST00000397835.4	ENSG00000186493.14	IRX2-DT
ENST00000515640.5	ENSG00000186493.14	IRX2-DT
ENST00000647681.1	ENSG00000186493.14	IRX2-DT
ENST00000649739.1	ENSG00000186493.14	IRX2-DT
ENST00000650439.1	ENSG00000186493.14	IRX2-DT
ENST00000506335.3	ENSG00000249116.3	IRX4-AS1
ENST00000692531.2	ENSG00000249116.3	IRX4-AS1
ENST00000693594.2	ENSG00000249116.3	IRX4-AS1
ENST00000755142.1	ENSG00000249116.3	IRX4-AS1
ENST00000755143.1	ENSG00000249116.3	IRX4-AS1
ENST00000755144.1	ENSG00000249116.3	IRX4-AS1
ENST00000495917.1	ENSG00000244286.1	ITGB5-AS1
ENST00000478366.1	ENSG00000239799.1	ITIH4-AS1
ENST00000453525.1	ENSG00000228548.1	ITPKB-AS1
ENST00000626286.1	ENSG00000280711.1	JADRR
ENST00000608236.3	ENSG00000272654.3	JTB-DT
ENST00000419531.3	ENSG00000234807.10	JUN-DT
ENST00000649834.1	ENSG00000234807.10	JUN-DT
ENST00000653297.1	ENSG00000234807.10	JUN-DT
ENST00000663144.1	ENSG00000234807.10	JUN-DT
ENST00000669294.1	ENSG00000234807.10	JUN-DT
ENST00000685887.2	ENSG00000234807.10	JUN-DT
ENST00000693275.3	ENSG00000234807.10	JUN-DT
ENST00000715609.1	ENSG00000234807.10	JUN-DT
ENST00000715611.1	ENSG00000234807.10	JUN-DT
ENST00000715612.1	ENSG00000234807.10	JUN-DT
ENST00000715613.2	ENSG00000234807.10	JUN-DT
ENST00000715614.2	ENSG00000234807.10	JUN-DT
ENST00000715615.1	ENSG00000234807.10	JUN-DT
ENST00000715616.1	ENSG00000234807.10	JUN-DT
ENST00000715617.2	ENSG00000234807.10	JUN-DT
ENST00000715619.1	ENSG00000234807.10	JUN-DT
ENST00000715622.1	ENSG00000234807.10	JUN-DT
ENST00000715623.1	ENSG00000234807.10	JUN-DT
ENST00000715624.2	ENSG00000234807.10	JUN-DT
ENST00000715625.1	ENSG00000234807.10	JUN-DT
ENST00000715627.2	ENSG00000234807.10	JUN-DT
ENST00000715632.1	ENSG00000234807.10	JUN-DT
ENST00000715634.1	ENSG00000234807.10	JUN-DT
ENST00000715635.1	ENSG00000234807.10	JUN-DT
ENST00000715637.1	ENSG00000234807.10	JUN-DT
ENST00000715638.1	ENSG00000234807.10	JUN-DT
ENST00000842947.1	ENSG00000234807.10	JUN-DT
ENST00000842950.1	ENSG00000234807.10	JUN-DT
ENST00000842951.1	ENSG00000234807.10	JUN-DT
ENST00000842952.1	ENSG00000234807.10	JUN-DT
ENST00000842953.1	ENSG00000234807.10	JUN-DT
ENST00000842954.1	ENSG00000234807.10	JUN-DT
ENST00000842955.1	ENSG00000234807.10	JUN-DT
ENST00000842956.1	ENSG00000234807.10	JUN-DT
ENST00000842957.1	ENSG00000234807.10	JUN-DT
ENST00000842958.1	ENSG00000234807.10	JUN-DT
ENST00000842959.1	ENSG00000234807.10	JUN-DT
ENST00000842960.1	ENSG00000234807.10	JUN-DT
ENST00000842961.1	ENSG00000234807.10	JUN-DT
ENST00000842962.1	ENSG00000234807.10	JUN-DT
ENST00000842963.1	ENSG00000234807.10	JUN-DT
ENST00000842964.1	ENSG00000234807.10	JUN-DT
ENST00000842965.1	ENSG00000234807.10	JUN-DT
ENST00000842966.1	ENSG00000234807.10	JUN-DT
ENST00000842967.1	ENSG00000234807.10	JUN-DT
ENST00000842968.1	ENSG00000234807.10	JUN-DT
ENST00000842969.1	ENSG00000234807.10	JUN-DT
ENST00000842970.1	ENSG00000234807.10	JUN-DT
ENST00000842971.1	ENSG00000234807.10	JUN-DT
ENST00000842974.1	ENSG00000234807.10	JUN-DT
ENST00000842976.1	ENSG00000234807.10	JUN-DT
ENST00000842977.1	ENSG00000234807.10	JUN-DT
ENST00000842978.1	ENSG00000234807.10	JUN-DT
ENST00000842979.1	ENSG00000234807.10	JUN-DT
ENST00000842981.1	ENSG00000234807.10	JUN-DT
ENST00000842985.1	ENSG00000234807.10	JUN-DT
ENST00000842989.1	ENSG00000234807.10	JUN-DT
ENST00000842990.1	ENSG00000234807.10	JUN-DT
ENST00000842991.1	ENSG00000234807.10	JUN-DT
ENST00000842992.1	ENSG00000234807.10	JUN-DT
ENST00000842993.1	ENSG00000234807.10	JUN-DT
ENST00000842994.1	ENSG00000234807.10	JUN-DT
ENST00000842995.1	ENSG00000234807.10	JUN-DT
ENST00000842996.1	ENSG00000234807.10	JUN-DT
ENST00000842997.1	ENSG00000234807.10	JUN-DT
ENST00000842998.1	ENSG00000234807.10	JUN-DT
ENST00000842999.1	ENSG00000234807.10	JUN-DT
ENST00000843000.1	ENSG00000234807.10	JUN-DT
ENST00000843002.1	ENSG00000234807.10	JUN-DT
ENST00000843003.1	ENSG00000234807.10	JUN-DT
ENST00000843004.1	ENSG00000234807.10	JUN-DT
ENST00000843006.1	ENSG00000234807.10	JUN-DT
ENST00000843007.1	ENSG00000234807.10	JUN-DT
ENST00000452057.1	ENSG00000229127.2	KANSL1L-AS1
ENST00000668130.1	ENSG00000229127.2	KANSL1L-AS1
ENST00000419258.1	ENSG00000237556.1	KCND3-AS1
ENST00000427471.1	ENSG00000237556.1	KCND3-AS1
ENST00000441125.1	ENSG00000237556.1	KCND3-AS1
ENST00000446838.2	ENSG00000237750.3	KCNH7-AS1
ENST00000429315.3	ENSG00000227398.7	KIF9-AS1
ENST00000670818.1	ENSG00000227398.7	KIF9-AS1
ENST00000689153.3	ENSG00000227398.7	KIF9-AS1
ENST00000701172.1	ENSG00000227398.7	KIF9-AS1
ENST00000723160.1	ENSG00000227398.7	KIF9-AS1
ENST00000723161.1	ENSG00000227398.7	KIF9-AS1
ENST00000723162.1	ENSG00000227398.7	KIF9-AS1
ENST00000723163.1	ENSG00000227398.7	KIF9-AS1
ENST00000723164.1	ENSG00000227398.7	KIF9-AS1
ENST00000723165.1	ENSG00000227398.7	KIF9-AS1
ENST00000723166.1	ENSG00000227398.7	KIF9-AS1
ENST00000723167.1	ENSG00000227398.7	KIF9-AS1
ENST00000723168.1	ENSG00000227398.7	KIF9-AS1
ENST00000723169.1	ENSG00000227398.7	KIF9-AS1
ENST00000723170.1	ENSG00000227398.7	KIF9-AS1
ENST00000723171.1	ENSG00000227398.7	KIF9-AS1
ENST00000723172.1	ENSG00000227398.7	KIF9-AS1
ENST00000723173.1	ENSG00000227398.7	KIF9-AS1
ENST00000723174.1	ENSG00000227398.7	KIF9-AS1
ENST00000723176.1	ENSG00000227398.7	KIF9-AS1
ENST00000723177.1	ENSG00000227398.7	KIF9-AS1
ENST00000723178.1	ENSG00000227398.7	KIF9-AS1
ENST00000723179.1	ENSG00000227398.7	KIF9-AS1
ENST00000723180.1	ENSG00000227398.7	KIF9-AS1
ENST00000723181.1	ENSG00000227398.7	KIF9-AS1
ENST00000723182.1	ENSG00000227398.7	KIF9-AS1
ENST00000419415.1	ENSG00000226520.1	KIRREL1-IT1
ENST00000491676.2	ENSG00000242522.2	KLHL6-AS1
ENST00000518152.1	ENSG00000246366.8	LACTB2-AS1
ENST00000444238.6	ENSG00000224699.13	LAMTOR5-AS1
ENST00000457535.7	ENSG00000224699.13	LAMTOR5-AS1
ENST00000585330.6	ENSG00000224699.13	LAMTOR5-AS1
ENST00000587691.1	ENSG00000224699.13	LAMTOR5-AS1
ENST00000590826.4	ENSG00000224699.13	LAMTOR5-AS1
ENST00000596890.3	ENSG00000224699.13	LAMTOR5-AS1
ENST00000597455.3	ENSG00000224699.13	LAMTOR5-AS1
ENST00000598158.5	ENSG00000224699.13	LAMTOR5-AS1
ENST00000598350.3	ENSG00000224699.13	LAMTOR5-AS1
ENST00000599202.5	ENSG00000224699.13	LAMTOR5-AS1
ENST00000608067.6	ENSG00000224699.13	LAMTOR5-AS1
ENST00000608077.1	ENSG00000224699.13	LAMTOR5-AS1
ENST00000608111.1	ENSG00000224699.13	LAMTOR5-AS1
ENST00000608152.1	ENSG00000224699.13	LAMTOR5-AS1
ENST00000608635.5	ENSG00000224699.13	LAMTOR5-AS1
ENST00000608719.5	ENSG00000224699.13	LAMTOR5-AS1
ENST00000609512.6	ENSG00000224699.13	LAMTOR5-AS1
ENST00000625584.1	ENSG00000224699.13	LAMTOR5-AS1
ENST00000625992.2	ENSG00000224699.13	LAMTOR5-AS1
ENST00000626261.1	ENSG00000224699.13	LAMTOR5-AS1
ENST00000626572.2	ENSG00000224699.13	LAMTOR5-AS1
ENST00000626643.3	ENSG00000224699.13	LAMTOR5-AS1
ENST00000627648.2	ENSG00000224699.13	LAMTOR5-AS1
ENST00000628225.2	ENSG00000224699.13	LAMTOR5-AS1
ENST00000629288.2	ENSG00000224699.13	LAMTOR5-AS1
ENST00000629484.1	ENSG00000224699.13	LAMTOR5-AS1
ENST00000630455.2	ENSG00000224699.13	LAMTOR5-AS1
ENST00000630488.1	ENSG00000224699.13	LAMTOR5-AS1
ENST00000630508.2	ENSG00000224699.13	LAMTOR5-AS1
ENST00000631010.1	ENSG00000224699.13	LAMTOR5-AS1
ENST00000631307.2	ENSG00000224699.13	LAMTOR5-AS1
ENST00000659565.1	ENSG00000224699.13	LAMTOR5-AS1
ENST00000662452.1	ENSG00000224699.13	LAMTOR5-AS1
ENST00000715661.1	ENSG00000224699.13	LAMTOR5-AS1
ENST00000715662.1	ENSG00000224699.13	LAMTOR5-AS1
ENST00000767673.1	ENSG00000224699.13	LAMTOR5-AS1
ENST00000767674.1	ENSG00000224699.13	LAMTOR5-AS1
ENST00000767675.1	ENSG00000224699.13	LAMTOR5-AS1
ENST00000837095.1	ENSG00000224699.13	LAMTOR5-AS1
ENST00000420418.6	ENSG00000234281.6	LANCL1-AS1
ENST00000452342.4	ENSG00000223734.4	LAPTM4A-DT
ENST00000688203.2	ENSG00000223734.4	LAPTM4A-DT
ENST00000849369.1	ENSG00000223734.4	LAPTM4A-DT
ENST00000849370.1	ENSG00000223734.4	LAPTM4A-DT
ENST00000849371.1	ENSG00000223734.4	LAPTM4A-DT
ENST00000849372.1	ENSG00000223734.4	LAPTM4A-DT
ENST00000849373.1	ENSG00000223734.4	LAPTM4A-DT
ENST00000849374.1	ENSG00000223734.4	LAPTM4A-DT
ENST00000849375.1	ENSG00000223734.4	LAPTM4A-DT
ENST00000548978.2	ENSG00000257702.6	LBX2-AS1
ENST00000603175.3	ENSG00000257702.6	LBX2-AS1
ENST00000688827.3	ENSG00000257702.6	LBX2-AS1
ENST00000693462.2	ENSG00000257702.6	LBX2-AS1
ENST00000734461.1	ENSG00000257702.6	LBX2-AS1
ENST00000734463.1	ENSG00000257702.6	LBX2-AS1
ENST00000734464.1	ENSG00000257702.6	LBX2-AS1
ENST00000734465.1	ENSG00000257702.6	LBX2-AS1
ENST00000734466.1	ENSG00000257702.6	LBX2-AS1
ENST00000734467.1	ENSG00000257702.6	LBX2-AS1
ENST00000734468.1	ENSG00000257702.6	LBX2-AS1
ENST00000734469.1	ENSG00000257702.6	LBX2-AS1
ENST00000734470.1	ENSG00000257702.6	LBX2-AS1
ENST00000437007.2	ENSG00000226806.2	LCT-AS1
ENST00000769912.1	ENSG00000226806.2	LCT-AS1
ENST00000769913.1	ENSG00000226806.2	LCT-AS1
ENST00000436413.6	ENSG00000232021.10	LEF1-AS1
ENST00000506314.2	ENSG00000232021.10	LEF1-AS1
ENST00000507799.1	ENSG00000232021.10	LEF1-AS1
ENST00000508266.2	ENSG00000232021.10	LEF1-AS1
ENST00000508286.2	ENSG00000232021.10	LEF1-AS1
ENST00000512129.2	ENSG00000232021.10	LEF1-AS1
ENST00000512637.7	ENSG00000232021.10	LEF1-AS1
ENST00000659790.2	ENSG00000232021.10	LEF1-AS1
ENST00000665040.3	ENSG00000232021.10	LEF1-AS1
ENST00000687804.2	ENSG00000232021.10	LEF1-AS1
ENST00000692331.3	ENSG00000232021.10	LEF1-AS1
ENST00000693123.2	ENSG00000232021.10	LEF1-AS1
ENST00000693606.3	ENSG00000232021.10	LEF1-AS1
ENST00000700844.1	ENSG00000232021.10	LEF1-AS1
ENST00000732953.1	ENSG00000232021.10	LEF1-AS1
ENST00000732954.1	ENSG00000232021.10	LEF1-AS1
ENST00000732955.1	ENSG00000232021.10	LEF1-AS1
ENST00000732956.1	ENSG00000232021.10	LEF1-AS1
ENST00000732957.1	ENSG00000232021.10	LEF1-AS1
ENST00000732958.1	ENSG00000232021.10	LEF1-AS1
ENST00000732959.1	ENSG00000232021.10	LEF1-AS1
ENST00000732960.1	ENSG00000232021.10	LEF1-AS1
ENST00000732961.1	ENSG00000232021.10	LEF1-AS1
ENST00000732962.1	ENSG00000232021.10	LEF1-AS1
ENST00000732964.1	ENSG00000232021.10	LEF1-AS1
ENST00000732965.1	ENSG00000232021.10	LEF1-AS1
ENST00000732966.1	ENSG00000232021.10	LEF1-AS1
ENST00000732967.1	ENSG00000232021.10	LEF1-AS1
ENST00000732968.1	ENSG00000232021.10	LEF1-AS1
ENST00000732969.1	ENSG00000232021.10	LEF1-AS1
ENST00000732970.1	ENSG00000232021.10	LEF1-AS1
ENST00000732973.1	ENSG00000232021.10	LEF1-AS1
ENST00000732974.1	ENSG00000232021.10	LEF1-AS1
ENST00000732975.1	ENSG00000232021.10	LEF1-AS1
ENST00000732976.1	ENSG00000232021.10	LEF1-AS1
ENST00000732978.1	ENSG00000232021.10	LEF1-AS1
ENST00000732979.1	ENSG00000232021.10	LEF1-AS1
ENST00000732980.1	ENSG00000232021.10	LEF1-AS1
ENST00000732981.1	ENSG00000232021.10	LEF1-AS1
ENST00000732982.1	ENSG00000232021.10	LEF1-AS1
ENST00000732983.1	ENSG00000232021.10	LEF1-AS1
ENST00000732984.1	ENSG00000232021.10	LEF1-AS1
ENST00000732985.1	ENSG00000232021.10	LEF1-AS1
ENST00000732986.1	ENSG00000232021.10	LEF1-AS1
ENST00000732987.1	ENSG00000232021.10	LEF1-AS1
ENST00000732988.1	ENSG00000232021.10	LEF1-AS1
ENST00000732989.1	ENSG00000232021.10	LEF1-AS1
ENST00000732990.1	ENSG00000232021.10	LEF1-AS1
ENST00000732991.1	ENSG00000232021.10	LEF1-AS1
ENST00000732992.1	ENSG00000232021.10	LEF1-AS1
ENST00000732993.1	ENSG00000232021.10	LEF1-AS1
ENST00000732994.1	ENSG00000232021.10	LEF1-AS1
ENST00000732996.1	ENSG00000232021.10	LEF1-AS1
ENST00000732997.1	ENSG00000232021.10	LEF1-AS1
ENST00000732998.1	ENSG00000232021.10	LEF1-AS1
ENST00000732999.1	ENSG00000232021.10	LEF1-AS1
ENST00000733000.1	ENSG00000232021.10	LEF1-AS1
ENST00000733016.1	ENSG00000232021.10	LEF1-AS1
ENST00000733018.1	ENSG00000232021.10	LEF1-AS1
ENST00000733020.1	ENSG00000232021.10	LEF1-AS1
ENST00000733022.1	ENSG00000232021.10	LEF1-AS1
ENST00000733024.1	ENSG00000232021.10	LEF1-AS1
ENST00000733026.1	ENSG00000232021.10	LEF1-AS1
ENST00000733028.1	ENSG00000232021.10	LEF1-AS1
ENST00000733029.1	ENSG00000232021.10	LEF1-AS1
ENST00000733030.1	ENSG00000232021.10	LEF1-AS1
ENST00000733031.1	ENSG00000232021.10	LEF1-AS1
ENST00000733032.1	ENSG00000232021.10	LEF1-AS1
ENST00000733033.1	ENSG00000232021.10	LEF1-AS1
ENST00000733034.1	ENSG00000232021.10	LEF1-AS1
ENST00000733035.1	ENSG00000232021.10	LEF1-AS1
ENST00000733036.1	ENSG00000232021.10	LEF1-AS1
ENST00000733037.1	ENSG00000232021.10	LEF1-AS1
ENST00000733038.1	ENSG00000232021.10	LEF1-AS1
ENST00000733039.1	ENSG00000232021.10	LEF1-AS1
ENST00000733040.1	ENSG00000232021.10	LEF1-AS1
ENST00000733041.1	ENSG00000232021.10	LEF1-AS1
ENST00000733042.1	ENSG00000232021.10	LEF1-AS1
ENST00000733043.1	ENSG00000232021.10	LEF1-AS1
ENST00000733044.1	ENSG00000232021.10	LEF1-AS1
ENST00000733045.1	ENSG00000232021.10	LEF1-AS1
ENST00000447832.1	ENSG00000226235.2	LEMD1-AS1
ENST00000813437.1	ENSG00000226235.2	LEMD1-AS1
ENST00000813439.1	ENSG00000226235.2	LEMD1-AS1
ENST00000813440.1	ENSG00000226235.2	LEMD1-AS1
ENST00000813441.1	ENSG00000226235.2	LEMD1-AS1
ENST00000442318.1	ENSG00000224717.1	LEMD1-DT
ENST00000473798.3	ENSG00000225880.7	LINC00115
ENST00000743836.1	ENSG00000225880.7	LINC00115
ENST00000743837.1	ENSG00000225880.7	LINC00115
ENST00000743838.1	ENSG00000225880.7	LINC00115
ENST00000743840.1	ENSG00000225880.7	LINC00115
ENST00000743846.1	ENSG00000225880.7	LINC00115
ENST00000743858.1	ENSG00000225880.7	LINC00115
ENST00000743861.1	ENSG00000225880.7	LINC00115
ENST00000743876.1	ENSG00000225880.7	LINC00115
ENST00000744085.1	ENSG00000225880.7	LINC00115
ENST00000744086.1	ENSG00000225880.7	LINC00115
ENST00000429269.1	ENSG00000224939.2	LINC00184
ENST00000796406.1	ENSG00000224939.2	LINC00184
ENST00000659035.2	ENSG00000224843.9	LINC00240
ENST00000660952.2	ENSG00000224843.9	LINC00240
ENST00000367563.7	ENSG00000203729.8	LINC00272
ENST00000612603.1	ENSG00000203729.8	LINC00272
ENST00000404210.5	ENSG00000218510.9	LINC00339
ENST00000416769.2	ENSG00000218510.9	LINC00339
ENST00000420503.1	ENSG00000218510.9	LINC00339
ENST00000434233.2	ENSG00000218510.9	LINC00339
ENST00000452322.2	ENSG00000218510.9	LINC00339
ENST00000634451.2	ENSG00000218510.9	LINC00339
ENST00000634712.2	ENSG00000218510.9	LINC00339
ENST00000634934.2	ENSG00000218510.9	LINC00339
ENST00000635450.2	ENSG00000218510.9	LINC00339
ENST00000635675.2	ENSG00000218510.9	LINC00339
ENST00000641009.1	ENSG00000218510.9	LINC00339
ENST00000642072.1	ENSG00000218510.9	LINC00339
ENST00000798449.1	ENSG00000223617.4	LINC00370
ENST00000798450.1	ENSG00000223617.4	LINC00370
ENST00000828785.1	ENSG00000229546.2	LINC00428
ENST00000423222.7	ENSG00000153363.16	LINC00467
ENST00000534914.6	ENSG00000153363.16	LINC00467
ENST00000610948.2	ENSG00000153363.16	LINC00467
ENST00000656159.1	ENSG00000153363.16	LINC00467
ENST00000661331.1	ENSG00000153363.16	LINC00467
ENST00000662409.2	ENSG00000153363.16	LINC00467
ENST00000663693.1	ENSG00000153363.16	LINC00467
ENST00000664255.2	ENSG00000153363.16	LINC00467
ENST00000818503.1	ENSG00000153363.16	LINC00467
ENST00000648808.2	ENSG00000230876.9	LINC00486
ENST00000654101.1	ENSG00000230876.9	LINC00486
ENST00000657199.1	ENSG00000230876.9	LINC00486
ENST00000663772.1	ENSG00000230876.9	LINC00486
ENST00000717229.1	ENSG00000230876.9	LINC00486
ENST00000717230.1	ENSG00000230876.9	LINC00486
ENST00000717231.1	ENSG00000230876.9	LINC00486
ENST00000494582.3	ENSG00000214381.7	LINC00488
ENST00000648541.1	ENSG00000214381.7	LINC00488
ENST00000743424.1	ENSG00000214381.7	LINC00488
ENST00000743425.1	ENSG00000214381.7	LINC00488
ENST00000743426.1	ENSG00000214381.7	LINC00488
ENST00000504436.1	ENSG00000250958.1	LINC00492
ENST00000515860.1	ENSG00000251372.9	LINC00499
ENST00000653944.2	ENSG00000251372.9	LINC00499
ENST00000658842.1	ENSG00000251372.9	LINC00499
ENST00000660826.1	ENSG00000251372.9	LINC00499
ENST00000661748.1	ENSG00000251372.9	LINC00499
ENST00000662169.2	ENSG00000251372.9	LINC00499
ENST00000662404.1	ENSG00000251372.9	LINC00499
ENST00000662941.1	ENSG00000251372.9	LINC00499
ENST00000663528.1	ENSG00000251372.9	LINC00499
ENST00000664556.1	ENSG00000251372.9	LINC00499
ENST00000665940.1	ENSG00000251372.9	LINC00499
ENST00000669857.1	ENSG00000251372.9	LINC00499
ENST00000671213.1	ENSG00000251372.9	LINC00499
ENST00000701560.1	ENSG00000251372.9	LINC00499
ENST00000701935.1	ENSG00000251372.9	LINC00499
ENST00000750984.1	ENSG00000251372.9	LINC00499
ENST00000750985.1	ENSG00000251372.9	LINC00499
ENST00000425388.2	ENSG00000203645.3	LINC00501
ENST00000754919.1	ENSG00000203645.3	LINC00501
ENST00000754921.1	ENSG00000203645.3	LINC00501
ENST00000754922.1	ENSG00000203645.3	LINC00501
ENST00000505089.6	ENSG00000248360.7	LINC00504
ENST00000628435.1	ENSG00000281392.4	LINC00506
ENST00000629052.1	ENSG00000281392.4	LINC00506
ENST00000629295.1	ENSG00000281392.4	LINC00506
ENST00000630120.3	ENSG00000281392.4	LINC00506
ENST00000656042.1	ENSG00000281392.4	LINC00506
ENST00000774841.1	ENSG00000281392.4	LINC00506
ENST00000774842.1	ENSG00000281392.4	LINC00506
ENST00000774843.1	ENSG00000281392.4	LINC00506
ENST00000774844.1	ENSG00000281392.4	LINC00506
ENST00000774845.1	ENSG00000281392.4	LINC00506
ENST00000774846.1	ENSG00000281392.4	LINC00506
ENST00000774847.1	ENSG00000281392.4	LINC00506
ENST00000774848.1	ENSG00000281392.4	LINC00506
ENST00000774850.1	ENSG00000281392.4	LINC00506
ENST00000774851.1	ENSG00000281392.4	LINC00506
ENST00000774854.1	ENSG00000281392.4	LINC00506
ENST00000774857.1	ENSG00000281392.4	LINC00506
ENST00000774858.1	ENSG00000281392.4	LINC00506
ENST00000741652.1	ENSG00000183674.13	LINC00518
ENST00000417473.7	ENSG00000224177.9	LINC00570
ENST00000432665.2	ENSG00000224177.9	LINC00570
ENST00000437795.5	ENSG00000224177.9	LINC00570
ENST00000453100.1	ENSG00000224177.9	LINC00570
ENST00000658552.1	ENSG00000224177.9	LINC00570
ENST00000661605.2	ENSG00000224177.9	LINC00570
ENST00000666797.1	ENSG00000224177.9	LINC00570
ENST00000668851.2	ENSG00000224177.9	LINC00570
ENST00000670478.2	ENSG00000224177.9	LINC00570
ENST00000675665.1	ENSG00000224177.9	LINC00570
ENST00000746799.1	ENSG00000224177.9	LINC00570
ENST00000747024.1	ENSG00000224177.9	LINC00570
ENST00000747025.1	ENSG00000224177.9	LINC00570
ENST00000747026.1	ENSG00000224177.9	LINC00570
ENST00000426551.5	ENSG00000231782.7	LINC00575
ENST00000515811.1	ENSG00000231782.7	LINC00575
ENST00000651054.1	ENSG00000231782.7	LINC00575
ENST00000423466.2	ENSG00000228221.7	LINC00578
ENST00000442937.6	ENSG00000228221.7	LINC00578
ENST00000446548.2	ENSG00000228221.7	LINC00578
ENST00000656037.1	ENSG00000228221.7	LINC00578
ENST00000657906.1	ENSG00000228221.7	LINC00578
ENST00000660801.2	ENSG00000228221.7	LINC00578
ENST00000661450.1	ENSG00000228221.7	LINC00578
ENST00000668730.1	ENSG00000228221.7	LINC00578
ENST00000671331.2	ENSG00000228221.7	LINC00578
ENST00000716286.1	ENSG00000228221.7	LINC00578
ENST00000850223.1	ENSG00000228221.7	LINC00578
ENST00000850224.1	ENSG00000228221.7	LINC00578
ENST00000850225.1	ENSG00000228221.7	LINC00578
ENST00000850226.1	ENSG00000228221.7	LINC00578
ENST00000850227.1	ENSG00000228221.7	LINC00578
ENST00000850228.1	ENSG00000228221.7	LINC00578
ENST00000850229.1	ENSG00000228221.7	LINC00578
ENST00000850230.1	ENSG00000228221.7	LINC00578
ENST00000850232.1	ENSG00000228221.7	LINC00578
ENST00000850233.1	ENSG00000228221.7	LINC00578
ENST00000850234.1	ENSG00000228221.7	LINC00578
ENST00000850235.1	ENSG00000228221.7	LINC00578
ENST00000850236.1	ENSG00000228221.7	LINC00578
ENST00000850238.1	ENSG00000228221.7	LINC00578
ENST00000850239.1	ENSG00000228221.7	LINC00578
ENST00000850240.1	ENSG00000228221.7	LINC00578
ENST00000850242.1	ENSG00000228221.7	LINC00578
ENST00000850243.1	ENSG00000228221.7	LINC00578
ENST00000850244.1	ENSG00000228221.7	LINC00578
ENST00000850246.1	ENSG00000228221.7	LINC00578
ENST00000850247.1	ENSG00000228221.7	LINC00578
ENST00000850248.1	ENSG00000228221.7	LINC00578
ENST00000850251.1	ENSG00000228221.7	LINC00578
ENST00000850258.1	ENSG00000228221.7	LINC00578
ENST00000850259.1	ENSG00000228221.7	LINC00578
ENST00000419101.3	ENSG00000236445.6	LINC00608
ENST00000432733.2	ENSG00000236445.6	LINC00608
ENST00000598002.1	ENSG00000236445.6	LINC00608
ENST00000626251.1	ENSG00000236445.6	LINC00608
ENST00000627043.2	ENSG00000236445.6	LINC00608
ENST00000628185.1	ENSG00000236445.6	LINC00608
ENST00000654913.1	ENSG00000236445.6	LINC00608
ENST00000831985.1	ENSG00000236445.6	LINC00608
ENST00000831986.1	ENSG00000236445.6	LINC00608
ENST00000831987.1	ENSG00000236445.6	LINC00608
ENST00000438915.2	ENSG00000224514.4	LINC00620
ENST00000822211.1	ENSG00000224514.4	LINC00620
ENST00000822212.1	ENSG00000224514.4	LINC00620
ENST00000822213.1	ENSG00000224514.4	LINC00620
ENST00000822214.1	ENSG00000224514.4	LINC00620
ENST00000822215.1	ENSG00000224514.4	LINC00620
ENST00000822218.1	ENSG00000224514.4	LINC00620
ENST00000822219.1	ENSG00000224514.4	LINC00620
ENST00000822220.1	ENSG00000224514.4	LINC00620
ENST00000822223.1	ENSG00000224514.4	LINC00620
ENST00000768317.1	ENSG00000226067.8	LINC00623
ENST00000768352.1	ENSG00000226067.8	LINC00623
ENST00000768353.1	ENSG00000226067.8	LINC00623
ENST00000768363.1	ENSG00000226067.8	LINC00623
ENST00000768367.1	ENSG00000226067.8	LINC00623
ENST00000768368.1	ENSG00000226067.8	LINC00623
ENST00000768369.1	ENSG00000226067.8	LINC00623
ENST00000768370.1	ENSG00000226067.8	LINC00623
ENST00000768371.1	ENSG00000226067.8	LINC00623
ENST00000768372.1	ENSG00000226067.8	LINC00623
ENST00000768375.1	ENSG00000226067.8	LINC00623
ENST00000769576.1	ENSG00000226067.8	LINC00623
ENST00000769577.1	ENSG00000226067.8	LINC00623
ENST00000769578.1	ENSG00000226067.8	LINC00623
ENST00000619867.4	ENSG00000278811.5	LINC00624
ENST00000621316.2	ENSG00000278811.5	LINC00624
ENST00000803843.1	ENSG00000278811.5	LINC00624
ENST00000803844.1	ENSG00000278811.5	LINC00624
ENST00000803846.1	ENSG00000278811.5	LINC00624
ENST00000803847.1	ENSG00000278811.5	LINC00624
ENST00000803850.1	ENSG00000278811.5	LINC00624
ENST00000665467.1	ENSG00000225826.2	LINC00626
ENST00000494231.2	ENSG00000240423.4	LINC00636
ENST00000661824.2	ENSG00000240423.4	LINC00636
ENST00000741343.1	ENSG00000240423.4	LINC00636
ENST00000741344.1	ENSG00000240423.4	LINC00636
ENST00000741345.1	ENSG00000240423.4	LINC00636
ENST00000741346.1	ENSG00000240423.4	LINC00636
ENST00000599421.2	ENSG00000237945.10	LINC00649
ENST00000838939.1	ENSG00000254934.6	LINC00678
ENST00000838940.1	ENSG00000254934.6	LINC00678
ENST00000838941.1	ENSG00000254934.6	LINC00678
ENST00000429949.2	ENSG00000233570.3	LINC00690
ENST00000596963.1	ENSG00000233570.3	LINC00690
ENST00000655456.1	ENSG00000233570.3	LINC00690
ENST00000656250.1	ENSG00000233570.3	LINC00690
ENST00000659804.1	ENSG00000233570.3	LINC00690
ENST00000660552.1	ENSG00000233570.3	LINC00690
ENST00000660612.1	ENSG00000233570.3	LINC00690
ENST00000660669.1	ENSG00000233570.3	LINC00690
ENST00000661146.1	ENSG00000233570.3	LINC00690
ENST00000661221.1	ENSG00000233570.3	LINC00690
ENST00000663006.1	ENSG00000233570.3	LINC00690
ENST00000663672.1	ENSG00000233570.3	LINC00690
ENST00000664830.1	ENSG00000233570.3	LINC00690
ENST00000667160.1	ENSG00000233570.3	LINC00690
ENST00000669122.1	ENSG00000233570.3	LINC00690
ENST00000669844.1	ENSG00000233570.3	LINC00690
ENST00000670078.1	ENSG00000233570.3	LINC00690
ENST00000788175.1	ENSG00000233570.3	LINC00690
ENST00000788176.1	ENSG00000233570.3	LINC00690
ENST00000788177.1	ENSG00000233570.3	LINC00690
ENST00000788178.1	ENSG00000233570.3	LINC00690
ENST00000497573.1	ENSG00000244342.6	LINC00698
ENST00000760711.1	ENSG00000244342.6	LINC00698
ENST00000760712.1	ENSG00000244342.6	LINC00698
ENST00000475197.1	ENSG00000231177.4	LINC00852
ENST00000538717.1	ENSG00000231177.4	LINC00852
ENST00000429328.2	ENSG00000224805.3	LINC00853
ENST00000816024.1	ENSG00000224805.3	LINC00853
ENST00000816025.1	ENSG00000224805.3	LINC00853
ENST00000816026.1	ENSG00000224805.3	LINC00853
ENST00000816027.1	ENSG00000224805.3	LINC00853
ENST00000816028.1	ENSG00000224805.3	LINC00853
ENST00000816031.1	ENSG00000224805.3	LINC00853
ENST00000430442.2	ENSG00000291158.2	LINC00869
ENST00000610578.4	ENSG00000291158.2	LINC00869
ENST00000651957.1	ENSG00000291158.2	LINC00869
ENST00000652343.1	ENSG00000291158.2	LINC00869
ENST00000778059.1	ENSG00000291158.2	LINC00869
ENST00000778104.1	ENSG00000291158.2	LINC00869
ENST00000778123.1	ENSG00000291158.2	LINC00869
ENST00000778236.1	ENSG00000291158.2	LINC00869
ENST00000778237.1	ENSG00000291158.2	LINC00869
ENST00000778238.1	ENSG00000291158.2	LINC00869
ENST00000778239.1	ENSG00000291158.2	LINC00869
ENST00000778249.1	ENSG00000291158.2	LINC00869
ENST00000778250.1	ENSG00000291158.2	LINC00869
ENST00000778251.1	ENSG00000291158.2	LINC00869
ENST00000778254.1	ENSG00000291158.2	LINC00869
ENST00000778255.1	ENSG00000291158.2	LINC00869
ENST00000778257.1	ENSG00000291158.2	LINC00869
ENST00000778258.1	ENSG00000291158.2	LINC00869
ENST00000778284.1	ENSG00000291158.2	LINC00869
ENST00000778285.1	ENSG00000291158.2	LINC00869
ENST00000778289.1	ENSG00000291158.2	LINC00869
ENST00000778290.1	ENSG00000291158.2	LINC00869
ENST00000778292.1	ENSG00000291158.2	LINC00869
ENST00000778295.1	ENSG00000291158.2	LINC00869
ENST00000778310.1	ENSG00000291158.2	LINC00869
ENST00000778311.1	ENSG00000291158.2	LINC00869
ENST00000778312.1	ENSG00000291158.2	LINC00869
ENST00000778313.1	ENSG00000291158.2	LINC00869
ENST00000469178.5	ENSG00000243083.9	LINC00870
ENST00000473713.7	ENSG00000243083.9	LINC00870
ENST00000485404.3	ENSG00000243083.9	LINC00870
ENST00000650568.2	ENSG00000243083.9	LINC00870
ENST00000661020.2	ENSG00000243083.9	LINC00870
ENST00000664354.1	ENSG00000243083.9	LINC00870
ENST00000701139.1	ENSG00000243083.9	LINC00870
ENST00000811956.1	ENSG00000243083.9	LINC00870
ENST00000811958.1	ENSG00000243083.9	LINC00870
ENST00000811959.1	ENSG00000243083.9	LINC00870
ENST00000811960.1	ENSG00000243083.9	LINC00870
ENST00000811962.1	ENSG00000243083.9	LINC00870
ENST00000811966.1	ENSG00000243083.9	LINC00870
ENST00000811968.1	ENSG00000243083.9	LINC00870
ENST00000811969.1	ENSG00000243083.9	LINC00870
ENST00000811970.1	ENSG00000243083.9	LINC00870
ENST00000811971.1	ENSG00000243083.9	LINC00870
ENST00000811974.1	ENSG00000243083.9	LINC00870
ENST00000811975.1	ENSG00000243083.9	LINC00870
ENST00000811976.1	ENSG00000243083.9	LINC00870
ENST00000811977.1	ENSG00000243083.9	LINC00870
ENST00000811978.1	ENSG00000243083.9	LINC00870
ENST00000811979.1	ENSG00000243083.9	LINC00870
ENST00000470465.1	ENSG00000239589.8	LINC00879
ENST00000664338.2	ENSG00000239589.8	LINC00879
ENST00000665152.1	ENSG00000239589.8	LINC00879
ENST00000665486.1	ENSG00000239589.8	LINC00879
ENST00000665609.1	ENSG00000239589.8	LINC00879
ENST00000665896.2	ENSG00000239589.8	LINC00879
ENST00000668600.1	ENSG00000239589.8	LINC00879
ENST00000812790.1	ENSG00000239589.8	LINC00879
ENST00000812795.1	ENSG00000239589.8	LINC00879
ENST00000460796.2	ENSG00000241135.9	LINC00881
ENST00000467995.7	ENSG00000241135.9	LINC00881
ENST00000471719.2	ENSG00000241135.9	LINC00881
ENST00000474477.8	ENSG00000241135.9	LINC00881
ENST00000475102.1	ENSG00000241135.9	LINC00881
ENST00000480817.1	ENSG00000241135.9	LINC00881
ENST00000487238.5	ENSG00000241135.9	LINC00881
ENST00000494885.2	ENSG00000241135.9	LINC00881
ENST00000654705.1	ENSG00000241135.9	LINC00881
ENST00000654819.1	ENSG00000241135.9	LINC00881
ENST00000654835.1	ENSG00000241135.9	LINC00881
ENST00000660852.2	ENSG00000241135.9	LINC00881
ENST00000663887.2	ENSG00000241135.9	LINC00881
ENST00000665438.2	ENSG00000241135.9	LINC00881
ENST00000665841.2	ENSG00000241135.9	LINC00881
ENST00000666301.1	ENSG00000241135.9	LINC00881
ENST00000667900.2	ENSG00000241135.9	LINC00881
ENST00000668714.3	ENSG00000241135.9	LINC00881
ENST00000670208.2	ENSG00000241135.9	LINC00881
ENST00000691958.2	ENSG00000241135.9	LINC00881
ENST00000701678.1	ENSG00000241135.9	LINC00881
ENST00000781642.1	ENSG00000241135.9	LINC00881
ENST00000781643.1	ENSG00000241135.9	LINC00881
ENST00000781644.1	ENSG00000241135.9	LINC00881
ENST00000781645.1	ENSG00000241135.9	LINC00881
ENST00000781646.1	ENSG00000241135.9	LINC00881
ENST00000781647.1	ENSG00000241135.9	LINC00881
ENST00000781648.1	ENSG00000241135.9	LINC00881
ENST00000781649.1	ENSG00000241135.9	LINC00881
ENST00000781650.1	ENSG00000241135.9	LINC00881
ENST00000781651.1	ENSG00000241135.9	LINC00881
ENST00000781652.1	ENSG00000241135.9	LINC00881
ENST00000781653.1	ENSG00000241135.9	LINC00881
ENST00000781654.1	ENSG00000241135.9	LINC00881
ENST00000781655.1	ENSG00000241135.9	LINC00881
ENST00000781656.1	ENSG00000241135.9	LINC00881
ENST00000781657.1	ENSG00000241135.9	LINC00881
ENST00000781658.1	ENSG00000241135.9	LINC00881
ENST00000781659.1	ENSG00000241135.9	LINC00881
ENST00000781660.1	ENSG00000241135.9	LINC00881
ENST00000781661.1	ENSG00000241135.9	LINC00881
ENST00000781662.1	ENSG00000241135.9	LINC00881
ENST00000781663.1	ENSG00000241135.9	LINC00881
ENST00000781664.1	ENSG00000241135.9	LINC00881
ENST00000781665.1	ENSG00000241135.9	LINC00881
ENST00000781666.1	ENSG00000241135.9	LINC00881
ENST00000781667.1	ENSG00000241135.9	LINC00881
ENST00000781668.1	ENSG00000241135.9	LINC00881
ENST00000781669.1	ENSG00000241135.9	LINC00881
ENST00000781671.1	ENSG00000241135.9	LINC00881
ENST00000781672.1	ENSG00000241135.9	LINC00881
ENST00000781673.1	ENSG00000241135.9	LINC00881
ENST00000781674.1	ENSG00000241135.9	LINC00881
ENST00000781675.1	ENSG00000241135.9	LINC00881
ENST00000781676.1	ENSG00000241135.9	LINC00881
ENST00000781677.1	ENSG00000241135.9	LINC00881
ENST00000781678.1	ENSG00000241135.9	LINC00881
ENST00000781679.1	ENSG00000241135.9	LINC00881
ENST00000781680.1	ENSG00000241135.9	LINC00881
ENST00000781925.1	ENSG00000241135.9	LINC00881
ENST00000781926.1	ENSG00000241135.9	LINC00881
ENST00000781927.1	ENSG00000241135.9	LINC00881
ENST00000781928.1	ENSG00000241135.9	LINC00881
ENST00000781929.1	ENSG00000241135.9	LINC00881
ENST00000781930.1	ENSG00000241135.9	LINC00881
ENST00000781931.1	ENSG00000241135.9	LINC00881
ENST00000781933.1	ENSG00000241135.9	LINC00881
ENST00000781934.1	ENSG00000241135.9	LINC00881
ENST00000781935.1	ENSG00000241135.9	LINC00881
ENST00000781936.1	ENSG00000241135.9	LINC00881
ENST00000781938.1	ENSG00000241135.9	LINC00881
ENST00000781939.1	ENSG00000241135.9	LINC00881
ENST00000781940.1	ENSG00000241135.9	LINC00881
ENST00000781941.1	ENSG00000241135.9	LINC00881
ENST00000781942.1	ENSG00000241135.9	LINC00881
ENST00000781943.1	ENSG00000241135.9	LINC00881
ENST00000457079.4	ENSG00000224652.5	LINC00885
ENST00000659409.3	ENSG00000224652.5	LINC00885
ENST00000662113.2	ENSG00000224652.5	LINC00885
ENST00000662916.2	ENSG00000224652.5	LINC00885
ENST00000669905.3	ENSG00000224652.5	LINC00885
ENST00000670584.3	ENSG00000224652.5	LINC00885
ENST00000689269.2	ENSG00000224652.5	LINC00885
ENST00000702140.2	ENSG00000224652.5	LINC00885
ENST00000744815.1	ENSG00000224652.5	LINC00885
ENST00000744816.1	ENSG00000224652.5	LINC00885
ENST00000744817.1	ENSG00000224652.5	LINC00885
ENST00000744818.1	ENSG00000224652.5	LINC00885
ENST00000744819.1	ENSG00000224652.5	LINC00885
ENST00000744820.1	ENSG00000224652.5	LINC00885
ENST00000744821.1	ENSG00000224652.5	LINC00885
ENST00000744822.1	ENSG00000224652.5	LINC00885
ENST00000744823.1	ENSG00000224652.5	LINC00885
ENST00000744828.1	ENSG00000224652.5	LINC00885
ENST00000744829.1	ENSG00000224652.5	LINC00885
ENST00000744830.1	ENSG00000224652.5	LINC00885
ENST00000744831.1	ENSG00000224652.5	LINC00885
ENST00000744832.1	ENSG00000224652.5	LINC00885
ENST00000744833.1	ENSG00000224652.5	LINC00885
ENST00000744834.1	ENSG00000224652.5	LINC00885
ENST00000744835.1	ENSG00000224652.5	LINC00885
ENST00000744837.1	ENSG00000224652.5	LINC00885
ENST00000744839.1	ENSG00000224652.5	LINC00885
ENST00000744840.1	ENSG00000224652.5	LINC00885
ENST00000744841.1	ENSG00000224652.5	LINC00885
ENST00000744844.1	ENSG00000224652.5	LINC00885
ENST00000744846.1	ENSG00000224652.5	LINC00885
ENST00000744847.1	ENSG00000224652.5	LINC00885
ENST00000841221.1	ENSG00000242385.2	LINC00901
ENST00000497854.1	ENSG00000241397.1	LINC00903
ENST00000433669.2	ENSG00000228784.10	LINC00954
ENST00000449086.5	ENSG00000228784.10	LINC00954
ENST00000456119.5	ENSG00000228784.10	LINC00954
ENST00000607100.5	ENSG00000228784.10	LINC00954
ENST00000653306.1	ENSG00000228784.10	LINC00954
ENST00000654739.1	ENSG00000228784.10	LINC00954
ENST00000662620.1	ENSG00000228784.10	LINC00954
ENST00000760062.1	ENSG00000228784.10	LINC00954
ENST00000760064.1	ENSG00000228784.10	LINC00954
ENST00000760065.1	ENSG00000228784.10	LINC00954
ENST00000760067.1	ENSG00000228784.10	LINC00954
ENST00000760068.1	ENSG00000228784.10	LINC00954
ENST00000760069.1	ENSG00000228784.10	LINC00954
ENST00000760070.1	ENSG00000228784.10	LINC00954
ENST00000760071.1	ENSG00000228784.10	LINC00954
ENST00000492922.1	ENSG00000242516.5	LINC00960
ENST00000669013.3	ENSG00000242516.5	LINC00960
ENST00000810064.1	ENSG00000242516.5	LINC00960
ENST00000473756.2	ENSG00000240476.3	LINC00973
ENST00000715232.1	ENSG00000240476.3	LINC00973
ENST00000715233.1	ENSG00000240476.3	LINC00973
ENST00000715234.1	ENSG00000240476.3	LINC00973
ENST00000755838.1	ENSG00000240476.3	LINC00973
ENST00000755839.1	ENSG00000240476.3	LINC00973
ENST00000755840.1	ENSG00000240476.3	LINC00973
ENST00000755841.1	ENSG00000240476.3	LINC00973
ENST00000755842.1	ENSG00000240476.3	LINC00973
ENST00000755843.1	ENSG00000240476.3	LINC00973
ENST00000755844.1	ENSG00000240476.3	LINC00973
ENST00000755845.1	ENSG00000240476.3	LINC00973
ENST00000755846.1	ENSG00000240476.3	LINC00973
ENST00000755847.1	ENSG00000240476.3	LINC00973
ENST00000755848.1	ENSG00000240476.3	LINC00973
ENST00000755849.1	ENSG00000240476.3	LINC00973
ENST00000755851.1	ENSG00000240476.3	LINC00973
ENST00000755852.1	ENSG00000240476.3	LINC00973
ENST00000755853.1	ENSG00000240476.3	LINC00973
ENST00000755854.1	ENSG00000240476.3	LINC00973
ENST00000755855.1	ENSG00000240476.3	LINC00973
ENST00000755856.1	ENSG00000240476.3	LINC00973
ENST00000755857.1	ENSG00000240476.3	LINC00973
ENST00000755858.1	ENSG00000240476.3	LINC00973
ENST00000755859.1	ENSG00000240476.3	LINC00973
ENST00000755861.1	ENSG00000240476.3	LINC00973
ENST00000755862.1	ENSG00000240476.3	LINC00973
ENST00000755863.1	ENSG00000240476.3	LINC00973
ENST00000755864.1	ENSG00000240476.3	LINC00973
ENST00000755865.1	ENSG00000240476.3	LINC00973
ENST00000755866.1	ENSG00000240476.3	LINC00973
ENST00000755867.1	ENSG00000240476.3	LINC00973
ENST00000755868.1	ENSG00000240476.3	LINC00973
ENST00000755869.1	ENSG00000240476.3	LINC00973
ENST00000755870.1	ENSG00000240476.3	LINC00973
ENST00000755872.1	ENSG00000240476.3	LINC00973
ENST00000755873.1	ENSG00000240476.3	LINC00973
ENST00000755874.1	ENSG00000240476.3	LINC00973
ENST00000755875.1	ENSG00000240476.3	LINC00973
ENST00000755876.1	ENSG00000240476.3	LINC00973
ENST00000631858.1	ENSG00000282508.3	LINC01002
ENST00000631864.1	ENSG00000282508.3	LINC01002
ENST00000631988.1	ENSG00000282508.3	LINC01002
ENST00000632405.1	ENSG00000282508.3	LINC01002
ENST00000632624.3	ENSG00000282508.3	LINC01002
ENST00000632790.1	ENSG00000282508.3	LINC01002
ENST00000633109.1	ENSG00000282508.3	LINC01002
ENST00000633295.1	ENSG00000282508.3	LINC01002
ENST00000633522.1	ENSG00000282508.3	LINC01002
ENST00000633592.1	ENSG00000282508.3	LINC01002
ENST00000792712.1	ENSG00000236700.9	LINC01010
ENST00000419695.2	ENSG00000228495.4	LINC01013
ENST00000706324.1	ENSG00000228495.4	LINC01013
ENST00000773296.1	ENSG00000228495.4	LINC01013
ENST00000505626.7	ENSG00000250056.9	LINC01018
ENST00000507582.3	ENSG00000250056.9	LINC01018
ENST00000507628.2	ENSG00000250056.9	LINC01018
ENST00000513844.2	ENSG00000250056.9	LINC01018
ENST00000652158.1	ENSG00000250056.9	LINC01018
ENST00000657872.1	ENSG00000250056.9	LINC01018
ENST00000658539.1	ENSG00000250056.9	LINC01018
ENST00000658850.1	ENSG00000250056.9	LINC01018
ENST00000659049.1	ENSG00000250056.9	LINC01018
ENST00000659245.1	ENSG00000250056.9	LINC01018
ENST00000659556.1	ENSG00000250056.9	LINC01018
ENST00000659719.1	ENSG00000250056.9	LINC01018
ENST00000660957.2	ENSG00000250056.9	LINC01018
ENST00000664093.3	ENSG00000250056.9	LINC01018
ENST00000665924.1	ENSG00000250056.9	LINC01018
ENST00000666121.1	ENSG00000250056.9	LINC01018
ENST00000667172.2	ENSG00000250056.9	LINC01018
ENST00000667226.1	ENSG00000250056.9	LINC01018
ENST00000668899.1	ENSG00000250056.9	LINC01018
ENST00000671065.1	ENSG00000250056.9	LINC01018
ENST00000674529.1	ENSG00000250056.9	LINC01018
ENST00000674813.3	ENSG00000250056.9	LINC01018
ENST00000674954.1	ENSG00000250056.9	LINC01018
ENST00000675337.1	ENSG00000250056.9	LINC01018
ENST00000675676.1	ENSG00000250056.9	LINC01018
ENST00000675715.1	ENSG00000250056.9	LINC01018
ENST00000675993.1	ENSG00000250056.9	LINC01018
ENST00000676036.1	ENSG00000250056.9	LINC01018
ENST00000676406.1	ENSG00000250056.9	LINC01018
ENST00000752508.1	ENSG00000250056.9	LINC01018
ENST00000752511.1	ENSG00000250056.9	LINC01018
ENST00000752515.1	ENSG00000250056.9	LINC01018
ENST00000507599.2	ENSG00000215231.9	LINC01020
ENST00000508201.5	ENSG00000215231.9	LINC01020
ENST00000509382.5	ENSG00000215231.9	LINC01020
ENST00000654932.1	ENSG00000215231.9	LINC01020
ENST00000656591.1	ENSG00000215231.9	LINC01020
ENST00000658399.1	ENSG00000215231.9	LINC01020
ENST00000659550.1	ENSG00000215231.9	LINC01020
ENST00000660582.1	ENSG00000215231.9	LINC01020
ENST00000662011.1	ENSG00000215231.9	LINC01020
ENST00000666520.1	ENSG00000215231.9	LINC01020
ENST00000666689.1	ENSG00000215231.9	LINC01020
ENST00000420807.1	ENSG00000232077.3	LINC01031
ENST00000657700.1	ENSG00000232077.3	LINC01031
ENST00000660235.1	ENSG00000232077.3	LINC01031
ENST00000660270.1	ENSG00000232077.3	LINC01031
ENST00000668188.1	ENSG00000232077.3	LINC01031
ENST00000767397.1	ENSG00000232077.3	LINC01031
ENST00000767398.1	ENSG00000232077.3	LINC01031
ENST00000767400.1	ENSG00000232077.3	LINC01031
ENST00000767401.1	ENSG00000232077.3	LINC01031
ENST00000445072.1	ENSG00000226486.2	LINC01035
ENST00000429725.1	ENSG00000230426.6	LINC01036
ENST00000614505.1	ENSG00000230426.6	LINC01036
ENST00000643044.1	ENSG00000230426.6	LINC01036
ENST00000644419.2	ENSG00000230426.6	LINC01036
ENST00000644648.1	ENSG00000230426.6	LINC01036
ENST00000659970.1	ENSG00000230426.6	LINC01036
ENST00000662036.1	ENSG00000230426.6	LINC01036
ENST00000664099.1	ENSG00000230426.6	LINC01036
ENST00000667298.1	ENSG00000230426.6	LINC01036
ENST00000692148.1	ENSG00000230426.6	LINC01036
ENST00000744930.1	ENSG00000230426.6	LINC01036
ENST00000744931.1	ENSG00000230426.6	LINC01036
ENST00000744932.1	ENSG00000230426.6	LINC01036
ENST00000744933.1	ENSG00000230426.6	LINC01036
ENST00000744934.1	ENSG00000230426.6	LINC01036
ENST00000772233.1	ENSG00000230426.6	LINC01036
ENST00000772241.1	ENSG00000230426.6	LINC01036
ENST00000772242.1	ENSG00000230426.6	LINC01036
ENST00000772243.1	ENSG00000230426.6	LINC01036
ENST00000772244.1	ENSG00000230426.6	LINC01036
ENST00000772245.1	ENSG00000230426.6	LINC01036
ENST00000772248.1	ENSG00000230426.6	LINC01036
ENST00000772249.1	ENSG00000230426.6	LINC01036
ENST00000772250.1	ENSG00000230426.6	LINC01036
ENST00000772251.1	ENSG00000230426.6	LINC01036
ENST00000772252.1	ENSG00000230426.6	LINC01036
ENST00000772254.1	ENSG00000230426.6	LINC01036
ENST00000772255.1	ENSG00000230426.6	LINC01036
ENST00000772256.1	ENSG00000230426.6	LINC01036
ENST00000772257.1	ENSG00000230426.6	LINC01036
ENST00000772258.1	ENSG00000230426.6	LINC01036
ENST00000772260.1	ENSG00000230426.6	LINC01036
ENST00000772261.1	ENSG00000230426.6	LINC01036
ENST00000772262.1	ENSG00000230426.6	LINC01036
ENST00000772263.1	ENSG00000230426.6	LINC01036
ENST00000772264.1	ENSG00000230426.6	LINC01036
ENST00000772265.1	ENSG00000230426.6	LINC01036
ENST00000847679.1	ENSG00000230426.6	LINC01036
ENST00000655286.2	ENSG00000249378.9	LINC01060
ENST00000656246.2	ENSG00000249378.9	LINC01060
ENST00000657654.1	ENSG00000249378.9	LINC01060
ENST00000659977.2	ENSG00000249378.9	LINC01060
ENST00000662888.2	ENSG00000249378.9	LINC01060
ENST00000663631.3	ENSG00000249378.9	LINC01060
ENST00000664177.2	ENSG00000249378.9	LINC01060
ENST00000666634.2	ENSG00000249378.9	LINC01060
ENST00000666759.2	ENSG00000249378.9	LINC01060
ENST00000667883.2	ENSG00000249378.9	LINC01060
ENST00000701950.2	ENSG00000249378.9	LINC01060
ENST00000806919.1	ENSG00000249378.9	LINC01060
ENST00000806927.1	ENSG00000249378.9	LINC01060
ENST00000806928.1	ENSG00000249378.9	LINC01060
ENST00000806929.1	ENSG00000249378.9	LINC01060
ENST00000806935.1	ENSG00000249378.9	LINC01060
ENST00000806936.1	ENSG00000249378.9	LINC01060
ENST00000806937.1	ENSG00000249378.9	LINC01060
ENST00000806938.1	ENSG00000249378.9	LINC01060
ENST00000806939.1	ENSG00000249378.9	LINC01060
ENST00000806945.1	ENSG00000249378.9	LINC01060
ENST00000806946.1	ENSG00000249378.9	LINC01060
ENST00000806951.1	ENSG00000249378.9	LINC01060
ENST00000806952.1	ENSG00000249378.9	LINC01060
ENST00000806955.1	ENSG00000249378.9	LINC01060
ENST00000806956.1	ENSG00000249378.9	LINC01060
ENST00000806958.1	ENSG00000249378.9	LINC01060
ENST00000806959.1	ENSG00000249378.9	LINC01060
ENST00000806960.1	ENSG00000249378.9	LINC01060
ENST00000806961.1	ENSG00000249378.9	LINC01060
ENST00000806962.1	ENSG00000249378.9	LINC01060
ENST00000806963.1	ENSG00000249378.9	LINC01060
ENST00000806964.1	ENSG00000249378.9	LINC01060
ENST00000806965.1	ENSG00000249378.9	LINC01060
ENST00000432575.1	ENSG00000236053.1	LINC01067
ENST00000431979.1	ENSG00000224559.2	LINC01087
ENST00000508111.6	ENSG00000249464.8	LINC01091
ENST00000511919.6	ENSG00000249464.8	LINC01091
ENST00000514823.5	ENSG00000249464.8	LINC01091
ENST00000515769.1	ENSG00000249464.8	LINC01091
ENST00000655571.1	ENSG00000249464.8	LINC01091
ENST00000656388.1	ENSG00000249464.8	LINC01091
ENST00000661368.1	ENSG00000249464.8	LINC01091
ENST00000662928.1	ENSG00000249464.8	LINC01091
ENST00000664622.1	ENSG00000249464.8	LINC01091
ENST00000666015.1	ENSG00000249464.8	LINC01091
ENST00000666328.1	ENSG00000249464.8	LINC01091
ENST00000666490.1	ENSG00000249464.8	LINC01091
ENST00000669502.1	ENSG00000249464.8	LINC01091
ENST00000669933.1	ENSG00000249464.8	LINC01091
ENST00000670311.3	ENSG00000249464.8	LINC01091
ENST00000670628.1	ENSG00000249464.8	LINC01091
ENST00000686783.1	ENSG00000249464.8	LINC01091
ENST00000687307.1	ENSG00000249464.8	LINC01091
ENST00000688140.1	ENSG00000249464.8	LINC01091
ENST00000688429.1	ENSG00000249464.8	LINC01091
ENST00000688939.2	ENSG00000249464.8	LINC01091
ENST00000690721.1	ENSG00000249464.8	LINC01091
ENST00000691879.1	ENSG00000249464.8	LINC01091
ENST00000692159.1	ENSG00000249464.8	LINC01091
ENST00000700999.1	ENSG00000249464.8	LINC01091
ENST00000722986.1	ENSG00000231171.5	LINC01098
ENST00000414442.2	ENSG00000235597.4	LINC01102
ENST00000429464.1	ENSG00000235597.4	LINC01102
ENST00000451400.2	ENSG00000235597.4	LINC01102
ENST00000652812.1	ENSG00000235597.4	LINC01102
ENST00000657293.2	ENSG00000235597.4	LINC01102
ENST00000659047.1	ENSG00000235597.4	LINC01102
ENST00000659788.1	ENSG00000235597.4	LINC01102
ENST00000660280.1	ENSG00000235597.4	LINC01102
ENST00000661607.1	ENSG00000235597.4	LINC01102
ENST00000664762.1	ENSG00000235597.4	LINC01102
ENST00000664788.1	ENSG00000235597.4	LINC01102
ENST00000665210.1	ENSG00000235597.4	LINC01102
ENST00000666200.1	ENSG00000235597.4	LINC01102
ENST00000666546.1	ENSG00000235597.4	LINC01102
ENST00000667436.1	ENSG00000235597.4	LINC01102
ENST00000667477.1	ENSG00000235597.4	LINC01102
ENST00000670569.1	ENSG00000235597.4	LINC01102
ENST00000670643.1	ENSG00000235597.4	LINC01102
ENST00000670863.1	ENSG00000235597.4	LINC01102
ENST00000690368.2	ENSG00000235597.4	LINC01102
ENST00000691178.2	ENSG00000235597.4	LINC01102
ENST00000691584.1	ENSG00000235597.4	LINC01102
ENST00000759177.1	ENSG00000235597.4	LINC01102
ENST00000759178.1	ENSG00000235597.4	LINC01102
ENST00000759180.1	ENSG00000235597.4	LINC01102
ENST00000759183.1	ENSG00000235597.4	LINC01102
ENST00000759184.1	ENSG00000235597.4	LINC01102
ENST00000759185.1	ENSG00000235597.4	LINC01102
ENST00000652995.1	ENSG00000224577.5	LINC01117
ENST00000702503.1	ENSG00000224577.5	LINC01117
ENST00000702732.2	ENSG00000224577.5	LINC01117
ENST00000814385.1	ENSG00000224577.5	LINC01117
ENST00000814386.1	ENSG00000224577.5	LINC01117
ENST00000814387.1	ENSG00000224577.5	LINC01117
ENST00000814388.1	ENSG00000224577.5	LINC01117
ENST00000814389.1	ENSG00000224577.5	LINC01117
ENST00000814390.1	ENSG00000224577.5	LINC01117
ENST00000814391.1	ENSG00000224577.5	LINC01117
ENST00000814392.1	ENSG00000224577.5	LINC01117
ENST00000814393.1	ENSG00000224577.5	LINC01117
ENST00000814394.1	ENSG00000224577.5	LINC01117
ENST00000814395.1	ENSG00000224577.5	LINC01117
ENST00000814396.1	ENSG00000224577.5	LINC01117
ENST00000814397.1	ENSG00000224577.5	LINC01117
ENST00000814398.1	ENSG00000224577.5	LINC01117
ENST00000814399.1	ENSG00000224577.5	LINC01117
ENST00000814400.1	ENSG00000224577.5	LINC01117
ENST00000814401.1	ENSG00000224577.5	LINC01117
ENST00000814403.1	ENSG00000224577.5	LINC01117
ENST00000814405.1	ENSG00000224577.5	LINC01117
ENST00000814406.1	ENSG00000224577.5	LINC01117
ENST00000814407.1	ENSG00000224577.5	LINC01117
ENST00000814408.1	ENSG00000224577.5	LINC01117
ENST00000814409.1	ENSG00000224577.5	LINC01117
ENST00000814410.1	ENSG00000224577.5	LINC01117
ENST00000814412.1	ENSG00000224577.5	LINC01117
ENST00000814416.1	ENSG00000224577.5	LINC01117
ENST00000814417.1	ENSG00000224577.5	LINC01117
ENST00000814420.1	ENSG00000224577.5	LINC01117
ENST00000409518.1	ENSG00000222005.10	LINC01118
ENST00000409912.6	ENSG00000222005.10	LINC01118
ENST00000422294.5	ENSG00000222005.10	LINC01118
ENST00000468141.2	ENSG00000222005.10	LINC01118
ENST00000479311.1	ENSG00000222005.10	LINC01118
ENST00000490950.6	ENSG00000222005.10	LINC01118
ENST00000495449.1	ENSG00000222005.10	LINC01118
ENST00000650611.2	ENSG00000222005.10	LINC01118
ENST00000653090.2	ENSG00000222005.10	LINC01118
ENST00000686485.3	ENSG00000222005.10	LINC01118
ENST00000692576.2	ENSG00000222005.10	LINC01118
ENST00000759077.1	ENSG00000222005.10	LINC01118
ENST00000759078.1	ENSG00000222005.10	LINC01118
ENST00000759079.1	ENSG00000222005.10	LINC01118
ENST00000759080.1	ENSG00000222005.10	LINC01118
ENST00000759081.1	ENSG00000222005.10	LINC01118
ENST00000759082.1	ENSG00000222005.10	LINC01118
ENST00000759083.1	ENSG00000222005.10	LINC01118
ENST00000759084.1	ENSG00000222005.10	LINC01118
ENST00000759085.1	ENSG00000222005.10	LINC01118
ENST00000759086.1	ENSG00000222005.10	LINC01118
ENST00000759087.1	ENSG00000222005.10	LINC01118
ENST00000759088.1	ENSG00000222005.10	LINC01118
ENST00000759089.1	ENSG00000222005.10	LINC01118
ENST00000759090.1	ENSG00000222005.10	LINC01118
ENST00000759091.1	ENSG00000222005.10	LINC01118
ENST00000759092.1	ENSG00000222005.10	LINC01118
ENST00000759093.1	ENSG00000222005.10	LINC01118
ENST00000759094.1	ENSG00000222005.10	LINC01118
ENST00000759095.1	ENSG00000222005.10	LINC01118
ENST00000759096.1	ENSG00000222005.10	LINC01118
ENST00000759097.1	ENSG00000222005.10	LINC01118
ENST00000759098.1	ENSG00000222005.10	LINC01118
ENST00000759099.1	ENSG00000222005.10	LINC01118
ENST00000759100.1	ENSG00000222005.10	LINC01118
ENST00000759101.1	ENSG00000222005.10	LINC01118
ENST00000759102.1	ENSG00000222005.10	LINC01118
ENST00000759103.1	ENSG00000222005.10	LINC01118
ENST00000759104.1	ENSG00000222005.10	LINC01118
ENST00000759105.1	ENSG00000222005.10	LINC01118
ENST00000759106.1	ENSG00000222005.10	LINC01118
ENST00000759107.1	ENSG00000222005.10	LINC01118
ENST00000759108.1	ENSG00000222005.10	LINC01118
ENST00000759109.1	ENSG00000222005.10	LINC01118
ENST00000759110.1	ENSG00000222005.10	LINC01118
ENST00000759111.1	ENSG00000222005.10	LINC01118
ENST00000759112.1	ENSG00000222005.10	LINC01118
ENST00000759113.1	ENSG00000222005.10	LINC01118
ENST00000759114.1	ENSG00000222005.10	LINC01118
ENST00000759115.1	ENSG00000222005.10	LINC01118
ENST00000759116.1	ENSG00000222005.10	LINC01118
ENST00000759117.1	ENSG00000222005.10	LINC01118
ENST00000759118.1	ENSG00000222005.10	LINC01118
ENST00000759119.1	ENSG00000222005.10	LINC01118
ENST00000759120.1	ENSG00000222005.10	LINC01118
ENST00000759121.1	ENSG00000222005.10	LINC01118
ENST00000759122.1	ENSG00000222005.10	LINC01118
ENST00000759123.1	ENSG00000222005.10	LINC01118
ENST00000759124.1	ENSG00000222005.10	LINC01118
ENST00000759125.1	ENSG00000222005.10	LINC01118
ENST00000759126.1	ENSG00000222005.10	LINC01118
ENST00000759127.1	ENSG00000222005.10	LINC01118
ENST00000759128.1	ENSG00000222005.10	LINC01118
ENST00000759129.1	ENSG00000222005.10	LINC01118
ENST00000759130.1	ENSG00000222005.10	LINC01118
ENST00000759131.1	ENSG00000222005.10	LINC01118
ENST00000759134.1	ENSG00000222005.10	LINC01118
ENST00000759135.1	ENSG00000222005.10	LINC01118
ENST00000759136.1	ENSG00000222005.10	LINC01118
ENST00000759137.1	ENSG00000222005.10	LINC01118
ENST00000759138.1	ENSG00000222005.10	LINC01118
ENST00000759139.1	ENSG00000222005.10	LINC01118
ENST00000759140.1	ENSG00000222005.10	LINC01118
ENST00000759141.1	ENSG00000222005.10	LINC01118
ENST00000759142.1	ENSG00000222005.10	LINC01118
ENST00000759143.1	ENSG00000222005.10	LINC01118
ENST00000759144.1	ENSG00000222005.10	LINC01118
ENST00000759145.1	ENSG00000222005.10	LINC01118
ENST00000759146.1	ENSG00000222005.10	LINC01118
ENST00000759147.1	ENSG00000222005.10	LINC01118
ENST00000759148.1	ENSG00000222005.10	LINC01118
ENST00000759149.1	ENSG00000222005.10	LINC01118
ENST00000759150.1	ENSG00000222005.10	LINC01118
ENST00000759151.1	ENSG00000222005.10	LINC01118
ENST00000759152.1	ENSG00000222005.10	LINC01118
ENST00000759153.1	ENSG00000222005.10	LINC01118
ENST00000759154.1	ENSG00000222005.10	LINC01118
ENST00000759155.1	ENSG00000222005.10	LINC01118
ENST00000759156.1	ENSG00000222005.10	LINC01118
ENST00000759157.1	ENSG00000222005.10	LINC01118
ENST00000759158.1	ENSG00000222005.10	LINC01118
ENST00000759159.1	ENSG00000222005.10	LINC01118
ENST00000759160.1	ENSG00000222005.10	LINC01118
ENST00000759161.1	ENSG00000222005.10	LINC01118
ENST00000759162.1	ENSG00000222005.10	LINC01118
ENST00000759163.1	ENSG00000222005.10	LINC01118
ENST00000759164.1	ENSG00000222005.10	LINC01118
ENST00000759165.1	ENSG00000222005.10	LINC01118
ENST00000759465.1	ENSG00000222005.10	LINC01118
ENST00000759466.1	ENSG00000222005.10	LINC01118
ENST00000759467.1	ENSG00000222005.10	LINC01118
ENST00000759468.1	ENSG00000222005.10	LINC01118
ENST00000759469.1	ENSG00000222005.10	LINC01118
ENST00000759470.1	ENSG00000222005.10	LINC01118
ENST00000759471.1	ENSG00000222005.10	LINC01118
ENST00000759472.1	ENSG00000222005.10	LINC01118
ENST00000759473.1	ENSG00000222005.10	LINC01118
ENST00000759474.1	ENSG00000222005.10	LINC01118
ENST00000759475.1	ENSG00000222005.10	LINC01118
ENST00000759476.1	ENSG00000222005.10	LINC01118
ENST00000759477.1	ENSG00000222005.10	LINC01118
ENST00000759478.1	ENSG00000222005.10	LINC01118
ENST00000759479.1	ENSG00000222005.10	LINC01118
ENST00000759480.1	ENSG00000222005.10	LINC01118
ENST00000759481.1	ENSG00000222005.10	LINC01118
ENST00000759482.1	ENSG00000222005.10	LINC01118
ENST00000759483.1	ENSG00000222005.10	LINC01118
ENST00000759484.1	ENSG00000222005.10	LINC01118
ENST00000759485.1	ENSG00000222005.10	LINC01118
ENST00000759486.1	ENSG00000222005.10	LINC01118
ENST00000437751.2	ENSG00000223631.3	LINC01120
ENST00000653180.1	ENSG00000223631.3	LINC01120
ENST00000661362.2	ENSG00000223631.3	LINC01120
ENST00000663072.1	ENSG00000223631.3	LINC01120
ENST00000671078.2	ENSG00000223631.3	LINC01120
ENST00000409590.1	ENSG00000233723.12	LINC01122
ENST00000422793.4	ENSG00000233723.12	LINC01122
ENST00000427421.5	ENSG00000233723.12	LINC01122
ENST00000429095.6	ENSG00000233723.12	LINC01122
ENST00000429664.6	ENSG00000233723.12	LINC01122
ENST00000452840.5	ENSG00000233723.12	LINC01122
ENST00000455219.8	ENSG00000233723.12	LINC01122
ENST00000650010.2	ENSG00000233723.12	LINC01122
ENST00000650056.1	ENSG00000233723.12	LINC01122
ENST00000655072.1	ENSG00000233723.12	LINC01122
ENST00000656135.1	ENSG00000233723.12	LINC01122
ENST00000656193.1	ENSG00000233723.12	LINC01122
ENST00000656381.1	ENSG00000233723.12	LINC01122
ENST00000657130.1	ENSG00000233723.12	LINC01122
ENST00000657378.1	ENSG00000233723.12	LINC01122
ENST00000662396.1	ENSG00000233723.12	LINC01122
ENST00000663407.1	ENSG00000233723.12	LINC01122
ENST00000664741.2	ENSG00000233723.12	LINC01122
ENST00000665429.1	ENSG00000233723.12	LINC01122
ENST00000665478.1	ENSG00000233723.12	LINC01122
ENST00000665525.1	ENSG00000233723.12	LINC01122
ENST00000668410.1	ENSG00000233723.12	LINC01122
ENST00000669630.1	ENSG00000233723.12	LINC01122
ENST00000671194.1	ENSG00000233723.12	LINC01122
ENST00000684946.1	ENSG00000233723.12	LINC01122
ENST00000687108.2	ENSG00000233723.12	LINC01122
ENST00000702114.2	ENSG00000233723.12	LINC01122
ENST00000821270.1	ENSG00000233723.12	LINC01122
ENST00000821271.1	ENSG00000233723.12	LINC01122
ENST00000821272.1	ENSG00000233723.12	LINC01122
ENST00000821273.1	ENSG00000233723.12	LINC01122
ENST00000821274.1	ENSG00000233723.12	LINC01122
ENST00000821277.1	ENSG00000233723.12	LINC01122
ENST00000821278.1	ENSG00000233723.12	LINC01122
ENST00000821279.1	ENSG00000233723.12	LINC01122
ENST00000821280.1	ENSG00000233723.12	LINC01122
ENST00000821281.1	ENSG00000233723.12	LINC01122
ENST00000821282.1	ENSG00000233723.12	LINC01122
ENST00000821283.1	ENSG00000233723.12	LINC01122
ENST00000821284.1	ENSG00000233723.12	LINC01122
ENST00000821285.1	ENSG00000233723.12	LINC01122
ENST00000821286.1	ENSG00000233723.12	LINC01122
ENST00000821287.1	ENSG00000233723.12	LINC01122
ENST00000821290.1	ENSG00000233723.12	LINC01122
ENST00000821291.1	ENSG00000233723.12	LINC01122
ENST00000821293.1	ENSG00000233723.12	LINC01122
ENST00000821294.1	ENSG00000233723.12	LINC01122
ENST00000821297.1	ENSG00000233723.12	LINC01122
ENST00000821298.1	ENSG00000233723.12	LINC01122
ENST00000821302.1	ENSG00000233723.12	LINC01122
ENST00000821303.1	ENSG00000233723.12	LINC01122
ENST00000821304.1	ENSG00000233723.12	LINC01122
ENST00000767830.1	ENSG00000204588.6	LINC01123
ENST00000423354.2	ENSG00000279873.3	LINC01126
ENST00000623515.3	ENSG00000279873.3	LINC01126
ENST00000660392.2	ENSG00000279873.3	LINC01126
ENST00000717220.1	ENSG00000279873.3	LINC01126
ENST00000717221.1	ENSG00000279873.3	LINC01126
ENST00000829698.1	ENSG00000279873.3	LINC01126
ENST00000829699.1	ENSG00000279873.3	LINC01126
ENST00000829700.1	ENSG00000279873.3	LINC01126
ENST00000829701.1	ENSG00000279873.3	LINC01126
ENST00000829702.1	ENSG00000279873.3	LINC01126
ENST00000829703.1	ENSG00000279873.3	LINC01126
ENST00000829704.1	ENSG00000279873.3	LINC01126
ENST00000829705.1	ENSG00000279873.3	LINC01126
ENST00000829706.1	ENSG00000279873.3	LINC01126
ENST00000829707.1	ENSG00000279873.3	LINC01126
ENST00000829708.1	ENSG00000279873.3	LINC01126
ENST00000829709.1	ENSG00000279873.3	LINC01126
ENST00000829710.1	ENSG00000279873.3	LINC01126
ENST00000829711.1	ENSG00000279873.3	LINC01126
ENST00000829712.1	ENSG00000279873.3	LINC01126
ENST00000829713.1	ENSG00000279873.3	LINC01126
ENST00000829714.1	ENSG00000279873.3	LINC01126
ENST00000829715.1	ENSG00000279873.3	LINC01126
ENST00000829716.1	ENSG00000279873.3	LINC01126
ENST00000829717.1	ENSG00000279873.3	LINC01126
ENST00000829718.1	ENSG00000279873.3	LINC01126
ENST00000829719.1	ENSG00000279873.3	LINC01126
ENST00000829720.1	ENSG00000279873.3	LINC01126
ENST00000829722.1	ENSG00000279873.3	LINC01126
ENST00000829723.1	ENSG00000279873.3	LINC01126
ENST00000437601.2	ENSG00000227630.5	LINC01132
ENST00000641214.1	ENSG00000227630.5	LINC01132
ENST00000642107.1	ENSG00000227630.5	LINC01132
ENST00000662158.2	ENSG00000227630.5	LINC01132
ENST00000762106.1	ENSG00000227630.5	LINC01132
ENST00000762107.1	ENSG00000227630.5	LINC01132
ENST00000762108.1	ENSG00000227630.5	LINC01132
ENST00000762109.1	ENSG00000227630.5	LINC01132
ENST00000762110.1	ENSG00000227630.5	LINC01132
ENST00000423943.4	ENSG00000224259.10	LINC01133
ENST00000443364.8	ENSG00000224259.10	LINC01133
ENST00000635112.2	ENSG00000224259.10	LINC01133
ENST00000657602.1	ENSG00000224259.10	LINC01133
ENST00000772280.1	ENSG00000224259.10	LINC01133
ENST00000772281.1	ENSG00000224259.10	LINC01133
ENST00000772282.1	ENSG00000224259.10	LINC01133
ENST00000772283.1	ENSG00000224259.10	LINC01133
ENST00000772284.1	ENSG00000224259.10	LINC01133
ENST00000772286.1	ENSG00000224259.10	LINC01133
ENST00000772288.1	ENSG00000224259.10	LINC01133
ENST00000772289.1	ENSG00000224259.10	LINC01133
ENST00000772294.1	ENSG00000224259.10	LINC01133
ENST00000772296.1	ENSG00000224259.10	LINC01133
ENST00000772297.1	ENSG00000224259.10	LINC01133
ENST00000772299.1	ENSG00000224259.10	LINC01133
ENST00000772301.1	ENSG00000224259.10	LINC01133
ENST00000772302.1	ENSG00000224259.10	LINC01133
ENST00000772303.1	ENSG00000224259.10	LINC01133
ENST00000772304.1	ENSG00000224259.10	LINC01133
ENST00000772305.1	ENSG00000224259.10	LINC01133
ENST00000772308.1	ENSG00000224259.10	LINC01133
ENST00000772309.1	ENSG00000224259.10	LINC01133
ENST00000439488.2	ENSG00000236423.9	LINC01134
ENST00000442673.3	ENSG00000236423.9	LINC01134
ENST00000686089.3	ENSG00000236423.9	LINC01134
ENST00000693306.2	ENSG00000236423.9	LINC01134
ENST00000757265.1	ENSG00000236423.9	LINC01134
ENST00000757266.1	ENSG00000236423.9	LINC01134
ENST00000757267.1	ENSG00000236423.9	LINC01134
ENST00000757268.1	ENSG00000236423.9	LINC01134
ENST00000757269.1	ENSG00000236423.9	LINC01134
ENST00000757270.1	ENSG00000236423.9	LINC01134
ENST00000757271.1	ENSG00000236423.9	LINC01134
ENST00000757274.1	ENSG00000236423.9	LINC01134
ENST00000757275.1	ENSG00000236423.9	LINC01134
ENST00000757276.1	ENSG00000236423.9	LINC01134
ENST00000757281.1	ENSG00000236423.9	LINC01134
ENST00000440862.2	ENSG00000274020.6	LINC01138
ENST00000760952.1	ENSG00000274020.6	LINC01138
ENST00000461990.1	ENSG00000267272.5	LINC01140
ENST00000467438.1	ENSG00000267272.5	LINC01140
ENST00000469312.6	ENSG00000267272.5	LINC01140
ENST00000471417.5	ENSG00000267272.5	LINC01140
ENST00000476432.5	ENSG00000267272.5	LINC01140
ENST00000484933.6	ENSG00000267272.5	LINC01140
ENST00000490006.6	ENSG00000267272.5	LINC01140
ENST00000590653.5	ENSG00000267272.5	LINC01140
ENST00000619924.1	ENSG00000267272.5	LINC01140
ENST00000449073.3	ENSG00000237751.3	LINC01143
ENST00000741192.1	ENSG00000237751.3	LINC01143
ENST00000741193.1	ENSG00000237751.3	LINC01143
ENST00000741194.1	ENSG00000237751.3	LINC01143
ENST00000626198.1	ENSG00000281912.1	LINC01144
ENST00000578899.5	ENSG00000290867.2	LINC01145
ENST00000616993.2	ENSG00000290867.2	LINC01145
ENST00000621033.2	ENSG00000290867.2	LINC01145
ENST00000747000.1	ENSG00000290867.2	LINC01145
ENST00000747001.1	ENSG00000290867.2	LINC01145
ENST00000747002.1	ENSG00000290867.2	LINC01145
ENST00000747003.1	ENSG00000290867.2	LINC01145
ENST00000747004.1	ENSG00000290867.2	LINC01145
ENST00000747005.1	ENSG00000290867.2	LINC01145
ENST00000747008.1	ENSG00000290867.2	LINC01145
ENST00000747009.1	ENSG00000290867.2	LINC01145
ENST00000747010.1	ENSG00000290867.2	LINC01145
ENST00000747013.1	ENSG00000290867.2	LINC01145
ENST00000747014.1	ENSG00000290867.2	LINC01145
ENST00000747015.1	ENSG00000290867.2	LINC01145
ENST00000747018.1	ENSG00000290867.2	LINC01145
ENST00000747020.1	ENSG00000290867.2	LINC01145
ENST00000629370.2	ENSG00000280744.2	LINC01173
ENST00000768859.1	ENSG00000280744.2	LINC01173
ENST00000768861.1	ENSG00000280744.2	LINC01173
ENST00000507838.1	ENSG00000249500.1	LINC01179
ENST00000657663.1	ENSG00000250634.8	LINC01182
ENST00000658596.2	ENSG00000250634.8	LINC01182
ENST00000669061.1	ENSG00000250634.8	LINC01182
ENST00000715491.1	ENSG00000250634.8	LINC01182
ENST00000715492.1	ENSG00000250634.8	LINC01182
ENST00000715494.1	ENSG00000250634.8	LINC01182
ENST00000715507.2	ENSG00000250634.8	LINC01182
ENST00000727466.1	ENSG00000250634.8	LINC01182
ENST00000727469.1	ENSG00000250634.8	LINC01182
ENST00000727471.1	ENSG00000250634.8	LINC01182
ENST00000727472.1	ENSG00000250634.8	LINC01182
ENST00000727473.1	ENSG00000250634.8	LINC01182
ENST00000727477.1	ENSG00000250634.8	LINC01182
ENST00000727480.1	ENSG00000250634.8	LINC01182
ENST00000816953.1	ENSG00000250634.8	LINC01182
ENST00000816955.1	ENSG00000250634.8	LINC01182
ENST00000828070.1	ENSG00000234199.4	LINC01191
ENST00000505877.6	ENSG00000248131.7	LINC01194
ENST00000513051.7	ENSG00000248131.7	LINC01194
ENST00000614956.1	ENSG00000273954.1	LINC01194
ENST00000658959.1	ENSG00000248131.7	LINC01194
ENST00000664069.1	ENSG00000248131.7	LINC01194
ENST00000839369.1	ENSG00000248131.7	LINC01194
ENST00000839370.1	ENSG00000248131.7	LINC01194
ENST00000839372.1	ENSG00000248131.7	LINC01194
ENST00000839373.1	ENSG00000248131.7	LINC01194
ENST00000839374.1	ENSG00000248131.7	LINC01194
ENST00000489670.1	ENSG00000228980.5	LINC01205
ENST00000497996.1	ENSG00000228980.5	LINC01205
ENST00000652897.2	ENSG00000228980.5	LINC01205
ENST00000659474.1	ENSG00000228980.5	LINC01205
ENST00000661437.1	ENSG00000228980.5	LINC01205
ENST00000670331.1	ENSG00000228980.5	LINC01205
ENST00000804758.1	ENSG00000228980.5	LINC01205
ENST00000467313.6	ENSG00000242512.10	LINC01206
ENST00000474045.3	ENSG00000242512.10	LINC01206
ENST00000482787.7	ENSG00000242512.10	LINC01206
ENST00000490001.6	ENSG00000242512.10	LINC01206
ENST00000596820.6	ENSG00000242512.10	LINC01206
ENST00000608042.6	ENSG00000242512.10	LINC01206
ENST00000608102.2	ENSG00000242512.10	LINC01206
ENST00000609168.2	ENSG00000242512.10	LINC01206
ENST00000614303.4	ENSG00000242512.10	LINC01206
ENST00000619662.4	ENSG00000242512.10	LINC01206
ENST00000625253.4	ENSG00000242512.10	LINC01206
ENST00000625373.2	ENSG00000242512.10	LINC01206
ENST00000625703.1	ENSG00000242512.10	LINC01206
ENST00000625746.2	ENSG00000242512.10	LINC01206
ENST00000625878.2	ENSG00000242512.10	LINC01206
ENST00000627619.2	ENSG00000242512.10	LINC01206
ENST00000628320.2	ENSG00000242512.10	LINC01206
ENST00000628621.1	ENSG00000242512.10	LINC01206
ENST00000628718.4	ENSG00000242512.10	LINC01206
ENST00000628934.4	ENSG00000242512.10	LINC01206
ENST00000629003.2	ENSG00000242512.10	LINC01206
ENST00000629026.2	ENSG00000242512.10	LINC01206
ENST00000629138.3	ENSG00000242512.10	LINC01206
ENST00000630063.3	ENSG00000242512.10	LINC01206
ENST00000630400.2	ENSG00000242512.10	LINC01206
ENST00000630787.2	ENSG00000242512.10	LINC01206
ENST00000631282.1	ENSG00000242512.10	LINC01206
ENST00000653068.1	ENSG00000242512.10	LINC01206
ENST00000653372.1	ENSG00000242512.10	LINC01206
ENST00000653513.1	ENSG00000242512.10	LINC01206
ENST00000653529.1	ENSG00000242512.10	LINC01206
ENST00000654438.1	ENSG00000242512.10	LINC01206
ENST00000654624.1	ENSG00000242512.10	LINC01206
ENST00000654747.1	ENSG00000242512.10	LINC01206
ENST00000654873.1	ENSG00000242512.10	LINC01206
ENST00000655047.1	ENSG00000242512.10	LINC01206
ENST00000655484.1	ENSG00000242512.10	LINC01206
ENST00000656291.1	ENSG00000242512.10	LINC01206
ENST00000656417.1	ENSG00000242512.10	LINC01206
ENST00000657406.1	ENSG00000242512.10	LINC01206
ENST00000657472.1	ENSG00000242512.10	LINC01206
ENST00000657754.1	ENSG00000242512.10	LINC01206
ENST00000658068.2	ENSG00000242512.10	LINC01206
ENST00000658146.1	ENSG00000242512.10	LINC01206
ENST00000658210.1	ENSG00000242512.10	LINC01206
ENST00000658359.1	ENSG00000242512.10	LINC01206
ENST00000658690.1	ENSG00000242512.10	LINC01206
ENST00000658782.1	ENSG00000242512.10	LINC01206
ENST00000658854.1	ENSG00000242512.10	LINC01206
ENST00000658971.1	ENSG00000242512.10	LINC01206
ENST00000659291.1	ENSG00000242512.10	LINC01206
ENST00000659979.1	ENSG00000242512.10	LINC01206
ENST00000660147.1	ENSG00000242512.10	LINC01206
ENST00000660719.1	ENSG00000242512.10	LINC01206
ENST00000660999.1	ENSG00000242512.10	LINC01206
ENST00000661294.2	ENSG00000242512.10	LINC01206
ENST00000661651.1	ENSG00000242512.10	LINC01206
ENST00000661673.1	ENSG00000242512.10	LINC01206
ENST00000662014.2	ENSG00000242512.10	LINC01206
ENST00000662045.1	ENSG00000242512.10	LINC01206
ENST00000662056.1	ENSG00000242512.10	LINC01206
ENST00000662948.1	ENSG00000242512.10	LINC01206
ENST00000663203.1	ENSG00000242512.10	LINC01206
ENST00000663520.1	ENSG00000242512.10	LINC01206
ENST00000663678.1	ENSG00000242512.10	LINC01206
ENST00000664956.1	ENSG00000242512.10	LINC01206
ENST00000665009.1	ENSG00000242512.10	LINC01206
ENST00000665199.1	ENSG00000242512.10	LINC01206
ENST00000665354.1	ENSG00000242512.10	LINC01206
ENST00000666439.1	ENSG00000242512.10	LINC01206
ENST00000666595.1	ENSG00000242512.10	LINC01206
ENST00000666871.1	ENSG00000242512.10	LINC01206
ENST00000667275.1	ENSG00000242512.10	LINC01206
ENST00000667486.1	ENSG00000242512.10	LINC01206
ENST00000667792.1	ENSG00000242512.10	LINC01206
ENST00000668105.1	ENSG00000242512.10	LINC01206
ENST00000668631.1	ENSG00000242512.10	LINC01206
ENST00000668891.1	ENSG00000242512.10	LINC01206
ENST00000669175.1	ENSG00000242512.10	LINC01206
ENST00000669382.1	ENSG00000242512.10	LINC01206
ENST00000669452.2	ENSG00000242512.10	LINC01206
ENST00000669780.1	ENSG00000242512.10	LINC01206
ENST00000670378.1	ENSG00000242512.10	LINC01206
ENST00000671631.1	ENSG00000242512.10	LINC01206
ENST00000716321.1	ENSG00000242512.10	LINC01206
ENST00000764327.1	ENSG00000242512.10	LINC01206
ENST00000764328.1	ENSG00000242512.10	LINC01206
ENST00000764329.1	ENSG00000242512.10	LINC01206
ENST00000764330.1	ENSG00000242512.10	LINC01206
ENST00000764332.1	ENSG00000242512.10	LINC01206
ENST00000764333.1	ENSG00000242512.10	LINC01206
ENST00000764334.1	ENSG00000242512.10	LINC01206
ENST00000764335.1	ENSG00000242512.10	LINC01206
ENST00000764336.1	ENSG00000242512.10	LINC01206
ENST00000764337.1	ENSG00000242512.10	LINC01206
ENST00000764338.1	ENSG00000242512.10	LINC01206
ENST00000764339.1	ENSG00000242512.10	LINC01206
ENST00000465283.7	ENSG00000239513.7	LINC01210
ENST00000469216.3	ENSG00000239513.7	LINC01210
ENST00000471091.7	ENSG00000239513.7	LINC01210
ENST00000478772.6	ENSG00000239513.7	LINC01210
ENST00000652948.1	ENSG00000239513.7	LINC01210
ENST00000654450.2	ENSG00000239513.7	LINC01210
ENST00000654543.2	ENSG00000239513.7	LINC01210
ENST00000654610.1	ENSG00000239513.7	LINC01210
ENST00000655048.1	ENSG00000239513.7	LINC01210
ENST00000660613.1	ENSG00000239513.7	LINC01210
ENST00000660863.1	ENSG00000239513.7	LINC01210
ENST00000661982.1	ENSG00000239513.7	LINC01210
ENST00000662157.1	ENSG00000239513.7	LINC01210
ENST00000662180.1	ENSG00000239513.7	LINC01210
ENST00000664320.1	ENSG00000239513.7	LINC01210
ENST00000666528.1	ENSG00000239513.7	LINC01210
ENST00000667229.1	ENSG00000239513.7	LINC01210
ENST00000667692.1	ENSG00000239513.7	LINC01210
ENST00000671510.1	ENSG00000239513.7	LINC01210
ENST00000774622.1	ENSG00000239513.7	LINC01210
ENST00000774624.1	ENSG00000239513.7	LINC01210
ENST00000774626.1	ENSG00000239513.7	LINC01210
ENST00000774629.1	ENSG00000239513.7	LINC01210
ENST00000774631.1	ENSG00000239513.7	LINC01210
ENST00000774633.1	ENSG00000239513.7	LINC01210
ENST00000774635.1	ENSG00000239513.7	LINC01210
ENST00000472821.6	ENSG00000244541.7	LINC01213
ENST00000472890.6	ENSG00000244541.7	LINC01213
ENST00000498005.2	ENSG00000244541.7	LINC01213
ENST00000662289.1	ENSG00000244541.7	LINC01213
ENST00000664180.2	ENSG00000244541.7	LINC01213
ENST00000665197.2	ENSG00000244541.7	LINC01213
ENST00000716165.1	ENSG00000244541.7	LINC01213
ENST00000716166.1	ENSG00000244541.7	LINC01213
ENST00000716167.1	ENSG00000244541.7	LINC01213
ENST00000725875.1	ENSG00000244541.7	LINC01213
ENST00000725876.1	ENSG00000244541.7	LINC01213
ENST00000725877.1	ENSG00000244541.7	LINC01213
ENST00000725878.1	ENSG00000244541.7	LINC01213
ENST00000725879.1	ENSG00000244541.7	LINC01213
ENST00000725880.1	ENSG00000244541.7	LINC01213
ENST00000725881.1	ENSG00000244541.7	LINC01213
ENST00000725882.1	ENSG00000244541.7	LINC01213
ENST00000725883.1	ENSG00000244541.7	LINC01213
ENST00000725884.1	ENSG00000244541.7	LINC01213
ENST00000725885.1	ENSG00000244541.7	LINC01213
ENST00000607746.2	ENSG00000271856.2	LINC01215
ENST00000829898.1	ENSG00000271856.2	LINC01215
ENST00000829899.1	ENSG00000271856.2	LINC01215
ENST00000829901.1	ENSG00000271856.2	LINC01215
ENST00000829902.1	ENSG00000271856.2	LINC01215
ENST00000432488.1	ENSG00000235492.2	LINC01221
ENST00000782914.1	ENSG00000235492.2	LINC01221
ENST00000639047.1	ENSG00000284543.2	LINC01226
ENST00000639946.1	ENSG00000284543.2	LINC01226
ENST00000640157.2	ENSG00000284543.2	LINC01226
ENST00000640226.1	ENSG00000284543.2	LINC01226
ENST00000640623.1	ENSG00000284543.2	LINC01226
ENST00000640630.1	ENSG00000284543.2	LINC01226
ENST00000836672.1	ENSG00000284543.2	LINC01226
ENST00000836673.1	ENSG00000284543.2	LINC01226
ENST00000630106.2	ENSG00000280686.2	LINC01237
ENST00000797013.1	ENSG00000233806.11	LINC01237
ENST00000797015.1	ENSG00000233806.11	LINC01237
ENST00000797016.1	ENSG00000233806.11	LINC01237
ENST00000797017.1	ENSG00000233806.11	LINC01237
ENST00000507056.1	ENSG00000249667.3	LINC01259
ENST00000692353.2	ENSG00000249667.3	LINC01259
ENST00000794327.1	ENSG00000249667.3	LINC01259
ENST00000794328.1	ENSG00000249667.3	LINC01259
ENST00000794330.1	ENSG00000249667.3	LINC01259
ENST00000653731.1	ENSG00000224957.8	LINC01266
ENST00000664893.1	ENSG00000224957.8	LINC01266
ENST00000794135.1	ENSG00000224957.8	LINC01266
ENST00000794136.1	ENSG00000224957.8	LINC01266
ENST00000377469.1	ENSG00000204792.3	LINC01291
ENST00000418204.2	ENSG00000204792.3	LINC01291
ENST00000435984.2	ENSG00000204792.3	LINC01291
ENST00000453951.1	ENSG00000204792.3	LINC01291
ENST00000717897.1	ENSG00000204792.3	LINC01291
ENST00000840152.1	ENSG00000204792.3	LINC01291
ENST00000840153.1	ENSG00000204792.3	LINC01291
ENST00000840154.1	ENSG00000204792.3	LINC01291
ENST00000840155.1	ENSG00000204792.3	LINC01291
ENST00000840156.1	ENSG00000204792.3	LINC01291
ENST00000840157.1	ENSG00000204792.3	LINC01291
ENST00000420866.1	ENSG00000231453.2	LINC01305
ENST00000436820.2	ENSG00000231453.2	LINC01305
ENST00000823786.1	ENSG00000231453.2	LINC01305
ENST00000823787.1	ENSG00000231453.2	LINC01305
ENST00000823788.1	ENSG00000231453.2	LINC01305
ENST00000823789.1	ENSG00000231453.2	LINC01305
ENST00000823790.1	ENSG00000231453.2	LINC01305
ENST00000823791.1	ENSG00000231453.2	LINC01305
ENST00000823792.1	ENSG00000231453.2	LINC01305
ENST00000823793.1	ENSG00000231453.2	LINC01305
ENST00000823794.1	ENSG00000231453.2	LINC01305
ENST00000444327.1	ENSG00000231671.2	LINC01307
ENST00000718514.1	ENSG00000231671.2	LINC01307
ENST00000453774.2	ENSG00000228262.12	LINC01320
ENST00000587085.1	ENSG00000228262.12	LINC01320
ENST00000603129.6	ENSG00000228262.12	LINC01320
ENST00000621006.1	ENSG00000228262.12	LINC01320
ENST00000654103.1	ENSG00000228262.12	LINC01320
ENST00000658168.1	ENSG00000228262.12	LINC01320
ENST00000659537.2	ENSG00000228262.12	LINC01320
ENST00000666399.1	ENSG00000228262.12	LINC01320
ENST00000671252.1	ENSG00000228262.12	LINC01320
ENST00000671356.1	ENSG00000228262.12	LINC01320
ENST00000771863.1	ENSG00000228262.12	LINC01320
ENST00000771868.1	ENSG00000228262.12	LINC01320
ENST00000771872.1	ENSG00000228262.12	LINC01320
ENST00000652830.1	ENSG00000244128.10	LINC01322
ENST00000653747.2	ENSG00000244128.10	LINC01322
ENST00000653864.2	ENSG00000244128.10	LINC01322
ENST00000653967.1	ENSG00000244128.10	LINC01322
ENST00000654069.1	ENSG00000244128.10	LINC01322
ENST00000654261.3	ENSG00000244128.10	LINC01322
ENST00000654580.1	ENSG00000244128.10	LINC01322
ENST00000655586.1	ENSG00000244128.10	LINC01322
ENST00000659430.1	ENSG00000244128.10	LINC01322
ENST00000661151.2	ENSG00000244128.10	LINC01322
ENST00000661419.1	ENSG00000244128.10	LINC01322
ENST00000661555.2	ENSG00000244128.10	LINC01322
ENST00000663897.1	ENSG00000244128.10	LINC01322
ENST00000664292.1	ENSG00000244128.10	LINC01322
ENST00000664927.2	ENSG00000244128.10	LINC01322
ENST00000665240.3	ENSG00000244128.10	LINC01322
ENST00000666522.2	ENSG00000244128.10	LINC01322
ENST00000669761.1	ENSG00000244128.10	LINC01322
ENST00000670338.2	ENSG00000244128.10	LINC01322
ENST00000670403.1	ENSG00000244128.10	LINC01322
ENST00000670918.2	ENSG00000244128.10	LINC01322
ENST00000685671.1	ENSG00000244128.10	LINC01322
ENST00000686578.1	ENSG00000244128.10	LINC01322
ENST00000688054.2	ENSG00000244128.10	LINC01322
ENST00000688911.2	ENSG00000244128.10	LINC01322
ENST00000689692.3	ENSG00000244128.10	LINC01322
ENST00000692442.1	ENSG00000244128.10	LINC01322
ENST00000692780.1	ENSG00000244128.10	LINC01322
ENST00000700910.2	ENSG00000244128.10	LINC01322
ENST00000701546.1	ENSG00000244128.10	LINC01322
ENST00000702055.2	ENSG00000244128.10	LINC01322
ENST00000702310.1	ENSG00000244128.10	LINC01322
ENST00000771418.1	ENSG00000244128.10	LINC01322
ENST00000771420.1	ENSG00000244128.10	LINC01322
ENST00000771421.1	ENSG00000244128.10	LINC01322
ENST00000771422.1	ENSG00000244128.10	LINC01322
ENST00000771423.1	ENSG00000244128.10	LINC01322
ENST00000771424.1	ENSG00000244128.10	LINC01322
ENST00000771425.1	ENSG00000244128.10	LINC01322
ENST00000771426.1	ENSG00000244128.10	LINC01322
ENST00000771427.1	ENSG00000244128.10	LINC01322
ENST00000771428.1	ENSG00000244128.10	LINC01322
ENST00000771429.1	ENSG00000244128.10	LINC01322
ENST00000771430.1	ENSG00000244128.10	LINC01322
ENST00000771431.1	ENSG00000244128.10	LINC01322
ENST00000771432.1	ENSG00000244128.10	LINC01322
ENST00000771433.1	ENSG00000244128.10	LINC01322
ENST00000771434.1	ENSG00000244128.10	LINC01322
ENST00000771435.1	ENSG00000244128.10	LINC01322
ENST00000771436.1	ENSG00000244128.10	LINC01322
ENST00000771437.1	ENSG00000244128.10	LINC01322
ENST00000771438.1	ENSG00000244128.10	LINC01322
ENST00000771439.1	ENSG00000244128.10	LINC01322
ENST00000771441.1	ENSG00000244128.10	LINC01322
ENST00000771442.1	ENSG00000244128.10	LINC01322
ENST00000771446.1	ENSG00000244128.10	LINC01322
ENST00000771447.1	ENSG00000244128.10	LINC01322
ENST00000771448.1	ENSG00000244128.10	LINC01322
ENST00000771449.1	ENSG00000244128.10	LINC01322
ENST00000771450.1	ENSG00000244128.10	LINC01322
ENST00000771451.1	ENSG00000244128.10	LINC01322
ENST00000771452.1	ENSG00000244128.10	LINC01322
ENST00000771453.1	ENSG00000244128.10	LINC01322
ENST00000771456.1	ENSG00000244128.10	LINC01322
ENST00000771457.1	ENSG00000244128.10	LINC01322
ENST00000771458.1	ENSG00000244128.10	LINC01322
ENST00000771459.1	ENSG00000244128.10	LINC01322
ENST00000771460.1	ENSG00000244128.10	LINC01322
ENST00000771461.1	ENSG00000244128.10	LINC01322
ENST00000771462.1	ENSG00000244128.10	LINC01322
ENST00000771463.1	ENSG00000244128.10	LINC01322
ENST00000771464.1	ENSG00000244128.10	LINC01322
ENST00000506612.2	ENSG00000248673.3	LINC01331
ENST00000507781.2	ENSG00000248673.3	LINC01331
ENST00000507890.2	ENSG00000248673.3	LINC01331
ENST00000651573.1	ENSG00000248673.3	LINC01331
ENST00000657957.1	ENSG00000248673.3	LINC01331
ENST00000715757.1	ENSG00000248673.3	LINC01331
ENST00000715758.1	ENSG00000248673.3	LINC01331
ENST00000830052.1	ENSG00000248673.3	LINC01331
ENST00000830053.1	ENSG00000248673.3	LINC01331
ENST00000830054.1	ENSG00000248673.3	LINC01331
ENST00000830055.1	ENSG00000248673.3	LINC01331
ENST00000830056.1	ENSG00000248673.3	LINC01331
ENST00000830057.1	ENSG00000248673.3	LINC01331
ENST00000830058.1	ENSG00000248673.3	LINC01331
ENST00000830059.1	ENSG00000248673.3	LINC01331
ENST00000830060.1	ENSG00000248673.3	LINC01331
ENST00000830063.1	ENSG00000248673.3	LINC01331
ENST00000830064.1	ENSG00000248673.3	LINC01331
ENST00000830065.1	ENSG00000248673.3	LINC01331
ENST00000830068.1	ENSG00000248673.3	LINC01331
ENST00000830069.1	ENSG00000248673.3	LINC01331
ENST00000830070.1	ENSG00000248673.3	LINC01331
ENST00000830071.1	ENSG00000248673.3	LINC01331
ENST00000830072.1	ENSG00000248673.3	LINC01331
ENST00000830073.1	ENSG00000248673.3	LINC01331
ENST00000830074.1	ENSG00000248673.3	LINC01331
ENST00000830076.1	ENSG00000248673.3	LINC01331
ENST00000830077.1	ENSG00000248673.3	LINC01331
ENST00000830078.1	ENSG00000248673.3	LINC01331
ENST00000830082.1	ENSG00000248673.3	LINC01331
ENST00000830083.1	ENSG00000248673.3	LINC01331
ENST00000830084.1	ENSG00000248673.3	LINC01331
ENST00000830086.1	ENSG00000248673.3	LINC01331
ENST00000850665.1	ENSG00000248673.3	LINC01331
ENST00000515871.1	ENSG00000251221.1	LINC01337
ENST00000627179.4	ENSG00000281327.5	LINC01338
ENST00000654717.3	ENSG00000281327.5	LINC01338
ENST00000687140.2	ENSG00000281327.5	LINC01338
ENST00000689277.2	ENSG00000281327.5	LINC01338
ENST00000693444.2	ENSG00000281327.5	LINC01338
ENST00000701729.1	ENSG00000281327.5	LINC01338
ENST00000745104.1	ENSG00000281327.5	LINC01338
ENST00000745107.1	ENSG00000281327.5	LINC01338
ENST00000745108.1	ENSG00000281327.5	LINC01338
ENST00000745111.1	ENSG00000281327.5	LINC01338
ENST00000745112.1	ENSG00000281327.5	LINC01338
ENST00000660853.2	ENSG00000248555.8	LINC01339
ENST00000664570.1	ENSG00000248555.8	LINC01339
ENST00000667644.1	ENSG00000248555.8	LINC01339
ENST00000669667.2	ENSG00000248555.8	LINC01339
ENST00000670522.1	ENSG00000248555.8	LINC01339
ENST00000813478.1	ENSG00000248555.8	LINC01339
ENST00000813481.1	ENSG00000248555.8	LINC01339
ENST00000813482.1	ENSG00000248555.8	LINC01339
ENST00000813483.1	ENSG00000248555.8	LINC01339
ENST00000813486.1	ENSG00000248555.8	LINC01339
ENST00000813488.1	ENSG00000248555.8	LINC01339
ENST00000813489.1	ENSG00000248555.8	LINC01339
ENST00000813490.1	ENSG00000248555.8	LINC01339
ENST00000813492.1	ENSG00000248555.8	LINC01339
ENST00000813493.1	ENSG00000248555.8	LINC01339
ENST00000813494.1	ENSG00000248555.8	LINC01339
ENST00000813495.1	ENSG00000248555.8	LINC01339
ENST00000813496.1	ENSG00000248555.8	LINC01339
ENST00000813497.1	ENSG00000248555.8	LINC01339
ENST00000813498.1	ENSG00000248555.8	LINC01339
ENST00000813499.1	ENSG00000248555.8	LINC01339
ENST00000813500.1	ENSG00000248555.8	LINC01339
ENST00000502324.2	ENSG00000250331.3	LINC01340
ENST00000513288.1	ENSG00000250331.3	LINC01340
ENST00000657058.1	ENSG00000250331.3	LINC01340
ENST00000663326.1	ENSG00000250331.3	LINC01340
ENST00000666358.1	ENSG00000250331.3	LINC01340
ENST00000668472.1	ENSG00000250331.3	LINC01340
ENST00000668863.2	ENSG00000250331.3	LINC01340
ENST00000669006.2	ENSG00000250331.3	LINC01340
ENST00000746240.1	ENSG00000250331.3	LINC01340
ENST00000746244.1	ENSG00000250331.3	LINC01340
ENST00000746245.1	ENSG00000250331.3	LINC01340
ENST00000746251.1	ENSG00000250331.3	LINC01340
ENST00000746252.1	ENSG00000250331.3	LINC01340
ENST00000746262.1	ENSG00000250331.3	LINC01340
ENST00000663201.1	ENSG00000227953.8	LINC01341
ENST00000786908.1	ENSG00000227953.8	LINC01341
ENST00000786911.1	ENSG00000227953.8	LINC01341
ENST00000635619.1	ENSG00000233304.8	LINC01346
ENST00000627498.3	ENSG00000291217.2	LINC01347
ENST00000630889.1	ENSG00000280994.1	LINC01347
ENST00000768705.1	ENSG00000291217.2	LINC01347
ENST00000431347.1	ENSG00000238078.1	LINC01352
ENST00000412772.3	ENSG00000231507.5	LINC01353
ENST00000433008.3	ENSG00000231507.5	LINC01353
ENST00000657300.2	ENSG00000231507.5	LINC01353
ENST00000662282.2	ENSG00000231507.5	LINC01353
ENST00000666545.1	ENSG00000231507.5	LINC01353
ENST00000688999.2	ENSG00000231507.5	LINC01353
ENST00000701093.2	ENSG00000231507.5	LINC01353
ENST00000702761.2	ENSG00000231507.5	LINC01353
ENST00000779116.1	ENSG00000231507.5	LINC01353
ENST00000779118.1	ENSG00000231507.5	LINC01353
ENST00000779125.1	ENSG00000231507.5	LINC01353
ENST00000779126.1	ENSG00000231507.5	LINC01353
ENST00000779127.1	ENSG00000231507.5	LINC01353
ENST00000779128.1	ENSG00000231507.5	LINC01353
ENST00000779129.1	ENSG00000231507.5	LINC01353
ENST00000779130.1	ENSG00000231507.5	LINC01353
ENST00000779131.1	ENSG00000231507.5	LINC01353
ENST00000779132.1	ENSG00000231507.5	LINC01353
ENST00000779133.1	ENSG00000231507.5	LINC01353
ENST00000779134.1	ENSG00000231507.5	LINC01353
ENST00000779135.1	ENSG00000231507.5	LINC01353
ENST00000779136.1	ENSG00000231507.5	LINC01353
ENST00000779137.1	ENSG00000231507.5	LINC01353
ENST00000779138.1	ENSG00000231507.5	LINC01353
ENST00000779139.1	ENSG00000231507.5	LINC01353
ENST00000779140.1	ENSG00000231507.5	LINC01353
ENST00000779141.1	ENSG00000231507.5	LINC01353
ENST00000779142.1	ENSG00000231507.5	LINC01353
ENST00000779144.1	ENSG00000231507.5	LINC01353
ENST00000779145.1	ENSG00000231507.5	LINC01353
ENST00000779146.1	ENSG00000231507.5	LINC01353
ENST00000779147.1	ENSG00000231507.5	LINC01353
ENST00000779148.1	ENSG00000231507.5	LINC01353
ENST00000779149.1	ENSG00000231507.5	LINC01353
ENST00000779150.1	ENSG00000231507.5	LINC01353
ENST00000779151.1	ENSG00000231507.5	LINC01353
ENST00000779152.1	ENSG00000231507.5	LINC01353
ENST00000779153.1	ENSG00000231507.5	LINC01353
ENST00000779154.1	ENSG00000231507.5	LINC01353
ENST00000779155.1	ENSG00000231507.5	LINC01353
ENST00000779156.1	ENSG00000231507.5	LINC01353
ENST00000779157.1	ENSG00000231507.5	LINC01353
ENST00000779158.1	ENSG00000231507.5	LINC01353
ENST00000779159.1	ENSG00000231507.5	LINC01353
ENST00000779160.1	ENSG00000231507.5	LINC01353
ENST00000779161.1	ENSG00000231507.5	LINC01353
ENST00000779162.1	ENSG00000231507.5	LINC01353
ENST00000779163.1	ENSG00000231507.5	LINC01353
ENST00000440762.5	ENSG00000233973.8	LINC01360
ENST00000669455.1	ENSG00000230817.6	LINC01362
ENST00000776476.1	ENSG00000236204.8	LINC01376
ENST00000505396.3	ENSG00000249808.5	LINC01377
ENST00000652864.1	ENSG00000249808.5	LINC01377
ENST00000692105.2	ENSG00000249808.5	LINC01377
ENST00000420701.6	ENSG00000236922.11	LINC01378
ENST00000448804.7	ENSG00000236922.11	LINC01378
ENST00000600624.6	ENSG00000236922.11	LINC01378
ENST00000654527.1	ENSG00000236922.11	LINC01378
ENST00000655627.1	ENSG00000236922.11	LINC01378
ENST00000656637.1	ENSG00000236922.11	LINC01378
ENST00000658771.2	ENSG00000236922.11	LINC01378
ENST00000659910.2	ENSG00000236922.11	LINC01378
ENST00000662705.1	ENSG00000236922.11	LINC01378
ENST00000666918.2	ENSG00000236922.11	LINC01378
ENST00000667115.1	ENSG00000236922.11	LINC01378
ENST00000667220.1	ENSG00000236922.11	LINC01378
ENST00000668339.1	ENSG00000236922.11	LINC01378
ENST00000668361.1	ENSG00000236922.11	LINC01378
ENST00000668756.1	ENSG00000236922.11	LINC01378
ENST00000669946.1	ENSG00000236922.11	LINC01378
ENST00000670348.1	ENSG00000236922.11	LINC01378
ENST00000670630.1	ENSG00000236922.11	LINC01378
ENST00000671002.1	ENSG00000236922.11	LINC01378
ENST00000671671.1	ENSG00000236922.11	LINC01378
ENST00000690735.1	ENSG00000236922.11	LINC01378
ENST00000717500.1	ENSG00000236922.11	LINC01378
ENST00000717501.1	ENSG00000236922.11	LINC01378
ENST00000717504.1	ENSG00000236922.11	LINC01378
ENST00000717556.1	ENSG00000236922.11	LINC01378
ENST00000717603.1	ENSG00000236922.11	LINC01378
ENST00000717606.1	ENSG00000236922.11	LINC01378
ENST00000717607.1	ENSG00000236922.11	LINC01378
ENST00000717608.1	ENSG00000236922.11	LINC01378
ENST00000717609.1	ENSG00000236922.11	LINC01378
ENST00000717639.1	ENSG00000236922.11	LINC01378
ENST00000717641.1	ENSG00000236922.11	LINC01378
ENST00000717646.1	ENSG00000236922.11	LINC01378
ENST00000828268.1	ENSG00000236922.11	LINC01378
ENST00000609099.1	ENSG00000273396.4	LINC01396
ENST00000701866.2	ENSG00000258673.3	LINC01397
ENST00000702583.2	ENSG00000258673.3	LINC01397
ENST00000702814.2	ENSG00000258673.3	LINC01397
ENST00000751945.1	ENSG00000258673.3	LINC01397
ENST00000751946.1	ENSG00000258673.3	LINC01397
ENST00000751947.1	ENSG00000258673.3	LINC01397
ENST00000751948.1	ENSG00000258673.3	LINC01397
ENST00000751949.1	ENSG00000258673.3	LINC01397
ENST00000751951.1	ENSG00000258673.3	LINC01397
ENST00000751952.1	ENSG00000258673.3	LINC01397
ENST00000751953.1	ENSG00000258673.3	LINC01397
ENST00000751954.1	ENSG00000258673.3	LINC01397
ENST00000751955.1	ENSG00000258673.3	LINC01397
ENST00000751956.1	ENSG00000258673.3	LINC01397
ENST00000751957.1	ENSG00000258673.3	LINC01397
ENST00000751959.1	ENSG00000258673.3	LINC01397
ENST00000751960.1	ENSG00000258673.3	LINC01397
ENST00000751961.1	ENSG00000258673.3	LINC01397
ENST00000751962.1	ENSG00000258673.3	LINC01397
ENST00000413525.4	ENSG00000232606.4	LINC01412
ENST00000696348.2	ENSG00000232606.4	LINC01412
ENST00000813801.1	ENSG00000232606.4	LINC01412
ENST00000813802.1	ENSG00000232606.4	LINC01412
ENST00000813803.1	ENSG00000232606.4	LINC01412
ENST00000813804.1	ENSG00000232606.4	LINC01412
ENST00000813805.1	ENSG00000232606.4	LINC01412
ENST00000813806.1	ENSG00000232606.4	LINC01412
ENST00000813809.1	ENSG00000232606.4	LINC01412
ENST00000813810.1	ENSG00000232606.4	LINC01412
ENST00000813811.1	ENSG00000232606.4	LINC01412
ENST00000813813.1	ENSG00000232606.4	LINC01412
ENST00000813814.1	ENSG00000232606.4	LINC01412
ENST00000813815.1	ENSG00000232606.4	LINC01412
ENST00000512794.1	ENSG00000249519.2	LINC01438
ENST00000754041.1	ENSG00000249519.2	LINC01438
ENST00000738421.1	ENSG00000237877.9	LINC01473
ENST00000462531.1	ENSG00000241336.3	LINC01487
ENST00000655378.1	ENSG00000241336.3	LINC01487
ENST00000665154.1	ENSG00000241336.3	LINC01487
ENST00000669141.2	ENSG00000241336.3	LINC01487
ENST00000442182.3	ENSG00000235202.3	LINC01525
ENST00000657479.2	ENSG00000235202.3	LINC01525
ENST00000836691.1	ENSG00000235202.3	LINC01525
ENST00000836692.1	ENSG00000235202.3	LINC01525
ENST00000623565.3	ENSG00000082929.9	LINC01587
ENST00000847532.1	ENSG00000250666.2	LINC01596
ENST00000655136.1	ENSG00000253103.3	LINC01609
ENST00000838833.1	ENSG00000250266.4	LINC01612
ENST00000415479.3	ENSG00000230838.3	LINC01614
ENST00000768239.1	ENSG00000230838.3	LINC01614
ENST00000768240.1	ENSG00000230838.3	LINC01614
ENST00000768241.1	ENSG00000230838.3	LINC01614
ENST00000566476.2	ENSG00000260976.2	LINC01633
ENST00000436377.1	ENSG00000234277.4	LINC01641
ENST00000660249.1	ENSG00000234277.4	LINC01641
ENST00000766674.1	ENSG00000234277.4	LINC01641
ENST00000766675.1	ENSG00000234277.4	LINC01641
ENST00000659805.2	ENSG00000224968.5	LINC01645
ENST00000701603.2	ENSG00000224968.5	LINC01645
ENST00000702878.2	ENSG00000224968.5	LINC01645
ENST00000811521.1	ENSG00000224968.5	LINC01645
ENST00000438885.3	ENSG00000228127.4	LINC01649
ENST00000634255.2	ENSG00000228127.4	LINC01649
ENST00000659309.1	ENSG00000228127.4	LINC01649
ENST00000659738.1	ENSG00000228127.4	LINC01649
ENST00000665767.1	ENSG00000228127.4	LINC01649
ENST00000669586.1	ENSG00000228127.4	LINC01649
ENST00000671350.1	ENSG00000228127.4	LINC01649
ENST00000456026.1	ENSG00000232100.1	LINC01653
ENST00000569711.1	ENSG00000261781.1	LINC01654
ENST00000457217.1	ENSG00000224718.1	LINC01657
ENST00000415910.3	ENSG00000237460.4	LINC01661
ENST00000662724.1	ENSG00000237460.4	LINC01661
ENST00000812265.1	ENSG00000237460.4	LINC01661
ENST00000812266.1	ENSG00000237460.4	LINC01661
ENST00000414210.6	ENSG00000228750.8	LINC01672
ENST00000432429.5	ENSG00000228750.8	LINC01672
ENST00000635029.1	ENSG00000228750.8	LINC01672
ENST00000654537.1	ENSG00000228750.8	LINC01672
ENST00000826301.1	ENSG00000228750.8	LINC01672
ENST00000826302.1	ENSG00000228750.8	LINC01672
ENST00000439184.1	ENSG00000233985.3	LINC01681
ENST00000654877.1	ENSG00000233985.3	LINC01681
ENST00000654909.1	ENSG00000233985.3	LINC01681
ENST00000657208.1	ENSG00000233985.3	LINC01681
ENST00000660112.1	ENSG00000233985.3	LINC01681
ENST00000661719.1	ENSG00000233985.3	LINC01681
ENST00000661826.1	ENSG00000233985.3	LINC01681
ENST00000666308.1	ENSG00000233985.3	LINC01681
ENST00000669112.1	ENSG00000233985.3	LINC01681
ENST00000669113.1	ENSG00000233985.3	LINC01681
ENST00000671647.1	ENSG00000233985.3	LINC01681
ENST00000790824.1	ENSG00000233985.3	LINC01681
ENST00000790825.1	ENSG00000233985.3	LINC01681
ENST00000790826.1	ENSG00000233985.3	LINC01681
ENST00000790827.1	ENSG00000233985.3	LINC01681
ENST00000790830.1	ENSG00000233985.3	LINC01681
ENST00000790831.1	ENSG00000233985.3	LINC01681
ENST00000790832.1	ENSG00000233985.3	LINC01681
ENST00000790833.1	ENSG00000233985.3	LINC01681
ENST00000790834.1	ENSG00000233985.3	LINC01681
ENST00000790835.1	ENSG00000233985.3	LINC01681
ENST00000790837.1	ENSG00000233985.3	LINC01681
ENST00000790838.1	ENSG00000233985.3	LINC01681
ENST00000790839.1	ENSG00000233985.3	LINC01681
ENST00000790840.1	ENSG00000233985.3	LINC01681
ENST00000452971.2	ENSG00000238063.4	LINC01685
ENST00000634298.1	ENSG00000238063.4	LINC01685
ENST00000634464.2	ENSG00000238063.4	LINC01685
ENST00000634732.1	ENSG00000238063.4	LINC01685
ENST00000654266.1	ENSG00000238063.4	LINC01685
ENST00000658172.1	ENSG00000238063.4	LINC01685
ENST00000658241.1	ENSG00000238063.4	LINC01685
ENST00000658281.1	ENSG00000238063.4	LINC01685
ENST00000658751.1	ENSG00000238063.4	LINC01685
ENST00000658851.1	ENSG00000238063.4	LINC01685
ENST00000658982.1	ENSG00000238063.4	LINC01685
ENST00000659619.1	ENSG00000238063.4	LINC01685
ENST00000660113.2	ENSG00000238063.4	LINC01685
ENST00000665359.2	ENSG00000238063.4	LINC01685
ENST00000671197.1	ENSG00000238063.4	LINC01685
ENST00000779449.1	ENSG00000238063.4	LINC01685
ENST00000566297.1	ENSG00000261504.1	LINC01686
ENST00000448988.3	ENSG00000227940.3	LINC01696
ENST00000658311.2	ENSG00000227940.3	LINC01696
ENST00000665245.1	ENSG00000227940.3	LINC01696
ENST00000808194.1	ENSG00000227940.3	LINC01696
ENST00000808195.1	ENSG00000227940.3	LINC01696
ENST00000808196.1	ENSG00000227940.3	LINC01696
ENST00000447257.1	ENSG00000231648.3	LINC01698
ENST00000655463.1	ENSG00000231648.3	LINC01698
ENST00000657739.1	ENSG00000231648.3	LINC01698
ENST00000758530.1	ENSG00000232212.2	LINC01701
ENST00000758531.1	ENSG00000232212.2	LINC01701
ENST00000635350.1	ENSG00000235200.6	LINC01702
ENST00000703039.2	ENSG00000235200.6	LINC01702
ENST00000655338.2	ENSG00000225518.4	LINC01703
ENST00000656201.2	ENSG00000225518.4	LINC01703
ENST00000425517.1	ENSG00000223883.3	LINC01707
ENST00000658427.1	ENSG00000223883.3	LINC01707
ENST00000660251.1	ENSG00000223883.3	LINC01707
ENST00000661832.1	ENSG00000223883.3	LINC01707
ENST00000664718.1	ENSG00000223883.3	LINC01707
ENST00000667299.1	ENSG00000223883.3	LINC01707
ENST00000667473.1	ENSG00000223883.3	LINC01707
ENST00000777995.1	ENSG00000223883.3	LINC01707
ENST00000777996.1	ENSG00000223883.3	LINC01707
ENST00000826207.1	ENSG00000223883.3	LINC01707
ENST00000794275.1	ENSG00000231364.4	LINC01712
ENST00000794287.1	ENSG00000231364.4	LINC01712
ENST00000794288.1	ENSG00000231364.4	LINC01712
ENST00000794289.1	ENSG00000231364.4	LINC01712
ENST00000794290.1	ENSG00000231364.4	LINC01712
ENST00000635451.2	ENSG00000227634.4	LINC01714
ENST00000684850.2	ENSG00000227634.4	LINC01714
ENST00000777674.1	ENSG00000227634.4	LINC01714
ENST00000777798.1	ENSG00000227634.4	LINC01714
ENST00000777802.1	ENSG00000227634.4	LINC01714
ENST00000777803.1	ENSG00000227634.4	LINC01714
ENST00000777804.1	ENSG00000227634.4	LINC01714
ENST00000777805.1	ENSG00000227634.4	LINC01714
ENST00000777807.1	ENSG00000227634.4	LINC01714
ENST00000777808.1	ENSG00000227634.4	LINC01714
ENST00000777809.1	ENSG00000227634.4	LINC01714
ENST00000777811.1	ENSG00000227634.4	LINC01714
ENST00000777816.1	ENSG00000227634.4	LINC01714
ENST00000777817.1	ENSG00000227634.4	LINC01714
ENST00000777818.1	ENSG00000227634.4	LINC01714
ENST00000777819.1	ENSG00000227634.4	LINC01714
ENST00000777820.1	ENSG00000227634.4	LINC01714
ENST00000777821.1	ENSG00000227634.4	LINC01714
ENST00000777822.1	ENSG00000227634.4	LINC01714
ENST00000777823.1	ENSG00000227634.4	LINC01714
ENST00000777824.1	ENSG00000227634.4	LINC01714
ENST00000777825.1	ENSG00000227634.4	LINC01714
ENST00000778536.1	ENSG00000227634.4	LINC01714
ENST00000778537.1	ENSG00000227634.4	LINC01714
ENST00000457465.3	ENSG00000233396.10	LINC01719
ENST00000610820.4	ENSG00000233396.10	LINC01719
ENST00000611275.6	ENSG00000233396.10	LINC01719
ENST00000612371.5	ENSG00000233396.10	LINC01719
ENST00000619720.1	ENSG00000233396.10	LINC01719
ENST00000664959.1	ENSG00000233396.10	LINC01719
ENST00000667400.1	ENSG00000233396.10	LINC01719
ENST00000667626.1	ENSG00000233396.10	LINC01719
ENST00000778988.1	ENSG00000233396.10	LINC01719
ENST00000778989.1	ENSG00000233396.10	LINC01719
ENST00000413356.1	ENSG00000231175.1	LINC01720
ENST00000794025.1	ENSG00000233008.9	LINC01725
ENST00000797603.1	ENSG00000237292.2	LINC01732
ENST00000797608.1	ENSG00000237292.2	LINC01732
ENST00000797609.1	ENSG00000237292.2	LINC01732
ENST00000797610.1	ENSG00000237292.2	LINC01732
ENST00000797611.1	ENSG00000237292.2	LINC01732
ENST00000797612.1	ENSG00000237292.2	LINC01732
ENST00000797613.1	ENSG00000237292.2	LINC01732
ENST00000797614.1	ENSG00000237292.2	LINC01732
ENST00000797615.1	ENSG00000237292.2	LINC01732
ENST00000797616.1	ENSG00000237292.2	LINC01732
ENST00000797617.1	ENSG00000237292.2	LINC01732
ENST00000797620.1	ENSG00000237292.2	LINC01732
ENST00000797621.1	ENSG00000237292.2	LINC01732
ENST00000797622.1	ENSG00000237292.2	LINC01732
ENST00000797623.1	ENSG00000237292.2	LINC01732
ENST00000797624.1	ENSG00000237292.2	LINC01732
ENST00000445339.1	ENSG00000228058.5	LINC01736
ENST00000660480.4	ENSG00000228058.5	LINC01736
ENST00000661272.2	ENSG00000228058.5	LINC01736
ENST00000663288.3	ENSG00000228058.5	LINC01736
ENST00000692439.2	ENSG00000228058.5	LINC01736
ENST00000702654.2	ENSG00000228058.5	LINC01736
ENST00000847462.1	ENSG00000228058.5	LINC01736
ENST00000847463.1	ENSG00000228058.5	LINC01736
ENST00000847464.1	ENSG00000228058.5	LINC01736
ENST00000847466.1	ENSG00000228058.5	LINC01736
ENST00000454285.2	ENSG00000227947.3	LINC01738
ENST00000785599.1	ENSG00000227947.3	LINC01738
ENST00000785600.1	ENSG00000227947.3	LINC01738
ENST00000651527.1	ENSG00000228067.2	LINC01740
ENST00000850094.1	ENSG00000228067.2	LINC01740
ENST00000850095.1	ENSG00000228067.2	LINC01740
ENST00000850096.1	ENSG00000228067.2	LINC01740
ENST00000850097.1	ENSG00000228067.2	LINC01740
ENST00000850098.1	ENSG00000228067.2	LINC01740
ENST00000850100.1	ENSG00000228067.2	LINC01740
ENST00000427173.1	ENSG00000236720.3	LINC01741
ENST00000654430.1	ENSG00000236720.3	LINC01741
ENST00000670282.1	ENSG00000236720.3	LINC01741
ENST00000811718.1	ENSG00000236720.3	LINC01741
ENST00000430921.2	ENSG00000225919.2	LINC01745
ENST00000748516.1	ENSG00000225919.2	LINC01745
ENST00000428461.2	ENSG00000231437.4	LINC01750
ENST00000438293.2	ENSG00000231437.4	LINC01750
ENST00000442751.2	ENSG00000231437.4	LINC01750
ENST00000748684.1	ENSG00000231437.4	LINC01750
ENST00000748685.1	ENSG00000231437.4	LINC01750
ENST00000748686.1	ENSG00000231437.4	LINC01750
ENST00000748687.1	ENSG00000231437.4	LINC01750
ENST00000748688.1	ENSG00000231437.4	LINC01750
ENST00000748689.1	ENSG00000231437.4	LINC01750
ENST00000748690.1	ENSG00000231437.4	LINC01750
ENST00000748691.1	ENSG00000231437.4	LINC01750
ENST00000748692.1	ENSG00000231437.4	LINC01750
ENST00000748693.1	ENSG00000231437.4	LINC01750
ENST00000748694.1	ENSG00000231437.4	LINC01750
ENST00000748695.1	ENSG00000231437.4	LINC01750
ENST00000748696.1	ENSG00000231437.4	LINC01750
ENST00000748697.1	ENSG00000231437.4	LINC01750
ENST00000748698.1	ENSG00000231437.4	LINC01750
ENST00000422374.1	ENSG00000233079.4	LINC01755
ENST00000634769.2	ENSG00000233079.4	LINC01755
ENST00000648749.1	ENSG00000233079.4	LINC01755
ENST00000671520.1	ENSG00000233079.4	LINC01755
ENST00000717013.1	ENSG00000233079.4	LINC01755
ENST00000745320.1	ENSG00000233079.4	LINC01755
ENST00000745322.1	ENSG00000233079.4	LINC01755
ENST00000745323.1	ENSG00000233079.4	LINC01755
ENST00000745327.1	ENSG00000233079.4	LINC01755
ENST00000745330.1	ENSG00000233079.4	LINC01755
ENST00000745331.1	ENSG00000233079.4	LINC01755
ENST00000745332.1	ENSG00000233079.4	LINC01755
ENST00000745334.1	ENSG00000233079.4	LINC01755
ENST00000435552.2	ENSG00000228105.3	LINC01757
ENST00000659784.2	ENSG00000228105.3	LINC01757
ENST00000734304.1	ENSG00000228105.3	LINC01757
ENST00000448001.1	ENSG00000229639.1	LINC01758
ENST00000424943.1	ENSG00000233907.1	LINC01761
ENST00000425185.2	ENSG00000225446.4	LINC01763
ENST00000655113.2	ENSG00000225446.4	LINC01763
ENST00000760051.1	ENSG00000225446.4	LINC01763
ENST00000760052.1	ENSG00000225446.4	LINC01763
ENST00000760053.1	ENSG00000225446.4	LINC01763
ENST00000760054.1	ENSG00000225446.4	LINC01763
ENST00000448680.3	ENSG00000233730.3	LINC01765
ENST00000820083.1	ENSG00000233730.3	LINC01765
ENST00000820084.1	ENSG00000233730.3	LINC01765
ENST00000820085.1	ENSG00000233730.3	LINC01765
ENST00000820086.1	ENSG00000233730.3	LINC01765
ENST00000820087.1	ENSG00000233730.3	LINC01765
ENST00000820088.1	ENSG00000233730.3	LINC01765
ENST00000820089.1	ENSG00000233730.3	LINC01765
ENST00000820090.1	ENSG00000233730.3	LINC01765
ENST00000451914.4	ENSG00000223956.5	LINC01767
ENST00000653637.1	ENSG00000223956.5	LINC01767
ENST00000662108.1	ENSG00000223956.5	LINC01767
ENST00000663880.2	ENSG00000223956.5	LINC01767
ENST00000669154.2	ENSG00000223956.5	LINC01767
ENST00000670778.1	ENSG00000223956.5	LINC01767
ENST00000690755.1	ENSG00000223956.5	LINC01767
ENST00000703068.1	ENSG00000223956.5	LINC01767
ENST00000846093.1	ENSG00000228420.2	LINC01768
ENST00000457898.1	ENSG00000226029.1	LINC01772
ENST00000707400.1	ENSG00000291388.1	LINC01772
ENST00000821642.1	ENSG00000236950.2	LINC01774
ENST00000418344.1	ENSG00000226053.2	LINC01776
ENST00000776603.1	ENSG00000226053.2	LINC01776
ENST00000423197.2	ENSG00000235054.5	LINC01777
ENST00000635002.1	ENSG00000235054.5	LINC01777
ENST00000635312.2	ENSG00000235054.5	LINC01777
ENST00000635642.1	ENSG00000235054.5	LINC01777
ENST00000659315.1	ENSG00000235054.5	LINC01777
ENST00000663417.1	ENSG00000235054.5	LINC01777
ENST00000667352.2	ENSG00000235054.5	LINC01777
ENST00000668086.1	ENSG00000235054.5	LINC01777
ENST00000669931.1	ENSG00000235054.5	LINC01777
ENST00000670434.1	ENSG00000235054.5	LINC01777
ENST00000828650.1	ENSG00000235054.5	LINC01777
ENST00000828651.1	ENSG00000235054.5	LINC01777
ENST00000430320.4	ENSG00000223382.7	LINC01778
ENST00000634319.3	ENSG00000223382.7	LINC01778
ENST00000634587.2	ENSG00000223382.7	LINC01778
ENST00000634980.2	ENSG00000223382.7	LINC01778
ENST00000635009.2	ENSG00000223382.7	LINC01778
ENST00000635044.2	ENSG00000223382.7	LINC01778
ENST00000635288.3	ENSG00000223382.7	LINC01778
ENST00000635357.4	ENSG00000223382.7	LINC01778
ENST00000658212.1	ENSG00000223382.7	LINC01778
ENST00000659416.2	ENSG00000223382.7	LINC01778
ENST00000659931.2	ENSG00000223382.7	LINC01778
ENST00000671661.2	ENSG00000223382.7	LINC01778
ENST00000692012.2	ENSG00000223382.7	LINC01778
ENST00000722254.1	ENSG00000223382.7	LINC01778
ENST00000722255.1	ENSG00000223382.7	LINC01778
ENST00000722256.1	ENSG00000223382.7	LINC01778
ENST00000722257.1	ENSG00000223382.7	LINC01778
ENST00000722258.1	ENSG00000223382.7	LINC01778
ENST00000722259.1	ENSG00000223382.7	LINC01778
ENST00000722260.1	ENSG00000223382.7	LINC01778
ENST00000722261.1	ENSG00000223382.7	LINC01778
ENST00000722262.1	ENSG00000223382.7	LINC01778
ENST00000722263.1	ENSG00000223382.7	LINC01778
ENST00000722265.1	ENSG00000223382.7	LINC01778
ENST00000722266.1	ENSG00000223382.7	LINC01778
ENST00000722267.1	ENSG00000223382.7	LINC01778
ENST00000722268.1	ENSG00000223382.7	LINC01778
ENST00000426515.3	ENSG00000235933.3	LINC01779
ENST00000849284.1	ENSG00000235933.3	LINC01779
ENST00000420059.6	ENSG00000232650.6	LINC01780
ENST00000418041.5	ENSG00000234184.9	LINC01781
ENST00000443104.5	ENSG00000234184.9	LINC01781
ENST00000443565.4	ENSG00000234184.9	LINC01781
ENST00000659969.2	ENSG00000234184.9	LINC01781
ENST00000686004.2	ENSG00000234184.9	LINC01781
ENST00000785966.1	ENSG00000234184.9	LINC01781
ENST00000785967.1	ENSG00000234184.9	LINC01781
ENST00000785968.1	ENSG00000234184.9	LINC01781
ENST00000785969.1	ENSG00000234184.9	LINC01781
ENST00000785970.1	ENSG00000234184.9	LINC01781
ENST00000419450.1	ENSG00000229051.2	LINC01788
ENST00000660283.1	ENSG00000229051.2	LINC01788
ENST00000663421.1	ENSG00000229051.2	LINC01788
ENST00000664802.1	ENSG00000229051.2	LINC01788
ENST00000447194.1	ENSG00000230173.1	LINC01790
ENST00000754004.1	ENSG00000233128.3	LINC01794
ENST00000754006.1	ENSG00000233128.3	LINC01794
ENST00000754007.1	ENSG00000233128.3	LINC01794
ENST00000754008.1	ENSG00000233128.3	LINC01794
ENST00000754010.1	ENSG00000233128.3	LINC01794
ENST00000754011.1	ENSG00000233128.3	LINC01794
ENST00000754014.1	ENSG00000233128.3	LINC01794
ENST00000754015.1	ENSG00000233128.3	LINC01794
ENST00000754016.1	ENSG00000233128.3	LINC01794
ENST00000454367.2	ENSG00000225226.3	LINC01795
ENST00000655335.2	ENSG00000225226.3	LINC01795
ENST00000660850.1	ENSG00000225226.3	LINC01795
ENST00000784656.1	ENSG00000225226.3	LINC01795
ENST00000784657.1	ENSG00000225226.3	LINC01795
ENST00000784658.1	ENSG00000225226.3	LINC01795
ENST00000784659.1	ENSG00000225226.3	LINC01795
ENST00000412944.1	ENSG00000232046.9	LINC01798
ENST00000423168.5	ENSG00000232046.9	LINC01798
ENST00000428590.5	ENSG00000232046.9	LINC01798
ENST00000433396.5	ENSG00000232046.9	LINC01798
ENST00000435389.6	ENSG00000232046.9	LINC01798
ENST00000653254.1	ENSG00000232046.9	LINC01798
ENST00000664251.1	ENSG00000232046.9	LINC01798
ENST00000715601.1	ENSG00000232046.9	LINC01798
ENST00000758436.1	ENSG00000232046.9	LINC01798
ENST00000758442.1	ENSG00000232046.9	LINC01798
ENST00000758448.1	ENSG00000232046.9	LINC01798
ENST00000758449.1	ENSG00000232046.9	LINC01798
ENST00000758450.1	ENSG00000232046.9	LINC01798
ENST00000758452.1	ENSG00000232046.9	LINC01798
ENST00000758455.1	ENSG00000232046.9	LINC01798
ENST00000758457.1	ENSG00000232046.9	LINC01798
ENST00000758459.1	ENSG00000232046.9	LINC01798
ENST00000758460.1	ENSG00000232046.9	LINC01798
ENST00000758461.1	ENSG00000232046.9	LINC01798
ENST00000758462.1	ENSG00000232046.9	LINC01798
ENST00000758463.1	ENSG00000232046.9	LINC01798
ENST00000438824.2	ENSG00000225064.2	LINC01802
ENST00000759008.1	ENSG00000225064.2	LINC01802
ENST00000759009.1	ENSG00000225064.2	LINC01802
ENST00000492352.5	ENSG00000231031.7	LINC01804
ENST00000770652.1	ENSG00000231031.7	LINC01804
ENST00000770653.1	ENSG00000231031.7	LINC01804
ENST00000770654.1	ENSG00000231031.7	LINC01804
ENST00000436433.1	ENSG00000223863.1	LINC01805
ENST00000436506.5	ENSG00000227403.4	LINC01806
ENST00000439050.2	ENSG00000227403.4	LINC01806
ENST00000655684.3	ENSG00000227403.4	LINC01806
ENST00000689088.3	ENSG00000227403.4	LINC01806
ENST00000804015.1	ENSG00000227403.4	LINC01806
ENST00000804016.1	ENSG00000227403.4	LINC01806
ENST00000804017.1	ENSG00000227403.4	LINC01806
ENST00000804018.1	ENSG00000227403.4	LINC01806
ENST00000804019.1	ENSG00000227403.4	LINC01806
ENST00000804020.1	ENSG00000227403.4	LINC01806
ENST00000804021.1	ENSG00000227403.4	LINC01806
ENST00000804022.1	ENSG00000227403.4	LINC01806
ENST00000804023.1	ENSG00000227403.4	LINC01806
ENST00000804024.1	ENSG00000227403.4	LINC01806
ENST00000450628.2	ENSG00000237992.4	LINC01808
ENST00000641680.1	ENSG00000237992.4	LINC01808
ENST00000641932.1	ENSG00000237992.4	LINC01808
ENST00000654520.1	ENSG00000237992.4	LINC01808
ENST00000657829.1	ENSG00000237992.4	LINC01808
ENST00000659488.1	ENSG00000237992.4	LINC01808
ENST00000663794.1	ENSG00000237992.4	LINC01808
ENST00000666694.1	ENSG00000237992.4	LINC01808
ENST00000669699.1	ENSG00000237992.4	LINC01808
ENST00000670653.2	ENSG00000237992.4	LINC01808
ENST00000822351.1	ENSG00000237992.4	LINC01808
ENST00000448431.1	ENSG00000232548.1	LINC01809
ENST00000415991.2	ENSG00000226320.7	LINC01811
ENST00000655660.1	ENSG00000226320.7	LINC01811
ENST00000657826.1	ENSG00000226320.7	LINC01811
ENST00000659641.1	ENSG00000226320.7	LINC01811
ENST00000660434.1	ENSG00000226320.7	LINC01811
ENST00000662710.2	ENSG00000226320.7	LINC01811
ENST00000664458.2	ENSG00000226320.7	LINC01811
ENST00000665082.1	ENSG00000226320.7	LINC01811
ENST00000669904.1	ENSG00000226320.7	LINC01811
ENST00000670306.1	ENSG00000226320.7	LINC01811
ENST00000671575.1	ENSG00000226320.7	LINC01811
ENST00000721494.1	ENSG00000226320.7	LINC01811
ENST00000721496.1	ENSG00000226320.7	LINC01811
ENST00000721497.1	ENSG00000226320.7	LINC01811
ENST00000721501.1	ENSG00000226320.7	LINC01811
ENST00000721502.1	ENSG00000226320.7	LINC01811
ENST00000721503.1	ENSG00000226320.7	LINC01811
ENST00000721506.1	ENSG00000226320.7	LINC01811
ENST00000721508.1	ENSG00000226320.7	LINC01811
ENST00000721509.1	ENSG00000226320.7	LINC01811
ENST00000721511.1	ENSG00000226320.7	LINC01811
ENST00000721512.1	ENSG00000226320.7	LINC01811
ENST00000721515.1	ENSG00000226320.7	LINC01811
ENST00000721516.1	ENSG00000226320.7	LINC01811
ENST00000721519.1	ENSG00000226320.7	LINC01811
ENST00000721521.1	ENSG00000226320.7	LINC01811
ENST00000721522.1	ENSG00000226320.7	LINC01811
ENST00000721524.1	ENSG00000226320.7	LINC01811
ENST00000721525.1	ENSG00000226320.7	LINC01811
ENST00000721526.1	ENSG00000226320.7	LINC01811
ENST00000721527.1	ENSG00000226320.7	LINC01811
ENST00000721528.1	ENSG00000226320.7	LINC01811
ENST00000721529.1	ENSG00000226320.7	LINC01811
ENST00000721530.1	ENSG00000226320.7	LINC01811
ENST00000721531.1	ENSG00000226320.7	LINC01811
ENST00000721534.1	ENSG00000226320.7	LINC01811
ENST00000721536.1	ENSG00000226320.7	LINC01811
ENST00000437118.1	ENSG00000230645.2	LINC01818
ENST00000659082.1	ENSG00000230645.2	LINC01818
ENST00000665690.1	ENSG00000230645.2	LINC01818
ENST00000419786.2	ENSG00000225539.10	LINC01821
ENST00000450848.6	ENSG00000225539.10	LINC01821
ENST00000650872.1	ENSG00000225539.10	LINC01821
ENST00000654688.1	ENSG00000225539.10	LINC01821
ENST00000655549.1	ENSG00000225539.10	LINC01821
ENST00000701609.1	ENSG00000225539.10	LINC01821
ENST00000778645.1	ENSG00000225539.10	LINC01821
ENST00000778646.1	ENSG00000225539.10	LINC01821
ENST00000778647.1	ENSG00000225539.10	LINC01821
ENST00000778656.1	ENSG00000225539.10	LINC01821
ENST00000778660.1	ENSG00000225539.10	LINC01821
ENST00000778685.1	ENSG00000225539.10	LINC01821
ENST00000778686.1	ENSG00000225539.10	LINC01821
ENST00000435895.5	ENSG00000224655.8	LINC01823
ENST00000436082.3	ENSG00000226488.3	LINC01824
ENST00000660485.1	ENSG00000226488.3	LINC01824
ENST00000661143.2	ENSG00000226488.3	LINC01824
ENST00000663983.1	ENSG00000226488.3	LINC01824
ENST00000668317.1	ENSG00000226488.3	LINC01824
ENST00000747077.1	ENSG00000226488.3	LINC01824
ENST00000747078.1	ENSG00000226488.3	LINC01824
ENST00000452381.1	ENSG00000223466.3	LINC01825
ENST00000665031.2	ENSG00000223466.3	LINC01825
ENST00000667270.1	ENSG00000223466.3	LINC01825
ENST00000671559.1	ENSG00000223466.3	LINC01825
ENST00000445514.1	ENSG00000235885.9	LINC01828
ENST00000450294.4	ENSG00000235885.9	LINC01828
ENST00000452716.5	ENSG00000235885.9	LINC01828
ENST00000593336.3	ENSG00000235885.9	LINC01828
ENST00000594329.5	ENSG00000235885.9	LINC01828
ENST00000598583.5	ENSG00000235885.9	LINC01828
ENST00000618608.1	ENSG00000235885.9	LINC01828
ENST00000626583.2	ENSG00000235885.9	LINC01828
ENST00000627247.2	ENSG00000235885.9	LINC01828
ENST00000628692.3	ENSG00000235885.9	LINC01828
ENST00000629960.2	ENSG00000235885.9	LINC01828
ENST00000630617.2	ENSG00000235885.9	LINC01828
ENST00000631099.1	ENSG00000235885.9	LINC01828
ENST00000657551.1	ENSG00000235885.9	LINC01828
ENST00000821577.1	ENSG00000235885.9	LINC01828
ENST00000446520.2	ENSG00000224231.2	LINC01832
ENST00000451348.1	ENSG00000227509.1	LINC01839
ENST00000629443.1	ENSG00000281738.1	LINC01839
ENST00000743957.1	ENSG00000227708.2	LINC01850
ENST00000443419.3	ENSG00000233605.4	LINC01851
ENST00000661594.2	ENSG00000233605.4	LINC01851
ENST00000663337.1	ENSG00000233605.4	LINC01851
ENST00000450840.1	ENSG00000237574.2	LINC01856
ENST00000709839.1	ENSG00000292135.1	LINC01856
ENST00000769638.1	ENSG00000237574.2	LINC01856
ENST00000769639.1	ENSG00000237574.2	LINC01856
ENST00000429730.3	ENSG00000224137.3	LINC01857
ENST00000691648.2	ENSG00000224137.3	LINC01857
ENST00000754137.1	ENSG00000224137.3	LINC01857
ENST00000754138.1	ENSG00000224137.3	LINC01857
ENST00000754139.1	ENSG00000224137.3	LINC01857
ENST00000431911.1	ENSG00000233684.4	LINC01865
ENST00000715299.1	ENSG00000233684.4	LINC01865
ENST00000715300.1	ENSG00000233684.4	LINC01865
ENST00000715336.1	ENSG00000233684.4	LINC01865
ENST00000414965.1	ENSG00000234169.2	LINC01868
ENST00000841223.1	ENSG00000234169.2	LINC01868
ENST00000417930.3	ENSG00000235576.4	LINC01871
ENST00000690040.2	ENSG00000235576.4	LINC01871
ENST00000690653.3	ENSG00000235576.4	LINC01871
ENST00000811668.1	ENSG00000235576.4	LINC01871
ENST00000811669.1	ENSG00000235576.4	LINC01871
ENST00000811670.1	ENSG00000235576.4	LINC01871
ENST00000811671.1	ENSG00000235576.4	LINC01871
ENST00000811674.1	ENSG00000235576.4	LINC01871
ENST00000811675.1	ENSG00000235576.4	LINC01871
ENST00000811676.1	ENSG00000235576.4	LINC01871
ENST00000811678.1	ENSG00000235576.4	LINC01871
ENST00000811679.1	ENSG00000235576.4	LINC01871
ENST00000428647.1	ENSG00000232164.1	LINC01873
ENST00000419243.5	ENSG00000238217.8	LINC01877
ENST00000427045.6	ENSG00000238217.8	LINC01877
ENST00000439734.5	ENSG00000238217.8	LINC01877
ENST00000655676.1	ENSG00000238217.8	LINC01877
ENST00000656508.2	ENSG00000238217.8	LINC01877
ENST00000657231.1	ENSG00000238217.8	LINC01877
ENST00000657450.1	ENSG00000238217.8	LINC01877
ENST00000663879.1	ENSG00000238217.8	LINC01877
ENST00000664879.1	ENSG00000238217.8	LINC01877
ENST00000761336.1	ENSG00000238217.8	LINC01877
ENST00000761337.1	ENSG00000238217.8	LINC01877
ENST00000761339.1	ENSG00000238217.8	LINC01877
ENST00000434559.1	ENSG00000234308.3	LINC01878
ENST00000653871.2	ENSG00000234308.3	LINC01878
ENST00000662471.1	ENSG00000234308.3	LINC01878
ENST00000457385.2	ENSG00000235009.2	LINC01883
ENST00000661715.2	ENSG00000235009.2	LINC01883
ENST00000738062.1	ENSG00000235009.2	LINC01883
ENST00000738063.1	ENSG00000235009.2	LINC01883
ENST00000738064.1	ENSG00000235009.2	LINC01883
ENST00000738065.1	ENSG00000235009.2	LINC01883
ENST00000738066.1	ENSG00000235009.2	LINC01883
ENST00000738466.1	ENSG00000235009.2	LINC01883
ENST00000738467.1	ENSG00000235009.2	LINC01883
ENST00000738468.1	ENSG00000235009.2	LINC01883
ENST00000738469.1	ENSG00000235009.2	LINC01883
ENST00000653854.1	ENSG00000233587.3	LINC01884
ENST00000654407.2	ENSG00000233587.3	LINC01884
ENST00000655510.1	ENSG00000233587.3	LINC01884
ENST00000657386.1	ENSG00000233587.3	LINC01884
ENST00000665651.1	ENSG00000233587.3	LINC01884
ENST00000669816.2	ENSG00000233587.3	LINC01884
ENST00000670184.1	ENSG00000233587.3	LINC01884
ENST00000671077.1	ENSG00000233587.3	LINC01884
ENST00000833461.1	ENSG00000233587.3	LINC01884
ENST00000833464.1	ENSG00000233587.3	LINC01884
ENST00000439893.1	ENSG00000224568.4	LINC01886
ENST00000443205.2	ENSG00000224568.4	LINC01886
ENST00000658627.2	ENSG00000224568.4	LINC01886
ENST00000660653.1	ENSG00000224568.4	LINC01886
ENST00000662038.1	ENSG00000224568.4	LINC01886
ENST00000665591.1	ENSG00000224568.4	LINC01886
ENST00000666630.2	ENSG00000224568.4	LINC01886
ENST00000669483.2	ENSG00000224568.4	LINC01886
ENST00000767983.1	ENSG00000224568.4	LINC01886
ENST00000767984.1	ENSG00000224568.4	LINC01886
ENST00000767985.1	ENSG00000224568.4	LINC01886
ENST00000415138.1	ENSG00000237576.3	LINC01888
ENST00000457602.3	ENSG00000237576.3	LINC01888
ENST00000655763.2	ENSG00000237576.3	LINC01888
ENST00000654856.1	ENSG00000231040.3	LINC01911
ENST00000655662.1	ENSG00000231040.3	LINC01911
ENST00000656564.1	ENSG00000231040.3	LINC01911
ENST00000661603.1	ENSG00000231040.3	LINC01911
ENST00000667356.1	ENSG00000231040.3	LINC01911
ENST00000670621.1	ENSG00000231040.3	LINC01911
ENST00000696349.1	ENSG00000231040.3	LINC01911
ENST00000398796.4	ENSG00000214691.10	LINC01913
ENST00000649168.1	ENSG00000214691.10	LINC01913
ENST00000653176.1	ENSG00000214691.10	LINC01913
ENST00000653206.1	ENSG00000214691.10	LINC01913
ENST00000653210.1	ENSG00000214691.10	LINC01913
ENST00000653561.1	ENSG00000214691.10	LINC01913
ENST00000656010.1	ENSG00000214691.10	LINC01913
ENST00000657200.1	ENSG00000214691.10	LINC01913
ENST00000657390.1	ENSG00000214691.10	LINC01913
ENST00000661325.1	ENSG00000214691.10	LINC01913
ENST00000787262.1	ENSG00000214691.10	LINC01913
ENST00000436841.2	ENSG00000226508.2	LINC01918
ENST00000438148.1	ENSG00000226508.2	LINC01918
ENST00000452037.1	ENSG00000226508.2	LINC01918
ENST00000849532.1	ENSG00000226508.2	LINC01918
ENST00000849533.1	ENSG00000226508.2	LINC01918
ENST00000849534.1	ENSG00000226508.2	LINC01918
ENST00000424170.5	ENSG00000234663.8	LINC01934
ENST00000428474.5	ENSG00000234663.8	LINC01934
ENST00000435411.6	ENSG00000234663.8	LINC01934
ENST00000645719.2	ENSG00000234663.8	LINC01934
ENST00000646009.1	ENSG00000234663.8	LINC01934
ENST00000654342.1	ENSG00000234663.8	LINC01934
ENST00000654567.1	ENSG00000234663.8	LINC01934
ENST00000656623.1	ENSG00000234663.8	LINC01934
ENST00000659181.1	ENSG00000234663.8	LINC01934
ENST00000669843.1	ENSG00000234663.8	LINC01934
ENST00000779079.1	ENSG00000234663.8	LINC01934
ENST00000779080.1	ENSG00000234663.8	LINC01934
ENST00000779081.1	ENSG00000234663.8	LINC01934
ENST00000779082.1	ENSG00000234663.8	LINC01934
ENST00000421976.2	ENSG00000235997.5	LINC01936
ENST00000660932.1	ENSG00000235997.5	LINC01936
ENST00000666899.3	ENSG00000235997.5	LINC01936
ENST00000670470.2	ENSG00000235997.5	LINC01936
ENST00000671597.1	ENSG00000235997.5	LINC01936
ENST00000448543.1	ENSG00000234279.3	LINC01937
ENST00000748293.1	ENSG00000234279.3	LINC01937
ENST00000752517.1	ENSG00000234279.3	LINC01937
ENST00000752518.1	ENSG00000234279.3	LINC01937
ENST00000445770.3	ENSG00000288569.2	LINC01949
ENST00000611331.1	ENSG00000288569.2	LINC01949
ENST00000841287.1	ENSG00000288569.2	LINC01949
ENST00000841288.1	ENSG00000288569.2	LINC01949
ENST00000841289.1	ENSG00000288569.2	LINC01949
ENST00000841290.1	ENSG00000288569.2	LINC01949
ENST00000607419.1	ENSG00000271952.4	LINC01954
ENST00000670239.2	ENSG00000271952.4	LINC01954
ENST00000743683.1	ENSG00000271952.4	LINC01954
ENST00000743686.1	ENSG00000271952.4	LINC01954
ENST00000743687.1	ENSG00000271952.4	LINC01954
ENST00000743688.1	ENSG00000271952.4	LINC01954
ENST00000743690.1	ENSG00000271952.4	LINC01954
ENST00000743694.1	ENSG00000271952.4	LINC01954
ENST00000637749.1	ENSG00000283436.2	LINC01958
ENST00000833151.1	ENSG00000283436.2	LINC01958
ENST00000833152.1	ENSG00000283436.2	LINC01958
ENST00000563759.1	ENSG00000260868.1	LINC01960
ENST00000562038.1	ENSG00000260804.4	LINC01963
ENST00000787976.1	ENSG00000260804.4	LINC01963
ENST00000412112.3	ENSG00000256637.10	LINC01965
ENST00000537492.5	ENSG00000256637.10	LINC01965
ENST00000544869.5	ENSG00000256637.10	LINC01965
ENST00000545549.1	ENSG00000256637.10	LINC01965
ENST00000609391.5	ENSG00000256637.10	LINC01965
ENST00000655320.2	ENSG00000256637.10	LINC01965
ENST00000668937.1	ENSG00000256637.10	LINC01965
ENST00000685363.1	ENSG00000256637.10	LINC01965
ENST00000687942.2	ENSG00000256637.10	LINC01965
ENST00000688553.2	ENSG00000256637.10	LINC01965
ENST00000777143.1	ENSG00000256637.10	LINC01965
ENST00000777144.1	ENSG00000256637.10	LINC01965
ENST00000777145.1	ENSG00000256637.10	LINC01965
ENST00000777146.1	ENSG00000256637.10	LINC01965
ENST00000777147.1	ENSG00000256637.10	LINC01965
ENST00000777148.1	ENSG00000256637.10	LINC01965
ENST00000777149.1	ENSG00000256637.10	LINC01965
ENST00000777150.1	ENSG00000256637.10	LINC01965
ENST00000777151.1	ENSG00000256637.10	LINC01965
ENST00000777152.1	ENSG00000256637.10	LINC01965
ENST00000777153.1	ENSG00000256637.10	LINC01965
ENST00000777154.1	ENSG00000256637.10	LINC01965
ENST00000777155.1	ENSG00000256637.10	LINC01965
ENST00000777156.1	ENSG00000256637.10	LINC01965
ENST00000777157.1	ENSG00000256637.10	LINC01965
ENST00000777158.1	ENSG00000256637.10	LINC01965
ENST00000777159.1	ENSG00000256637.10	LINC01965
ENST00000777160.1	ENSG00000256637.10	LINC01965
ENST00000777161.1	ENSG00000256637.10	LINC01965
ENST00000777162.1	ENSG00000256637.10	LINC01965
ENST00000777163.1	ENSG00000256637.10	LINC01965
ENST00000777164.1	ENSG00000256637.10	LINC01965
ENST00000777165.1	ENSG00000256637.10	LINC01965
ENST00000415410.1	ENSG00000237222.5	LINC01968
ENST00000423318.1	ENSG00000237222.5	LINC01968
ENST00000454508.1	ENSG00000237222.5	LINC01968
ENST00000455796.1	ENSG00000237222.5	LINC01968
ENST00000653545.1	ENSG00000237222.5	LINC01968
ENST00000654487.1	ENSG00000237222.5	LINC01968
ENST00000658464.1	ENSG00000237222.5	LINC01968
ENST00000658495.1	ENSG00000237222.5	LINC01968
ENST00000662703.1	ENSG00000237222.5	LINC01968
ENST00000662913.1	ENSG00000237222.5	LINC01968
ENST00000666554.1	ENSG00000237222.5	LINC01968
ENST00000669045.1	ENSG00000237222.5	LINC01968
ENST00000670592.1	ENSG00000237222.5	LINC01968
ENST00000671408.1	ENSG00000237222.5	LINC01968
ENST00000716474.1	ENSG00000237222.5	LINC01968
ENST00000716475.1	ENSG00000237222.5	LINC01968
ENST00000841006.1	ENSG00000237222.5	LINC01968
ENST00000841009.1	ENSG00000237222.5	LINC01968
ENST00000841012.1	ENSG00000237222.5	LINC01968
ENST00000841013.1	ENSG00000237222.5	LINC01968
ENST00000841017.1	ENSG00000237222.5	LINC01968
ENST00000841018.1	ENSG00000237222.5	LINC01968
ENST00000841019.1	ENSG00000237222.5	LINC01968
ENST00000841020.1	ENSG00000237222.5	LINC01968
ENST00000841021.1	ENSG00000237222.5	LINC01968
ENST00000841023.1	ENSG00000237222.5	LINC01968
ENST00000414382.5	ENSG00000225548.8	LINC01980
ENST00000647336.1	ENSG00000225548.8	LINC01980
ENST00000653311.1	ENSG00000225548.8	LINC01980
ENST00000746453.1	ENSG00000225548.8	LINC01980
ENST00000746454.1	ENSG00000225548.8	LINC01980
ENST00000746458.1	ENSG00000225548.8	LINC01980
ENST00000746460.1	ENSG00000225548.8	LINC01980
ENST00000746461.1	ENSG00000225548.8	LINC01980
ENST00000746462.1	ENSG00000225548.8	LINC01980
ENST00000746463.1	ENSG00000225548.8	LINC01980
ENST00000746464.1	ENSG00000225548.8	LINC01980
ENST00000746467.1	ENSG00000225548.8	LINC01980
ENST00000746468.1	ENSG00000225548.8	LINC01980
ENST00000657930.2	ENSG00000227260.3	LINC01985
ENST00000814178.1	ENSG00000227260.3	LINC01985
ENST00000814179.1	ENSG00000227260.3	LINC01985
ENST00000814186.1	ENSG00000227260.3	LINC01985
ENST00000634998.3	ENSG00000283036.4	LINC01988
ENST00000663017.1	ENSG00000283036.4	LINC01988
ENST00000609293.2	ENSG00000273125.3	LINC01990
ENST00000658914.1	ENSG00000273125.3	LINC01990
ENST00000664038.1	ENSG00000273125.3	LINC01990
ENST00000665848.1	ENSG00000273125.3	LINC01990
ENST00000667329.1	ENSG00000273125.3	LINC01990
ENST00000669596.1	ENSG00000273125.3	LINC01990
ENST00000715950.1	ENSG00000273125.3	LINC01990
ENST00000715951.1	ENSG00000273125.3	LINC01990
ENST00000494900.2	ENSG00000241383.3	LINC01997
ENST00000650951.1	ENSG00000241383.3	LINC01997
ENST00000792226.1	ENSG00000241383.3	LINC01997
ENST00000702198.2	ENSG00000240006.3	LINC02004
ENST00000765907.1	ENSG00000240006.3	LINC02004
ENST00000765908.1	ENSG00000240006.3	LINC02004
ENST00000765909.1	ENSG00000240006.3	LINC02004
ENST00000765910.1	ENSG00000240006.3	LINC02004
ENST00000765911.1	ENSG00000240006.3	LINC02004
ENST00000765912.1	ENSG00000240006.3	LINC02004
ENST00000765913.1	ENSG00000240006.3	LINC02004
ENST00000765914.1	ENSG00000240006.3	LINC02004
ENST00000765915.1	ENSG00000240006.3	LINC02004
ENST00000765916.1	ENSG00000240006.3	LINC02004
ENST00000765917.1	ENSG00000240006.3	LINC02004
ENST00000765918.1	ENSG00000240006.3	LINC02004
ENST00000765922.1	ENSG00000240006.3	LINC02004
ENST00000765923.1	ENSG00000240006.3	LINC02004
ENST00000765926.1	ENSG00000240006.3	LINC02004
ENST00000498832.1	ENSG00000242741.3	LINC02005
ENST00000664767.1	ENSG00000242741.3	LINC02005
ENST00000725964.1	ENSG00000239440.7	LINC02008
ENST00000725965.1	ENSG00000239440.7	LINC02008
ENST00000725966.1	ENSG00000239440.7	LINC02008
ENST00000725967.1	ENSG00000239440.7	LINC02008
ENST00000725968.1	ENSG00000239440.7	LINC02008
ENST00000725969.1	ENSG00000239440.7	LINC02008
ENST00000725970.1	ENSG00000239440.7	LINC02008
ENST00000725971.1	ENSG00000239440.7	LINC02008
ENST00000470860.2	ENSG00000242671.2	LINC02010
ENST00000471638.1	ENSG00000242671.2	LINC02010
ENST00000658020.1	ENSG00000242671.2	LINC02010
ENST00000450500.1	ENSG00000231574.8	LINC02015
ENST00000660040.1	ENSG00000231574.8	LINC02015
ENST00000686116.1	ENSG00000231574.8	LINC02015
ENST00000702312.1	ENSG00000231574.8	LINC02015
ENST00000716292.1	ENSG00000231574.8	LINC02015
ENST00000719096.1	ENSG00000231574.8	LINC02015
ENST00000812470.1	ENSG00000231574.8	LINC02015
ENST00000812471.1	ENSG00000231574.8	LINC02015
ENST00000608169.7	ENSG00000272690.7	LINC02018
ENST00000610109.1	ENSG00000272690.7	LINC02018
ENST00000652894.1	ENSG00000272690.7	LINC02018
ENST00000654265.2	ENSG00000272690.7	LINC02018
ENST00000654726.1	ENSG00000272690.7	LINC02018
ENST00000658641.1	ENSG00000272690.7	LINC02018
ENST00000659018.2	ENSG00000272690.7	LINC02018
ENST00000660619.1	ENSG00000272690.7	LINC02018
ENST00000671732.1	ENSG00000288312.1	LINC02018
ENST00000671742.1	ENSG00000288312.1	LINC02018
ENST00000671791.1	ENSG00000288312.1	LINC02018
ENST00000671840.1	ENSG00000288312.1	LINC02018
ENST00000671896.1	ENSG00000288312.1	LINC02018
ENST00000672562.1	ENSG00000288312.1	LINC02018
ENST00000672603.1	ENSG00000288312.1	LINC02018
ENST00000815717.1	ENSG00000272690.7	LINC02018
ENST00000815724.1	ENSG00000272690.7	LINC02018
ENST00000815725.1	ENSG00000272690.7	LINC02018
ENST00000815726.1	ENSG00000272690.7	LINC02018
ENST00000815727.1	ENSG00000272690.7	LINC02018
ENST00000815729.1	ENSG00000272690.7	LINC02018
ENST00000815761.1	ENSG00000272690.7	LINC02018
ENST00000815771.1	ENSG00000272690.7	LINC02018
ENST00000815772.1	ENSG00000272690.7	LINC02018
ENST00000815775.1	ENSG00000272690.7	LINC02018
ENST00000815776.1	ENSG00000272690.7	LINC02018
ENST00000815777.1	ENSG00000272690.7	LINC02018
ENST00000815778.1	ENSG00000272690.7	LINC02018
ENST00000815783.1	ENSG00000272690.7	LINC02018
ENST00000815786.1	ENSG00000272690.7	LINC02018
ENST00000815787.1	ENSG00000272690.7	LINC02018
ENST00000608605.1	ENSG00000273356.1	LINC02019
ENST00000609204.1	ENSG00000273356.1	LINC02019
ENST00000414102.6	ENSG00000234548.8	LINC02020
ENST00000421006.3	ENSG00000234548.8	LINC02020
ENST00000434896.1	ENSG00000234548.8	LINC02020
ENST00000651581.1	ENSG00000234548.8	LINC02020
ENST00000657246.1	ENSG00000234548.8	LINC02020
ENST00000657428.1	ENSG00000234548.8	LINC02020
ENST00000658003.1	ENSG00000234548.8	LINC02020
ENST00000658309.1	ENSG00000234548.8	LINC02020
ENST00000659303.1	ENSG00000234548.8	LINC02020
ENST00000659833.1	ENSG00000234548.8	LINC02020
ENST00000660881.1	ENSG00000234548.8	LINC02020
ENST00000661596.1	ENSG00000234548.8	LINC02020
ENST00000662106.1	ENSG00000234548.8	LINC02020
ENST00000662985.1	ENSG00000234548.8	LINC02020
ENST00000663132.1	ENSG00000234548.8	LINC02020
ENST00000663703.1	ENSG00000234548.8	LINC02020
ENST00000665288.1	ENSG00000234548.8	LINC02020
ENST00000665684.1	ENSG00000234548.8	LINC02020
ENST00000667882.1	ENSG00000234548.8	LINC02020
ENST00000670005.1	ENSG00000234548.8	LINC02020
ENST00000671153.1	ENSG00000234548.8	LINC02020
ENST00000799267.1	ENSG00000234548.8	LINC02020
ENST00000787226.1	ENSG00000249846.8	LINC02021
ENST00000787230.1	ENSG00000249846.8	LINC02021
ENST00000488348.1	ENSG00000242339.2	LINC02025
ENST00000647170.1	ENSG00000284804.2	LINC02025
ENST00000661831.1	ENSG00000242339.2	LINC02025
ENST00000663690.2	ENSG00000284804.2	LINC02025
ENST00000482617.4	ENSG00000243694.6	LINC02027
ENST00000653347.3	ENSG00000243694.6	LINC02027
ENST00000662919.2	ENSG00000243694.6	LINC02027
ENST00000666491.1	ENSG00000243694.6	LINC02027
ENST00000666975.2	ENSG00000243694.6	LINC02027
ENST00000687870.3	ENSG00000243694.6	LINC02027
ENST00000689551.2	ENSG00000243694.6	LINC02027
ENST00000690741.3	ENSG00000243694.6	LINC02027
ENST00000691568.2	ENSG00000243694.6	LINC02027
ENST00000693619.3	ENSG00000243694.6	LINC02027
ENST00000701405.2	ENSG00000243694.6	LINC02027
ENST00000846354.1	ENSG00000243694.6	LINC02027
ENST00000846355.1	ENSG00000243694.6	LINC02027
ENST00000846356.1	ENSG00000243694.6	LINC02027
ENST00000846357.1	ENSG00000243694.6	LINC02027
ENST00000846358.1	ENSG00000243694.6	LINC02027
ENST00000846359.1	ENSG00000243694.6	LINC02027
ENST00000846360.1	ENSG00000243694.6	LINC02027
ENST00000846361.1	ENSG00000243694.6	LINC02027
ENST00000846362.1	ENSG00000243694.6	LINC02027
ENST00000846363.1	ENSG00000243694.6	LINC02027
ENST00000846364.1	ENSG00000243694.6	LINC02027
ENST00000846365.1	ENSG00000243694.6	LINC02027
ENST00000846367.1	ENSG00000243694.6	LINC02027
ENST00000469196.2	ENSG00000241544.3	LINC02029
ENST00000653334.1	ENSG00000241544.3	LINC02029
ENST00000654643.1	ENSG00000241544.3	LINC02029
ENST00000657118.1	ENSG00000241544.3	LINC02029
ENST00000657628.1	ENSG00000241544.3	LINC02029
ENST00000658205.1	ENSG00000241544.3	LINC02029
ENST00000659992.1	ENSG00000241544.3	LINC02029
ENST00000660101.1	ENSG00000241544.3	LINC02029
ENST00000660509.1	ENSG00000241544.3	LINC02029
ENST00000661446.1	ENSG00000241544.3	LINC02029
ENST00000662247.1	ENSG00000241544.3	LINC02029
ENST00000662778.2	ENSG00000241544.3	LINC02029
ENST00000665035.1	ENSG00000241544.3	LINC02029
ENST00000668918.1	ENSG00000241544.3	LINC02029
ENST00000782347.1	ENSG00000241544.3	LINC02029
ENST00000782348.1	ENSG00000241544.3	LINC02029
ENST00000782349.1	ENSG00000241544.3	LINC02029
ENST00000782350.1	ENSG00000241544.3	LINC02029
ENST00000782351.1	ENSG00000241544.3	LINC02029
ENST00000782352.1	ENSG00000241544.3	LINC02029
ENST00000782353.1	ENSG00000241544.3	LINC02029
ENST00000782354.1	ENSG00000241544.3	LINC02029
ENST00000782355.1	ENSG00000241544.3	LINC02029
ENST00000782356.1	ENSG00000241544.3	LINC02029
ENST00000782357.1	ENSG00000241544.3	LINC02029
ENST00000782358.1	ENSG00000241544.3	LINC02029
ENST00000782359.1	ENSG00000241544.3	LINC02029
ENST00000782360.1	ENSG00000241544.3	LINC02029
ENST00000782361.1	ENSG00000241544.3	LINC02029
ENST00000492683.1	ENSG00000240708.3	LINC02030
ENST00000654581.1	ENSG00000240708.3	LINC02030
ENST00000662390.1	ENSG00000240708.3	LINC02030
ENST00000670191.1	ENSG00000240708.3	LINC02030
ENST00000809726.1	ENSG00000240708.3	LINC02030
ENST00000809727.1	ENSG00000240708.3	LINC02030
ENST00000809729.1	ENSG00000240708.3	LINC02030
ENST00000809730.1	ENSG00000240708.3	LINC02030
ENST00000809731.1	ENSG00000240708.3	LINC02030
ENST00000809732.1	ENSG00000240708.3	LINC02030
ENST00000809733.1	ENSG00000240708.3	LINC02030
ENST00000809734.1	ENSG00000240708.3	LINC02030
ENST00000809735.1	ENSG00000240708.3	LINC02030
ENST00000809736.1	ENSG00000240708.3	LINC02030
ENST00000799966.1	ENSG00000238837.4	LINC02031
ENST00000799968.1	ENSG00000238837.4	LINC02031
ENST00000799969.1	ENSG00000238837.4	LINC02031
ENST00000799971.1	ENSG00000238837.4	LINC02031
ENST00000799972.1	ENSG00000238837.4	LINC02031
ENST00000799973.1	ENSG00000238837.4	LINC02031
ENST00000470219.2	ENSG00000241131.3	LINC02032
ENST00000476987.1	ENSG00000241131.3	LINC02032
ENST00000477153.1	ENSG00000241131.3	LINC02032
ENST00000650594.1	ENSG00000241131.3	LINC02032
ENST00000655212.1	ENSG00000241131.3	LINC02032
ENST00000656355.1	ENSG00000241131.3	LINC02032
ENST00000660712.2	ENSG00000241131.3	LINC02032
ENST00000668651.1	ENSG00000241131.3	LINC02032
ENST00000733846.1	ENSG00000241131.3	LINC02032
ENST00000733847.1	ENSG00000241131.3	LINC02032
ENST00000610128.2	ENSG00000273033.3	LINC02035
ENST00000809469.1	ENSG00000273033.3	LINC02035
ENST00000688193.2	ENSG00000238097.4	LINC02037
ENST00000688994.2	ENSG00000238097.4	LINC02037
ENST00000794922.1	ENSG00000238097.4	LINC02037
ENST00000794923.1	ENSG00000238097.4	LINC02037
ENST00000794924.1	ENSG00000238097.4	LINC02037
ENST00000794925.1	ENSG00000238097.4	LINC02037
ENST00000794929.1	ENSG00000238097.4	LINC02037
ENST00000667847.1	ENSG00000243149.3	LINC02040
ENST00000440726.1	ENSG00000228952.1	LINC02041
ENST00000707988.1	ENSG00000291557.1	LINC02041
ENST00000469812.2	ENSG00000242440.3	LINC02046
ENST00000481334.1	ENSG00000242440.3	LINC02046
ENST00000654242.1	ENSG00000242440.3	LINC02046
ENST00000655240.2	ENSG00000242440.3	LINC02046
ENST00000655836.1	ENSG00000242440.3	LINC02046
ENST00000655891.1	ENSG00000242440.3	LINC02046
ENST00000658698.1	ENSG00000242440.3	LINC02046
ENST00000661886.1	ENSG00000242440.3	LINC02046
ENST00000663786.1	ENSG00000242440.3	LINC02046
ENST00000664156.2	ENSG00000242440.3	LINC02046
ENST00000668285.1	ENSG00000242440.3	LINC02046
ENST00000671193.1	ENSG00000242440.3	LINC02046
ENST00000752835.1	ENSG00000242440.3	LINC02046
ENST00000752836.1	ENSG00000242440.3	LINC02046
ENST00000494761.1	ENSG00000239454.1	LINC02047
ENST00000440556.1	ENSG00000228271.3	LINC02048
ENST00000653696.2	ENSG00000228271.3	LINC02048
ENST00000794836.1	ENSG00000228271.3	LINC02048
ENST00000794837.1	ENSG00000228271.3	LINC02048
ENST00000794838.1	ENSG00000228271.3	LINC02048
ENST00000655299.1	ENSG00000243593.2	LINC02049
ENST00000668252.1	ENSG00000243593.2	LINC02049
ENST00000654830.1	ENSG00000242781.3	LINC02050
ENST00000654848.2	ENSG00000242781.3	LINC02050
ENST00000658456.2	ENSG00000242781.3	LINC02050
ENST00000667434.1	ENSG00000242781.3	LINC02050
ENST00000811634.1	ENSG00000242781.3	LINC02050
ENST00000811635.1	ENSG00000242781.3	LINC02050
ENST00000456535.1	ENSG00000226859.1	LINC02051
ENST00000464537.2	ENSG00000241696.3	LINC02053
ENST00000488262.1	ENSG00000241696.3	LINC02053
ENST00000653805.2	ENSG00000241696.3	LINC02053
ENST00000654328.1	ENSG00000241696.3	LINC02053
ENST00000668671.2	ENSG00000241696.3	LINC02053
ENST00000670709.1	ENSG00000241696.3	LINC02053
ENST00000670884.2	ENSG00000241696.3	LINC02053
ENST00000831001.1	ENSG00000241696.3	LINC02053
ENST00000831002.1	ENSG00000241696.3	LINC02053
ENST00000831003.1	ENSG00000241696.3	LINC02053
ENST00000831004.1	ENSG00000241696.3	LINC02053
ENST00000831005.1	ENSG00000241696.3	LINC02053
ENST00000831006.1	ENSG00000241696.3	LINC02053
ENST00000831007.1	ENSG00000241696.3	LINC02053
ENST00000831008.1	ENSG00000241696.3	LINC02053
ENST00000831009.1	ENSG00000241696.3	LINC02053
ENST00000831010.1	ENSG00000241696.3	LINC02053
ENST00000478780.1	ENSG00000224153.4	LINC02054
ENST00000626552.1	ENSG00000281250.1	LINC02054
ENST00000643190.1	ENSG00000224153.4	LINC02054
ENST00000645656.1	ENSG00000224153.4	LINC02054
ENST00000787879.1	ENSG00000224153.4	LINC02054
ENST00000787880.1	ENSG00000224153.4	LINC02054
ENST00000787886.1	ENSG00000224153.4	LINC02054
ENST00000787887.1	ENSG00000224153.4	LINC02054
ENST00000787888.1	ENSG00000224153.4	LINC02054
ENST00000787889.1	ENSG00000224153.4	LINC02054
ENST00000507491.1	ENSG00000248528.2	LINC02058
ENST00000766746.1	ENSG00000248528.2	LINC02058
ENST00000514225.1	ENSG00000250885.1	LINC02061
ENST00000503415.2	ENSG00000250921.2	LINC02063
ENST00000666998.1	ENSG00000250921.2	LINC02063
ENST00000573278.1	ENSG00000262411.1	LINC02066
ENST00000754500.1	ENSG00000241151.2	LINC02066
ENST00000754501.1	ENSG00000241151.2	LINC02066
ENST00000754505.1	ENSG00000241151.2	LINC02066
ENST00000754506.1	ENSG00000241151.2	LINC02066
ENST00000473595.1	ENSG00000240567.1	LINC02067
ENST00000832793.1	ENSG00000242268.4	LINC02082
ENST00000606069.2	ENSG00000272282.2	LINC02084
ENST00000785157.1	ENSG00000272282.2	LINC02084
ENST00000785158.1	ENSG00000272282.2	LINC02084
ENST00000785159.1	ENSG00000272282.2	LINC02084
ENST00000785160.1	ENSG00000272282.2	LINC02084
ENST00000785161.1	ENSG00000272282.2	LINC02084
ENST00000785162.1	ENSG00000272282.2	LINC02084
ENST00000785163.1	ENSG00000272282.2	LINC02084
ENST00000785164.1	ENSG00000272282.2	LINC02084
ENST00000785165.1	ENSG00000272282.2	LINC02084
ENST00000785166.1	ENSG00000272282.2	LINC02084
ENST00000785167.1	ENSG00000272282.2	LINC02084
ENST00000785168.1	ENSG00000272282.2	LINC02084
ENST00000512849.1	ENSG00000249785.4	LINC02103
ENST00000747433.1	ENSG00000249785.4	LINC02103
ENST00000503757.2	ENSG00000249521.2	LINC02114
ENST00000848411.1	ENSG00000249521.2	LINC02114
ENST00000848412.1	ENSG00000249521.2	LINC02114
ENST00000511395.2	ENSG00000248474.2	LINC02122
ENST00000804120.1	ENSG00000248474.2	LINC02122
ENST00000804122.1	ENSG00000248474.2	LINC02122
ENST00000500616.3	ENSG00000223597.4	LINC02142
ENST00000655220.1	ENSG00000223597.4	LINC02142
ENST00000657298.1	ENSG00000223597.4	LINC02142
ENST00000715908.1	ENSG00000223597.4	LINC02142
ENST00000715909.1	ENSG00000223597.4	LINC02142
ENST00000773890.1	ENSG00000223597.4	LINC02142
ENST00000838839.1	ENSG00000223597.4	LINC02142
ENST00000838840.1	ENSG00000223597.4	LINC02142
ENST00000838842.1	ENSG00000223597.4	LINC02142
ENST00000838847.1	ENSG00000223597.4	LINC02142
ENST00000838848.1	ENSG00000223597.4	LINC02142
ENST00000838849.1	ENSG00000223597.4	LINC02142
ENST00000838854.1	ENSG00000223597.4	LINC02142
ENST00000511417.2	ENSG00000248708.3	LINC02144
ENST00000815573.1	ENSG00000248708.3	LINC02144
ENST00000815574.1	ENSG00000248708.3	LINC02144
ENST00000657947.1	ENSG00000249490.2	LINC02146
ENST00000659986.1	ENSG00000249490.2	LINC02146
ENST00000668626.1	ENSG00000249490.2	LINC02146
ENST00000768625.1	ENSG00000250632.2	LINC02171
ENST00000507365.2	ENSG00000251632.2	LINC02172
ENST00000504132.1	ENSG00000249613.2	LINC02173
ENST00000654498.1	ENSG00000249613.2	LINC02173
ENST00000667859.1	ENSG00000249613.2	LINC02173
ENST00000767806.1	ENSG00000260420.4	LINC02182
ENST00000767807.1	ENSG00000260420.4	LINC02182
ENST00000510622.2	ENSG00000250974.4	LINC02196
ENST00000648809.1	ENSG00000250974.4	LINC02196
ENST00000835051.1	ENSG00000250974.4	LINC02196
ENST00000835052.1	ENSG00000250974.4	LINC02196
ENST00000835053.1	ENSG00000250974.4	LINC02196
ENST00000835054.1	ENSG00000250974.4	LINC02196
ENST00000502659.2	ENSG00000250387.4	LINC02197
ENST00000517705.1	ENSG00000250387.4	LINC02197
ENST00000518473.1	ENSG00000250387.4	LINC02197
ENST00000613232.1	ENSG00000275192.1	LINC02197
ENST00000617034.1	ENSG00000275192.1	LINC02197
ENST00000626250.1	ENSG00000281321.1	LINC02197
ENST00000626397.1	ENSG00000281321.1	LINC02197
ENST00000671145.1	ENSG00000250387.4	LINC02197
ENST00000717720.1	ENSG00000250387.4	LINC02197
ENST00000717721.1	ENSG00000250387.4	LINC02197
ENST00000717722.1	ENSG00000250387.4	LINC02197
ENST00000717723.1	ENSG00000250387.4	LINC02197
ENST00000773708.1	ENSG00000250387.4	LINC02197
ENST00000773709.1	ENSG00000250387.4	LINC02197
ENST00000773710.1	ENSG00000250387.4	LINC02197
ENST00000773711.1	ENSG00000250387.4	LINC02197
ENST00000773712.1	ENSG00000250387.4	LINC02197
ENST00000773713.1	ENSG00000250387.4	LINC02197
ENST00000773714.1	ENSG00000250387.4	LINC02197
ENST00000773715.1	ENSG00000250387.4	LINC02197
ENST00000773716.1	ENSG00000250387.4	LINC02197
ENST00000773717.1	ENSG00000250387.4	LINC02197
ENST00000773718.1	ENSG00000250387.4	LINC02197
ENST00000773719.1	ENSG00000250387.4	LINC02197
ENST00000773720.1	ENSG00000250387.4	LINC02197
ENST00000773721.1	ENSG00000250387.4	LINC02197
ENST00000773723.1	ENSG00000250387.4	LINC02197
ENST00000773724.1	ENSG00000250387.4	LINC02197
ENST00000773725.1	ENSG00000250387.4	LINC02197
ENST00000773726.1	ENSG00000250387.4	LINC02197
ENST00000773727.1	ENSG00000250387.4	LINC02197
ENST00000773728.1	ENSG00000250387.4	LINC02197
ENST00000773729.1	ENSG00000250387.4	LINC02197
ENST00000773730.1	ENSG00000250387.4	LINC02197
ENST00000773731.1	ENSG00000250387.4	LINC02197
ENST00000773732.1	ENSG00000250387.4	LINC02197
ENST00000773733.1	ENSG00000250387.4	LINC02197
ENST00000773734.1	ENSG00000250387.4	LINC02197
ENST00000773735.1	ENSG00000250387.4	LINC02197
ENST00000773736.1	ENSG00000250387.4	LINC02197
ENST00000506655.2	ENSG00000250198.6	LINC02199
ENST00000510067.1	ENSG00000250198.6	LINC02199
ENST00000510229.2	ENSG00000250198.6	LINC02199
ENST00000651480.1	ENSG00000250198.6	LINC02199
ENST00000669656.1	ENSG00000250198.6	LINC02199
ENST00000692589.2	ENSG00000250198.6	LINC02199
ENST00000796093.1	ENSG00000250198.6	LINC02199
ENST00000796094.1	ENSG00000250198.6	LINC02199
ENST00000796095.1	ENSG00000250198.6	LINC02199
ENST00000796099.1	ENSG00000250198.6	LINC02199
ENST00000796100.1	ENSG00000250198.6	LINC02199
ENST00000505844.2	ENSG00000248455.9	LINC02217
ENST00000507730.6	ENSG00000248455.9	LINC02217
ENST00000508677.1	ENSG00000248455.9	LINC02217
ENST00000652939.2	ENSG00000248455.9	LINC02217
ENST00000653252.1	ENSG00000248455.9	LINC02217
ENST00000653381.2	ENSG00000248455.9	LINC02217
ENST00000658949.1	ENSG00000248455.9	LINC02217
ENST00000659183.2	ENSG00000248455.9	LINC02217
ENST00000659626.2	ENSG00000248455.9	LINC02217
ENST00000663179.1	ENSG00000248455.9	LINC02217
ENST00000663823.1	ENSG00000248455.9	LINC02217
ENST00000666256.1	ENSG00000248455.9	LINC02217
ENST00000668135.2	ENSG00000248455.9	LINC02217
ENST00000668161.2	ENSG00000248455.9	LINC02217
ENST00000669610.1	ENSG00000248455.9	LINC02217
ENST00000669953.2	ENSG00000248455.9	LINC02217
ENST00000671029.3	ENSG00000248455.9	LINC02217
ENST00000689234.2	ENSG00000248455.9	LINC02217
ENST00000690358.3	ENSG00000248455.9	LINC02217
ENST00000702313.2	ENSG00000248455.9	LINC02217
ENST00000817227.1	ENSG00000248455.9	LINC02217
ENST00000817228.1	ENSG00000248455.9	LINC02217
ENST00000817229.1	ENSG00000248455.9	LINC02217
ENST00000817230.1	ENSG00000248455.9	LINC02217
ENST00000817231.1	ENSG00000248455.9	LINC02217
ENST00000817232.1	ENSG00000248455.9	LINC02217
ENST00000817233.1	ENSG00000248455.9	LINC02217
ENST00000817234.1	ENSG00000248455.9	LINC02217
ENST00000817235.1	ENSG00000248455.9	LINC02217
ENST00000817236.1	ENSG00000248455.9	LINC02217
ENST00000510648.2	ENSG00000249937.10	LINC02223
ENST00000514771.7	ENSG00000249937.10	LINC02223
ENST00000650405.1	ENSG00000249937.10	LINC02223
ENST00000652301.1	ENSG00000249937.10	LINC02223
ENST00000652872.1	ENSG00000249937.10	LINC02223
ENST00000653777.1	ENSG00000249937.10	LINC02223
ENST00000658985.1	ENSG00000249937.10	LINC02223
ENST00000661046.2	ENSG00000249937.10	LINC02223
ENST00000662053.1	ENSG00000249937.10	LINC02223
ENST00000662878.1	ENSG00000249937.10	LINC02223
ENST00000665296.1	ENSG00000249937.10	LINC02223
ENST00000670782.1	ENSG00000249937.10	LINC02223
ENST00000687269.1	ENSG00000249937.10	LINC02223
ENST00000726159.1	ENSG00000249937.10	LINC02223
ENST00000726163.1	ENSG00000249937.10	LINC02223
ENST00000726165.1	ENSG00000249937.10	LINC02223
ENST00000726166.1	ENSG00000249937.10	LINC02223
ENST00000726170.1	ENSG00000249937.10	LINC02223
ENST00000726171.1	ENSG00000249937.10	LINC02223
ENST00000726174.1	ENSG00000249937.10	LINC02223
ENST00000726177.1	ENSG00000249937.10	LINC02223
ENST00000726179.1	ENSG00000249937.10	LINC02223
ENST00000726180.1	ENSG00000249937.10	LINC02223
ENST00000726181.1	ENSG00000249937.10	LINC02223
ENST00000726182.1	ENSG00000249937.10	LINC02223
ENST00000726183.1	ENSG00000249937.10	LINC02223
ENST00000726184.1	ENSG00000249937.10	LINC02223
ENST00000507600.3	ENSG00000251273.5	LINC02228
ENST00000641261.2	ENSG00000251273.5	LINC02228
ENST00000670589.2	ENSG00000251273.5	LINC02228
ENST00000726619.1	ENSG00000251273.5	LINC02228
ENST00000509932.2	ENSG00000250125.6	LINC02232
ENST00000659694.1	ENSG00000250125.6	LINC02232
ENST00000665528.1	ENSG00000250125.6	LINC02232
ENST00000701056.2	ENSG00000250125.6	LINC02232
ENST00000773861.1	ENSG00000250125.6	LINC02232
ENST00000773863.1	ENSG00000250125.6	LINC02232
ENST00000773874.1	ENSG00000250125.6	LINC02232
ENST00000773876.1	ENSG00000250125.6	LINC02232
ENST00000773882.1	ENSG00000250125.6	LINC02232
ENST00000773883.1	ENSG00000250125.6	LINC02232
ENST00000773885.1	ENSG00000250125.6	LINC02232
ENST00000508881.1	ENSG00000251365.7	LINC02236
ENST00000649262.1	ENSG00000251365.7	LINC02236
ENST00000652281.2	ENSG00000251365.7	LINC02236
ENST00000691419.2	ENSG00000251365.7	LINC02236
ENST00000725827.1	ENSG00000251365.7	LINC02236
ENST00000725828.1	ENSG00000251365.7	LINC02236
ENST00000725829.1	ENSG00000251365.7	LINC02236
ENST00000725830.1	ENSG00000251365.7	LINC02236
ENST00000725831.1	ENSG00000251365.7	LINC02236
ENST00000725835.1	ENSG00000251365.7	LINC02236
ENST00000725838.1	ENSG00000251365.7	LINC02236
ENST00000725840.1	ENSG00000251365.7	LINC02236
ENST00000725841.1	ENSG00000251365.7	LINC02236
ENST00000725844.1	ENSG00000251365.7	LINC02236
ENST00000725846.1	ENSG00000251365.7	LINC02236
ENST00000725847.1	ENSG00000251365.7	LINC02236
ENST00000424953.1	ENSG00000223479.4	LINC02238
ENST00000436262.2	ENSG00000223479.4	LINC02238
ENST00000504339.1	ENSG00000248908.2	LINC02239
ENST00000775159.1	ENSG00000248908.2	LINC02239
ENST00000508484.1	ENSG00000250456.1	LINC02260
ENST00000512873.1	ENSG00000249699.2	LINC02261
ENST00000829727.1	ENSG00000249699.2	LINC02261
ENST00000442020.1	ENSG00000229565.3	LINC02264
ENST00000655867.1	ENSG00000229565.3	LINC02264
ENST00000658473.2	ENSG00000229565.3	LINC02264
ENST00000663617.1	ENSG00000229565.3	LINC02264
ENST00000668180.1	ENSG00000229565.3	LINC02264
ENST00000669974.2	ENSG00000229565.3	LINC02264
ENST00000767895.1	ENSG00000229565.3	LINC02264
ENST00000767896.1	ENSG00000229565.3	LINC02264
ENST00000840928.1	ENSG00000249241.3	LINC02265
ENST00000840929.1	ENSG00000249241.3	LINC02265
ENST00000840932.1	ENSG00000249241.3	LINC02265
ENST00000840934.1	ENSG00000249241.3	LINC02265
ENST00000754347.1	ENSG00000248510.3	LINC02267
ENST00000754350.1	ENSG00000248510.3	LINC02267
ENST00000754351.1	ENSG00000248510.3	LINC02267
ENST00000760106.1	ENSG00000248510.3	LINC02267
ENST00000760107.1	ENSG00000248510.3	LINC02267
ENST00000654333.1	ENSG00000250708.4	LINC02269
ENST00000654653.1	ENSG00000250708.4	LINC02269
ENST00000654916.1	ENSG00000250708.4	LINC02269
ENST00000659294.1	ENSG00000250708.4	LINC02269
ENST00000659629.1	ENSG00000250708.4	LINC02269
ENST00000660497.1	ENSG00000250708.4	LINC02269
ENST00000665324.3	ENSG00000250708.4	LINC02269
ENST00000781415.1	ENSG00000250708.4	LINC02269
ENST00000781417.1	ENSG00000250708.4	LINC02269
ENST00000781421.1	ENSG00000250708.4	LINC02269
ENST00000515691.5	ENSG00000251210.6	LINC02270
ENST00000667495.1	ENSG00000251210.6	LINC02270
ENST00000504144.2	ENSG00000245954.11	LINC02273
ENST00000701232.2	ENSG00000245954.11	LINC02273
ENST00000738121.1	ENSG00000245954.11	LINC02273
ENST00000738122.1	ENSG00000245954.11	LINC02273
ENST00000738123.1	ENSG00000245954.11	LINC02273
ENST00000512170.2	ENSG00000251635.3	LINC02278
ENST00000653380.1	ENSG00000251635.3	LINC02278
ENST00000807567.1	ENSG00000251635.3	LINC02278
ENST00000807568.1	ENSG00000251635.3	LINC02278
ENST00000503100.1	ENSG00000248210.3	LINC02355
ENST00000656499.1	ENSG00000248210.3	LINC02355
ENST00000827371.1	ENSG00000248210.3	LINC02355
ENST00000637313.1	ENSG00000283314.2	LINC02357
ENST00000733074.1	ENSG00000283314.2	LINC02357
ENST00000733077.1	ENSG00000283314.2	LINC02357
ENST00000767299.1	ENSG00000250190.3	LINC02364
ENST00000503637.2	ENSG00000249747.2	LINC02374
ENST00000515222.1	ENSG00000249747.2	LINC02374
ENST00000500169.7	ENSG00000250102.7	LINC02377
ENST00000505436.1	ENSG00000250102.7	LINC02377
ENST00000652848.1	ENSG00000250102.7	LINC02377
ENST00000654488.1	ENSG00000250102.7	LINC02377
ENST00000654697.2	ENSG00000250102.7	LINC02377
ENST00000663566.2	ENSG00000250102.7	LINC02377
ENST00000749283.1	ENSG00000250102.7	LINC02377
ENST00000749284.1	ENSG00000250102.7	LINC02377
ENST00000749285.1	ENSG00000250102.7	LINC02377
ENST00000505741.2	ENSG00000251649.3	LINC02379
ENST00000655624.1	ENSG00000251649.3	LINC02379
ENST00000657991.2	ENSG00000251649.3	LINC02379
ENST00000658298.2	ENSG00000251649.3	LINC02379
ENST00000667815.1	ENSG00000251649.3	LINC02379
ENST00000670367.2	ENSG00000251649.3	LINC02379
ENST00000510200.4	ENSG00000248740.9	LINC02428
ENST00000513793.5	ENSG00000248740.9	LINC02428
ENST00000656104.2	ENSG00000248740.9	LINC02428
ENST00000656681.1	ENSG00000248740.9	LINC02428
ENST00000668077.1	ENSG00000248740.9	LINC02428
ENST00000687316.2	ENSG00000248740.9	LINC02428
ENST00000802495.1	ENSG00000248740.9	LINC02428
ENST00000802496.1	ENSG00000248740.9	LINC02428
ENST00000802497.1	ENSG00000248740.9	LINC02428
ENST00000802499.1	ENSG00000248740.9	LINC02428
ENST00000802500.1	ENSG00000248740.9	LINC02428
ENST00000802501.1	ENSG00000248740.9	LINC02428
ENST00000802502.1	ENSG00000248740.9	LINC02428
ENST00000802504.1	ENSG00000248740.9	LINC02428
ENST00000802505.1	ENSG00000248740.9	LINC02428
ENST00000802506.1	ENSG00000248740.9	LINC02428
ENST00000661044.1	ENSG00000248872.2	LINC02431
ENST00000455598.6	ENSG00000234111.7	LINC02433
ENST00000507108.6	ENSG00000234111.7	LINC02433
ENST00000509450.1	ENSG00000234111.7	LINC02433
ENST00000743291.1	ENSG00000234111.7	LINC02433
ENST00000743292.1	ENSG00000234111.7	LINC02433
ENST00000743293.1	ENSG00000234111.7	LINC02433
ENST00000502419.2	ENSG00000248370.3	LINC02434
ENST00000662356.1	ENSG00000248370.3	LINC02434
ENST00000663842.1	ENSG00000248370.3	LINC02434
ENST00000667086.1	ENSG00000248370.3	LINC02434
ENST00000759582.1	ENSG00000248370.3	LINC02434
ENST00000503950.2	ENSG00000251526.2	LINC02435
ENST00000508291.1	ENSG00000251526.2	LINC02435
ENST00000664210.1	ENSG00000251526.2	LINC02435
ENST00000667633.1	ENSG00000251526.2	LINC02435
ENST00000506338.7	ENSG00000250754.7	LINC02436
ENST00000509017.6	ENSG00000250754.7	LINC02436
ENST00000511746.1	ENSG00000250754.7	LINC02436
ENST00000653526.1	ENSG00000250754.7	LINC02436
ENST00000653945.1	ENSG00000250754.7	LINC02436
ENST00000654241.1	ENSG00000250754.7	LINC02436
ENST00000654591.1	ENSG00000250754.7	LINC02436
ENST00000654708.1	ENSG00000250754.7	LINC02436
ENST00000655243.1	ENSG00000250754.7	LINC02436
ENST00000655383.1	ENSG00000250754.7	LINC02436
ENST00000656006.1	ENSG00000250754.7	LINC02436
ENST00000656297.1	ENSG00000250754.7	LINC02436
ENST00000656493.1	ENSG00000250754.7	LINC02436
ENST00000656521.1	ENSG00000250754.7	LINC02436
ENST00000656669.1	ENSG00000250754.7	LINC02436
ENST00000656847.1	ENSG00000250754.7	LINC02436
ENST00000658229.2	ENSG00000250754.7	LINC02436
ENST00000658238.1	ENSG00000250754.7	LINC02436
ENST00000658467.1	ENSG00000250754.7	LINC02436
ENST00000658673.2	ENSG00000250754.7	LINC02436
ENST00000659379.1	ENSG00000250754.7	LINC02436
ENST00000659579.1	ENSG00000250754.7	LINC02436
ENST00000659637.1	ENSG00000250754.7	LINC02436
ENST00000659890.1	ENSG00000250754.7	LINC02436
ENST00000661043.1	ENSG00000250754.7	LINC02436
ENST00000661154.1	ENSG00000250754.7	LINC02436
ENST00000661234.1	ENSG00000250754.7	LINC02436
ENST00000661260.1	ENSG00000250754.7	LINC02436
ENST00000662812.1	ENSG00000250754.7	LINC02436
ENST00000663431.1	ENSG00000250754.7	LINC02436
ENST00000663811.2	ENSG00000250754.7	LINC02436
ENST00000664442.2	ENSG00000250754.7	LINC02436
ENST00000664605.1	ENSG00000250754.7	LINC02436
ENST00000665213.2	ENSG00000250754.7	LINC02436
ENST00000666450.2	ENSG00000250754.7	LINC02436
ENST00000667441.1	ENSG00000250754.7	LINC02436
ENST00000667481.2	ENSG00000250754.7	LINC02436
ENST00000668769.1	ENSG00000250754.7	LINC02436
ENST00000668855.1	ENSG00000250754.7	LINC02436
ENST00000669292.1	ENSG00000250754.7	LINC02436
ENST00000669852.2	ENSG00000250754.7	LINC02436
ENST00000670274.1	ENSG00000250754.7	LINC02436
ENST00000671007.1	ENSG00000250754.7	LINC02436
ENST00000671123.1	ENSG00000250754.7	LINC02436
ENST00000671285.2	ENSG00000250754.7	LINC02436
ENST00000826090.1	ENSG00000250754.7	LINC02436
ENST00000826091.1	ENSG00000250754.7	LINC02436
ENST00000826092.1	ENSG00000250754.7	LINC02436
ENST00000826093.1	ENSG00000250754.7	LINC02436
ENST00000826094.1	ENSG00000250754.7	LINC02436
ENST00000826095.1	ENSG00000250754.7	LINC02436
ENST00000826096.1	ENSG00000250754.7	LINC02436
ENST00000826097.1	ENSG00000250754.7	LINC02436
ENST00000826098.1	ENSG00000250754.7	LINC02436
ENST00000826099.1	ENSG00000250754.7	LINC02436
ENST00000826100.1	ENSG00000250754.7	LINC02436
ENST00000826101.1	ENSG00000250754.7	LINC02436
ENST00000826102.1	ENSG00000250754.7	LINC02436
ENST00000826104.1	ENSG00000250754.7	LINC02436
ENST00000826105.1	ENSG00000250754.7	LINC02436
ENST00000826106.1	ENSG00000250754.7	LINC02436
ENST00000826107.1	ENSG00000250754.7	LINC02436
ENST00000826108.1	ENSG00000250754.7	LINC02436
ENST00000826109.1	ENSG00000250754.7	LINC02436
ENST00000826110.1	ENSG00000250754.7	LINC02436
ENST00000826111.1	ENSG00000250754.7	LINC02436
ENST00000826112.1	ENSG00000250754.7	LINC02436
ENST00000826113.1	ENSG00000250754.7	LINC02436
ENST00000826114.1	ENSG00000250754.7	LINC02436
ENST00000826115.1	ENSG00000250754.7	LINC02436
ENST00000826116.1	ENSG00000250754.7	LINC02436
ENST00000826118.1	ENSG00000250754.7	LINC02436
ENST00000826119.1	ENSG00000250754.7	LINC02436
ENST00000826122.1	ENSG00000250754.7	LINC02436
ENST00000826123.1	ENSG00000250754.7	LINC02436
ENST00000826124.1	ENSG00000250754.7	LINC02436
ENST00000670860.1	ENSG00000251291.3	LINC02462
ENST00000815700.1	ENSG00000251291.3	LINC02462
ENST00000654449.2	ENSG00000249618.7	LINC02465
ENST00000760982.1	ENSG00000249618.7	LINC02465
ENST00000512268.2	ENSG00000248338.3	LINC02472
ENST00000658572.1	ENSG00000248338.3	LINC02472
ENST00000834157.1	ENSG00000248338.3	LINC02472
ENST00000569621.1	ENSG00000261121.3	LINC02473
ENST00000653514.1	ENSG00000261121.3	LINC02473
ENST00000778039.1	ENSG00000261121.3	LINC02473
ENST00000778040.1	ENSG00000261121.3	LINC02473
ENST00000441160.1	ENSG00000228437.5	LINC02474
ENST00000507639.1	ENSG00000251350.3	LINC02475
ENST00000512678.1	ENSG00000251350.3	LINC02475
ENST00000655776.1	ENSG00000251350.3	LINC02475
ENST00000668491.1	ENSG00000251350.3	LINC02475
ENST00000508942.1	ENSG00000251326.2	LINC02479
ENST00000655259.1	ENSG00000251326.2	LINC02479
ENST00000815393.1	ENSG00000249362.4	LINC02488
ENST00000509824.1	ENSG00000250340.2	LINC02494
ENST00000805038.1	ENSG00000250340.2	LINC02494
ENST00000805039.1	ENSG00000250340.2	LINC02494
ENST00000515292.2	ENSG00000251182.3	LINC02497
ENST00000660077.1	ENSG00000251182.3	LINC02497
ENST00000818235.1	ENSG00000251182.3	LINC02497
ENST00000635390.3	ENSG00000283083.3	LINC02498
ENST00000720786.1	ENSG00000283083.3	LINC02498
ENST00000720787.1	ENSG00000283083.3	LINC02498
ENST00000720788.1	ENSG00000283083.3	LINC02498
ENST00000720792.1	ENSG00000283083.3	LINC02498
ENST00000720793.1	ENSG00000283083.3	LINC02498
ENST00000720794.1	ENSG00000283083.3	LINC02498
ENST00000658339.1	ENSG00000249882.3	LINC02501
ENST00000758468.1	ENSG00000249882.3	LINC02501
ENST00000505122.3	ENSG00000250392.3	LINC02502
ENST00000773000.1	ENSG00000250392.3	LINC02502
ENST00000773001.1	ENSG00000250392.3	LINC02502
ENST00000773002.1	ENSG00000250392.3	LINC02502
ENST00000773003.1	ENSG00000250392.3	LINC02502
ENST00000773004.1	ENSG00000250392.3	LINC02502
ENST00000773005.1	ENSG00000250392.3	LINC02502
ENST00000773006.1	ENSG00000250392.3	LINC02502
ENST00000510505.2	ENSG00000249614.2	LINC02503
ENST00000513211.3	ENSG00000251129.4	LINC02506
ENST00000655951.2	ENSG00000251129.4	LINC02506
ENST00000657576.1	ENSG00000251129.4	LINC02506
ENST00000659613.1	ENSG00000251129.4	LINC02506
ENST00000662669.2	ENSG00000251129.4	LINC02506
ENST00000665582.3	ENSG00000251129.4	LINC02506
ENST00000685407.3	ENSG00000251129.4	LINC02506
ENST00000686730.2	ENSG00000251129.4	LINC02506
ENST00000792196.1	ENSG00000251129.4	LINC02506
ENST00000792197.1	ENSG00000251129.4	LINC02506
ENST00000792198.1	ENSG00000251129.4	LINC02506
ENST00000792199.1	ENSG00000251129.4	LINC02506
ENST00000792200.1	ENSG00000251129.4	LINC02506
ENST00000792201.1	ENSG00000251129.4	LINC02506
ENST00000792202.1	ENSG00000251129.4	LINC02506
ENST00000792203.1	ENSG00000251129.4	LINC02506
ENST00000792204.1	ENSG00000251129.4	LINC02506
ENST00000792205.1	ENSG00000251129.4	LINC02506
ENST00000792206.1	ENSG00000251129.4	LINC02506
ENST00000792207.1	ENSG00000251129.4	LINC02506
ENST00000792208.1	ENSG00000251129.4	LINC02506
ENST00000792209.1	ENSG00000251129.4	LINC02506
ENST00000792210.1	ENSG00000251129.4	LINC02506
ENST00000792211.1	ENSG00000251129.4	LINC02506
ENST00000792212.1	ENSG00000251129.4	LINC02506
ENST00000792213.1	ENSG00000251129.4	LINC02506
ENST00000792214.1	ENSG00000251129.4	LINC02506
ENST00000792216.1	ENSG00000251129.4	LINC02506
ENST00000792217.1	ENSG00000251129.4	LINC02506
ENST00000792218.1	ENSG00000251129.4	LINC02506
ENST00000792219.1	ENSG00000251129.4	LINC02506
ENST00000792220.1	ENSG00000251129.4	LINC02506
ENST00000792222.1	ENSG00000251129.4	LINC02506
ENST00000792223.1	ENSG00000251129.4	LINC02506
ENST00000652998.1	ENSG00000251688.3	LINC02507
ENST00000729013.1	ENSG00000251688.3	LINC02507
ENST00000504165.2	ENSG00000251619.2	LINC02508
ENST00000505178.2	ENSG00000251619.2	LINC02508
ENST00000717495.1	ENSG00000251619.2	LINC02508
ENST00000717496.1	ENSG00000251619.2	LINC02508
ENST00000717497.1	ENSG00000251619.2	LINC02508
ENST00000717498.1	ENSG00000251619.2	LINC02508
ENST00000745304.1	ENSG00000251619.2	LINC02508
ENST00000745307.1	ENSG00000251619.2	LINC02508
ENST00000745308.1	ENSG00000251619.2	LINC02508
ENST00000745309.1	ENSG00000251619.2	LINC02508
ENST00000745310.1	ENSG00000251619.2	LINC02508
ENST00000745311.1	ENSG00000251619.2	LINC02508
ENST00000850664.1	ENSG00000251619.2	LINC02508
ENST00000508790.1	ENSG00000250263.3	LINC02509
ENST00000661162.1	ENSG00000250263.3	LINC02509
ENST00000667277.1	ENSG00000250263.3	LINC02509
ENST00000769125.1	ENSG00000250263.3	LINC02509
ENST00000769126.1	ENSG00000250263.3	LINC02509
ENST00000509798.1	ENSG00000250341.2	LINC02510
ENST00000828076.1	ENSG00000250341.2	LINC02510
ENST00000509548.2	ENSG00000251061.2	LINC02512
ENST00000503465.2	ENSG00000248227.2	LINC02513
ENST00000757609.1	ENSG00000248227.2	LINC02513
ENST00000757610.1	ENSG00000248227.2	LINC02513
ENST00000757611.1	ENSG00000248227.2	LINC02513
ENST00000757612.1	ENSG00000248227.2	LINC02513
ENST00000757613.1	ENSG00000248227.2	LINC02513
ENST00000757615.1	ENSG00000248227.2	LINC02513
ENST00000757616.1	ENSG00000248227.2	LINC02513
ENST00000509058.1	ENSG00000250042.1	LINC02514
ENST00000503677.3	ENSG00000250620.3	LINC02515
ENST00000796049.1	ENSG00000250620.3	LINC02515
ENST00000796050.1	ENSG00000250620.3	LINC02515
ENST00000503186.4	ENSG00000249145.6	LINC02517
ENST00000509453.3	ENSG00000249145.6	LINC02517
ENST00000653648.4	ENSG00000249145.6	LINC02517
ENST00000657733.2	ENSG00000249145.6	LINC02517
ENST00000657851.2	ENSG00000249145.6	LINC02517
ENST00000660291.1	ENSG00000249145.6	LINC02517
ENST00000661538.1	ENSG00000249145.6	LINC02517
ENST00000661956.1	ENSG00000249145.6	LINC02517
ENST00000671202.2	ENSG00000249145.6	LINC02517
ENST00000692221.1	ENSG00000249145.6	LINC02517
ENST00000700929.1	ENSG00000249145.6	LINC02517
ENST00000829911.1	ENSG00000249145.6	LINC02517
ENST00000829912.1	ENSG00000249145.6	LINC02517
ENST00000829921.1	ENSG00000249145.6	LINC02517
ENST00000829922.1	ENSG00000249145.6	LINC02517
ENST00000829923.1	ENSG00000249145.6	LINC02517
ENST00000567197.1	ENSG00000260265.2	LINC02562
ENST00000415327.6	ENSG00000232613.8	LINC02576
ENST00000622718.1	ENSG00000232613.8	LINC02576
ENST00000692834.2	ENSG00000232613.8	LINC02576
ENST00000772533.1	ENSG00000232613.8	LINC02576
ENST00000772534.1	ENSG00000232613.8	LINC02576
ENST00000772535.1	ENSG00000232613.8	LINC02576
ENST00000772536.1	ENSG00000232613.8	LINC02576
ENST00000772537.1	ENSG00000232613.8	LINC02576
ENST00000772538.1	ENSG00000232613.8	LINC02576
ENST00000772539.1	ENSG00000232613.8	LINC02576
ENST00000772540.1	ENSG00000232613.8	LINC02576
ENST00000772541.1	ENSG00000232613.8	LINC02576
ENST00000772542.1	ENSG00000232613.8	LINC02576
ENST00000417695.3	ENSG00000233694.7	LINC02579
ENST00000445738.5	ENSG00000233694.7	LINC02579
ENST00000789265.1	ENSG00000233694.7	LINC02579
ENST00000789266.1	ENSG00000233694.7	LINC02579
ENST00000642724.2	ENSG00000187600.15	LINC02583
ENST00000843637.1	ENSG00000187600.15	LINC02583
ENST00000843638.1	ENSG00000187600.15	LINC02583
ENST00000843639.1	ENSG00000187600.15	LINC02583
ENST00000843648.1	ENSG00000187600.15	LINC02583
ENST00000843657.1	ENSG00000187600.15	LINC02583
ENST00000843658.1	ENSG00000187600.15	LINC02583
ENST00000843672.1	ENSG00000187600.15	LINC02583
ENST00000843673.1	ENSG00000187600.15	LINC02583
ENST00000843674.1	ENSG00000187600.15	LINC02583
ENST00000826828.1	ENSG00000228350.2	LINC02585
ENST00000826829.1	ENSG00000228350.2	LINC02585
ENST00000826831.1	ENSG00000228350.2	LINC02585
ENST00000826835.1	ENSG00000228350.2	LINC02585
ENST00000826837.1	ENSG00000228350.2	LINC02585
ENST00000826838.1	ENSG00000228350.2	LINC02585
ENST00000826839.1	ENSG00000228350.2	LINC02585
ENST00000826840.1	ENSG00000228350.2	LINC02585
ENST00000826842.1	ENSG00000228350.2	LINC02585
ENST00000826843.1	ENSG00000228350.2	LINC02585
ENST00000826844.1	ENSG00000228350.2	LINC02585
ENST00000826845.1	ENSG00000228350.2	LINC02585
ENST00000826846.1	ENSG00000228350.2	LINC02585
ENST00000826847.1	ENSG00000228350.2	LINC02585
ENST00000826848.1	ENSG00000228350.2	LINC02585
ENST00000826851.1	ENSG00000228350.2	LINC02585
ENST00000826853.1	ENSG00000228350.2	LINC02585
ENST00000826854.1	ENSG00000228350.2	LINC02585
ENST00000424684.2	ENSG00000263590.3	LINC02591
ENST00000824696.1	ENSG00000263590.3	LINC02591
ENST00000432961.1	ENSG00000223764.3	LINC02593
ENST00000457706.2	ENSG00000233431.2	LINC02596
ENST00000844409.1	ENSG00000233431.2	LINC02596
ENST00000511928.1	ENSG00000250986.1	LINC02600
ENST00000411798.2	ENSG00000228971.5	LINC02607
ENST00000440116.2	ENSG00000228971.5	LINC02607
ENST00000653589.1	ENSG00000228971.5	LINC02607
ENST00000654040.1	ENSG00000228971.5	LINC02607
ENST00000655217.1	ENSG00000228971.5	LINC02607
ENST00000656764.1	ENSG00000228971.5	LINC02607
ENST00000664663.1	ENSG00000228971.5	LINC02607
ENST00000665349.1	ENSG00000228971.5	LINC02607
ENST00000667517.1	ENSG00000228971.5	LINC02607
ENST00000669804.1	ENSG00000228971.5	LINC02607
ENST00000702850.1	ENSG00000228971.5	LINC02607
ENST00000823817.1	ENSG00000228971.5	LINC02607
ENST00000823818.1	ENSG00000228971.5	LINC02607
ENST00000823819.1	ENSG00000228971.5	LINC02607
ENST00000823820.1	ENSG00000228971.5	LINC02607
ENST00000413247.5	ENSG00000224048.7	LINC02612
ENST00000423428.2	ENSG00000224048.7	LINC02612
ENST00000427615.5	ENSG00000224048.7	LINC02612
ENST00000440668.5	ENSG00000224048.7	LINC02612
ENST00000443811.3	ENSG00000224048.7	LINC02612
ENST00000652947.1	ENSG00000224048.7	LINC02612
ENST00000653799.1	ENSG00000224048.7	LINC02612
ENST00000655103.1	ENSG00000224048.7	LINC02612
ENST00000655327.1	ENSG00000224048.7	LINC02612
ENST00000657466.1	ENSG00000224048.7	LINC02612
ENST00000660328.1	ENSG00000224048.7	LINC02612
ENST00000661012.1	ENSG00000224048.7	LINC02612
ENST00000665320.1	ENSG00000224048.7	LINC02612
ENST00000665399.1	ENSG00000224048.7	LINC02612
ENST00000665656.1	ENSG00000224048.7	LINC02612
ENST00000666939.1	ENSG00000224048.7	LINC02612
ENST00000667037.1	ENSG00000224048.7	LINC02612
ENST00000667235.1	ENSG00000224048.7	LINC02612
ENST00000667502.1	ENSG00000224048.7	LINC02612
ENST00000670597.1	ENSG00000224048.7	LINC02612
ENST00000797903.1	ENSG00000224048.7	LINC02612
ENST00000797904.1	ENSG00000224048.7	LINC02612
ENST00000594843.1	ENSG00000241288.9	LINC02614
ENST00000504984.2	ENSG00000251432.9	LINC02615
ENST00000505133.5	ENSG00000251432.9	LINC02615
ENST00000509834.6	ENSG00000251432.9	LINC02615
ENST00000511497.5	ENSG00000251432.9	LINC02615
ENST00000513851.2	ENSG00000251432.9	LINC02615
ENST00000662621.1	ENSG00000251432.9	LINC02615
ENST00000663973.1	ENSG00000251432.9	LINC02615
ENST00000667326.1	ENSG00000251432.9	LINC02615
ENST00000693730.2	ENSG00000251432.9	LINC02615
ENST00000816105.1	ENSG00000251432.9	LINC02615
ENST00000816106.1	ENSG00000251432.9	LINC02615
ENST00000816107.1	ENSG00000251432.9	LINC02615
ENST00000816108.1	ENSG00000251432.9	LINC02615
ENST00000816109.1	ENSG00000251432.9	LINC02615
ENST00000816110.1	ENSG00000251432.9	LINC02615
ENST00000816111.1	ENSG00000251432.9	LINC02615
ENST00000816112.1	ENSG00000251432.9	LINC02615
ENST00000816113.1	ENSG00000251432.9	LINC02615
ENST00000816115.1	ENSG00000251432.9	LINC02615
ENST00000816116.1	ENSG00000251432.9	LINC02615
ENST00000816117.1	ENSG00000251432.9	LINC02615
ENST00000816118.1	ENSG00000251432.9	LINC02615
ENST00000816120.1	ENSG00000251432.9	LINC02615
ENST00000816121.1	ENSG00000251432.9	LINC02615
ENST00000816122.1	ENSG00000251432.9	LINC02615
ENST00000816123.1	ENSG00000251432.9	LINC02615
ENST00000816124.1	ENSG00000251432.9	LINC02615
ENST00000816125.1	ENSG00000251432.9	LINC02615
ENST00000816126.1	ENSG00000251432.9	LINC02615
ENST00000816127.1	ENSG00000251432.9	LINC02615
ENST00000816128.1	ENSG00000251432.9	LINC02615
ENST00000816129.1	ENSG00000251432.9	LINC02615
ENST00000816130.1	ENSG00000251432.9	LINC02615
ENST00000816131.1	ENSG00000251432.9	LINC02615
ENST00000816132.1	ENSG00000251432.9	LINC02615
ENST00000816133.1	ENSG00000251432.9	LINC02615
ENST00000816134.1	ENSG00000251432.9	LINC02615
ENST00000816135.1	ENSG00000251432.9	LINC02615
ENST00000816136.1	ENSG00000251432.9	LINC02615
ENST00000816137.1	ENSG00000251432.9	LINC02615
ENST00000816138.1	ENSG00000251432.9	LINC02615
ENST00000816139.1	ENSG00000251432.9	LINC02615
ENST00000501725.4	ENSG00000261761.6	LINC02616
ENST00000562049.2	ENSG00000261761.6	LINC02616
ENST00000624352.1	ENSG00000261761.6	LINC02616
ENST00000650887.2	ENSG00000261761.6	LINC02616
ENST00000652451.1	ENSG00000261761.6	LINC02616
ENST00000653492.2	ENSG00000261761.6	LINC02616
ENST00000654824.1	ENSG00000261761.6	LINC02616
ENST00000655789.1	ENSG00000261761.6	LINC02616
ENST00000660466.1	ENSG00000261761.6	LINC02616
ENST00000661239.1	ENSG00000261761.6	LINC02616
ENST00000662283.2	ENSG00000261761.6	LINC02616
ENST00000662885.1	ENSG00000261761.6	LINC02616
ENST00000665248.1	ENSG00000261761.6	LINC02616
ENST00000665773.2	ENSG00000261761.6	LINC02616
ENST00000667203.2	ENSG00000261761.6	LINC02616
ENST00000671043.1	ENSG00000261761.6	LINC02616
ENST00000720070.1	ENSG00000261761.6	LINC02616
ENST00000720071.1	ENSG00000261761.6	LINC02616
ENST00000720072.1	ENSG00000261761.6	LINC02616
ENST00000720073.1	ENSG00000261761.6	LINC02616
ENST00000720074.1	ENSG00000261761.6	LINC02616
ENST00000720075.1	ENSG00000261761.6	LINC02616
ENST00000720076.1	ENSG00000261761.6	LINC02616
ENST00000720077.1	ENSG00000261761.6	LINC02616
ENST00000720079.1	ENSG00000261761.6	LINC02616
ENST00000720080.1	ENSG00000261761.6	LINC02616
ENST00000720081.1	ENSG00000261761.6	LINC02616
ENST00000720082.1	ENSG00000261761.6	LINC02616
ENST00000720306.1	ENSG00000261761.6	LINC02616
ENST00000720308.1	ENSG00000261761.6	LINC02616
ENST00000720309.1	ENSG00000261761.6	LINC02616
ENST00000720310.1	ENSG00000261761.6	LINC02616
ENST00000539009.2	ENSG00000256288.2	LINC02617
ENST00000507912.1	ENSG00000249382.3	LINC02619
ENST00000655838.1	ENSG00000249382.3	LINC02619
ENST00000660037.1	ENSG00000249382.3	LINC02619
ENST00000664747.1	ENSG00000249382.3	LINC02619
ENST00000665406.1	ENSG00000249382.3	LINC02619
ENST00000669647.1	ENSG00000249382.3	LINC02619
ENST00000669862.1	ENSG00000249382.3	LINC02619
ENST00000670153.1	ENSG00000249382.3	LINC02619
ENST00000453636.2	ENSG00000237772.3	LINC02631
ENST00000661346.2	ENSG00000237772.3	LINC02631
ENST00000663013.1	ENSG00000237772.3	LINC02631
ENST00000664633.2	ENSG00000237772.3	LINC02631
ENST00000665886.1	ENSG00000237772.3	LINC02631
ENST00000669466.1	ENSG00000237772.3	LINC02631
ENST00000717307.1	ENSG00000237772.3	LINC02631
ENST00000717308.1	ENSG00000237772.3	LINC02631
ENST00000717309.1	ENSG00000237772.3	LINC02631
ENST00000717310.1	ENSG00000237772.3	LINC02631
ENST00000688646.3	ENSG00000229484.4	LINC02766
ENST00000689998.2	ENSG00000229484.4	LINC02766
ENST00000810572.1	ENSG00000229484.4	LINC02766
ENST00000810576.1	ENSG00000229484.4	LINC02766
ENST00000810578.1	ENSG00000229484.4	LINC02766
ENST00000638446.1	ENSG00000284237.2	LINC02767
ENST00000648286.1	ENSG00000284237.2	LINC02767
ENST00000661734.1	ENSG00000284237.2	LINC02767
ENST00000742948.1	ENSG00000284237.2	LINC02767
ENST00000742949.1	ENSG00000284237.2	LINC02767
ENST00000742950.1	ENSG00000284237.2	LINC02767
ENST00000742951.1	ENSG00000284237.2	LINC02767
ENST00000742952.1	ENSG00000284237.2	LINC02767
ENST00000742955.1	ENSG00000284237.2	LINC02767
ENST00000742956.1	ENSG00000284237.2	LINC02767
ENST00000742957.1	ENSG00000284237.2	LINC02767
ENST00000742958.1	ENSG00000284237.2	LINC02767
ENST00000742959.1	ENSG00000284237.2	LINC02767
ENST00000742961.1	ENSG00000284237.2	LINC02767
ENST00000742962.1	ENSG00000284237.2	LINC02767
ENST00000742963.1	ENSG00000284237.2	LINC02767
ENST00000742964.1	ENSG00000284237.2	LINC02767
ENST00000742965.1	ENSG00000284237.2	LINC02767
ENST00000743074.1	ENSG00000284237.2	LINC02767
ENST00000743075.1	ENSG00000284237.2	LINC02767
ENST00000743076.1	ENSG00000284237.2	LINC02767
ENST00000743077.1	ENSG00000284237.2	LINC02767
ENST00000743078.1	ENSG00000284237.2	LINC02767
ENST00000743079.1	ENSG00000284237.2	LINC02767
ENST00000743081.1	ENSG00000284237.2	LINC02767
ENST00000743083.1	ENSG00000284237.2	LINC02767
ENST00000743084.1	ENSG00000284237.2	LINC02767
ENST00000743088.1	ENSG00000284237.2	LINC02767
ENST00000743089.1	ENSG00000284237.2	LINC02767
ENST00000430776.2	ENSG00000228215.4	LINC02770
ENST00000775265.1	ENSG00000228215.4	LINC02770
ENST00000775266.1	ENSG00000228215.4	LINC02770
ENST00000775267.1	ENSG00000228215.4	LINC02770
ENST00000607010.1	ENSG00000271736.3	LINC02772
ENST00000662441.2	ENSG00000271736.3	LINC02772
ENST00000662968.1	ENSG00000271736.3	LINC02772
ENST00000670336.1	ENSG00000271736.3	LINC02772
ENST00000727528.1	ENSG00000271736.3	LINC02772
ENST00000727529.1	ENSG00000271736.3	LINC02772
ENST00000727530.1	ENSG00000271736.3	LINC02772
ENST00000440494.1	ENSG00000226828.3	LINC02774
ENST00000652928.1	ENSG00000226828.3	LINC02774
ENST00000806721.1	ENSG00000226828.3	LINC02774
ENST00000806722.1	ENSG00000226828.3	LINC02774
ENST00000806723.1	ENSG00000226828.3	LINC02774
ENST00000806724.1	ENSG00000226828.3	LINC02774
ENST00000806725.1	ENSG00000226828.3	LINC02774
ENST00000806726.1	ENSG00000226828.3	LINC02774
ENST00000806727.1	ENSG00000226828.3	LINC02774
ENST00000806728.1	ENSG00000226828.3	LINC02774
ENST00000806729.1	ENSG00000226828.3	LINC02774
ENST00000806730.1	ENSG00000226828.3	LINC02774
ENST00000806731.1	ENSG00000226828.3	LINC02774
ENST00000806732.1	ENSG00000226828.3	LINC02774
ENST00000806733.1	ENSG00000226828.3	LINC02774
ENST00000806735.1	ENSG00000226828.3	LINC02774
ENST00000806738.1	ENSG00000226828.3	LINC02774
ENST00000806739.1	ENSG00000226828.3	LINC02774
ENST00000806740.1	ENSG00000226828.3	LINC02774
ENST00000806745.1	ENSG00000226828.3	LINC02774
ENST00000806746.1	ENSG00000226828.3	LINC02774
ENST00000806747.1	ENSG00000226828.3	LINC02774
ENST00000806749.1	ENSG00000226828.3	LINC02774
ENST00000806750.1	ENSG00000226828.3	LINC02774
ENST00000806751.1	ENSG00000226828.3	LINC02774
ENST00000806752.1	ENSG00000226828.3	LINC02774
ENST00000806753.1	ENSG00000226828.3	LINC02774
ENST00000456878.1	ENSG00000238242.3	LINC02778
ENST00000659925.1	ENSG00000238242.3	LINC02778
ENST00000793418.1	ENSG00000238242.3	LINC02778
ENST00000642026.2	ENSG00000284668.3	LINC02780
ENST00000742912.1	ENSG00000284668.3	LINC02780
ENST00000742917.1	ENSG00000284668.3	LINC02780
ENST00000742918.1	ENSG00000284668.3	LINC02780
ENST00000742920.1	ENSG00000284668.3	LINC02780
ENST00000412427.1	ENSG00000204362.7	LINC02783
ENST00000625660.1	ENSG00000281226.2	LINC02783
ENST00000755427.1	ENSG00000204362.7	LINC02783
ENST00000755428.1	ENSG00000204362.7	LINC02783
ENST00000650406.1	ENSG00000285532.2	LINC02788
ENST00000662449.1	ENSG00000285532.2	LINC02788
ENST00000834620.1	ENSG00000231718.2	LINC02789
ENST00000413825.7	ENSG00000237435.11	LINC02790
ENST00000593954.7	ENSG00000237435.11	LINC02790
ENST00000595188.5	ENSG00000237435.11	LINC02790
ENST00000609411.6	ENSG00000237435.11	LINC02790
ENST00000623085.3	ENSG00000237435.11	LINC02790
ENST00000624750.3	ENSG00000237435.11	LINC02790
ENST00000625774.2	ENSG00000237435.11	LINC02790
ENST00000627733.3	ENSG00000237435.11	LINC02790
ENST00000634962.1	ENSG00000237435.11	LINC02790
ENST00000654486.1	ENSG00000237435.11	LINC02790
ENST00000655418.1	ENSG00000237435.11	LINC02790
ENST00000659691.2	ENSG00000237435.11	LINC02790
ENST00000660327.1	ENSG00000237435.11	LINC02790
ENST00000662075.1	ENSG00000237435.11	LINC02790
ENST00000667522.1	ENSG00000237435.11	LINC02790
ENST00000671269.1	ENSG00000237435.11	LINC02790
ENST00000766256.1	ENSG00000237435.11	LINC02790
ENST00000645557.1	ENSG00000285462.2	LINC02792
ENST00000796356.1	ENSG00000285462.2	LINC02792
ENST00000796357.1	ENSG00000285462.2	LINC02792
ENST00000796358.1	ENSG00000285462.2	LINC02792
ENST00000796359.1	ENSG00000285462.2	LINC02792
ENST00000796360.1	ENSG00000285462.2	LINC02792
ENST00000796361.1	ENSG00000285462.2	LINC02792
ENST00000796362.1	ENSG00000285462.2	LINC02792
ENST00000796364.1	ENSG00000285462.2	LINC02792
ENST00000796365.1	ENSG00000285462.2	LINC02792
ENST00000648660.1	ENSG00000285823.1	LINC02793
ENST00000439795.1	ENSG00000226133.6	LINC02794
ENST00000418078.3	ENSG00000227016.5	LINC02796
ENST00000715640.2	ENSG00000227016.5	LINC02796
ENST00000715641.1	ENSG00000227016.5	LINC02796
ENST00000715642.1	ENSG00000227016.5	LINC02796
ENST00000715643.1	ENSG00000227016.5	LINC02796
ENST00000715644.2	ENSG00000227016.5	LINC02796
ENST00000715645.1	ENSG00000227016.5	LINC02796
ENST00000715646.1	ENSG00000227016.5	LINC02796
ENST00000715648.1	ENSG00000227016.5	LINC02796
ENST00000715649.1	ENSG00000227016.5	LINC02796
ENST00000758133.1	ENSG00000227016.5	LINC02796
ENST00000758134.1	ENSG00000227016.5	LINC02796
ENST00000758135.1	ENSG00000227016.5	LINC02796
ENST00000758136.1	ENSG00000227016.5	LINC02796
ENST00000758137.1	ENSG00000227016.5	LINC02796
ENST00000758138.1	ENSG00000227016.5	LINC02796
ENST00000758139.1	ENSG00000227016.5	LINC02796
ENST00000758140.1	ENSG00000227016.5	LINC02796
ENST00000758141.1	ENSG00000227016.5	LINC02796
ENST00000758142.1	ENSG00000227016.5	LINC02796
ENST00000758143.1	ENSG00000227016.5	LINC02796
ENST00000758144.1	ENSG00000227016.5	LINC02796
ENST00000758145.1	ENSG00000227016.5	LINC02796
ENST00000758146.1	ENSG00000227016.5	LINC02796
ENST00000758147.1	ENSG00000227016.5	LINC02796
ENST00000758148.1	ENSG00000227016.5	LINC02796
ENST00000758149.1	ENSG00000227016.5	LINC02796
ENST00000758150.1	ENSG00000227016.5	LINC02796
ENST00000758151.1	ENSG00000227016.5	LINC02796
ENST00000758152.1	ENSG00000227016.5	LINC02796
ENST00000758153.1	ENSG00000227016.5	LINC02796
ENST00000758154.1	ENSG00000227016.5	LINC02796
ENST00000758155.1	ENSG00000227016.5	LINC02796
ENST00000758156.1	ENSG00000227016.5	LINC02796
ENST00000758157.1	ENSG00000227016.5	LINC02796
ENST00000758158.1	ENSG00000227016.5	LINC02796
ENST00000758159.1	ENSG00000227016.5	LINC02796
ENST00000758160.1	ENSG00000227016.5	LINC02796
ENST00000758161.1	ENSG00000227016.5	LINC02796
ENST00000758162.1	ENSG00000227016.5	LINC02796
ENST00000758163.1	ENSG00000227016.5	LINC02796
ENST00000758164.1	ENSG00000227016.5	LINC02796
ENST00000758165.1	ENSG00000227016.5	LINC02796
ENST00000758166.1	ENSG00000227016.5	LINC02796
ENST00000758167.1	ENSG00000227016.5	LINC02796
ENST00000758168.1	ENSG00000227016.5	LINC02796
ENST00000758169.1	ENSG00000227016.5	LINC02796
ENST00000758170.1	ENSG00000227016.5	LINC02796
ENST00000439059.2	ENSG00000230023.3	LINC02800
ENST00000805331.1	ENSG00000230023.3	LINC02800
ENST00000805332.1	ENSG00000230023.3	LINC02800
ENST00000805333.1	ENSG00000230023.3	LINC02800
ENST00000640362.1	ENSG00000284240.2	LINC02801
ENST00000640491.1	ENSG00000284240.2	LINC02801
ENST00000640794.1	ENSG00000284240.2	LINC02801
ENST00000769128.1	ENSG00000284240.2	LINC02801
ENST00000769129.1	ENSG00000284240.2	LINC02801
ENST00000769130.1	ENSG00000284240.2	LINC02801
ENST00000769131.1	ENSG00000284240.2	LINC02801
ENST00000769132.1	ENSG00000284240.2	LINC02801
ENST00000769133.1	ENSG00000284240.2	LINC02801
ENST00000769134.1	ENSG00000284240.2	LINC02801
ENST00000769135.1	ENSG00000284240.2	LINC02801
ENST00000769136.1	ENSG00000284240.2	LINC02801
ENST00000769137.1	ENSG00000284240.2	LINC02801
ENST00000769138.1	ENSG00000284240.2	LINC02801
ENST00000769139.1	ENSG00000284240.2	LINC02801
ENST00000769140.1	ENSG00000284240.2	LINC02801
ENST00000769141.1	ENSG00000284240.2	LINC02801
ENST00000769142.1	ENSG00000284240.2	LINC02801
ENST00000769143.1	ENSG00000284240.2	LINC02801
ENST00000769144.1	ENSG00000284240.2	LINC02801
ENST00000769145.1	ENSG00000284240.2	LINC02801
ENST00000769146.1	ENSG00000284240.2	LINC02801
ENST00000769147.1	ENSG00000284240.2	LINC02801
ENST00000769148.1	ENSG00000284240.2	LINC02801
ENST00000769149.1	ENSG00000284240.2	LINC02801
ENST00000769150.1	ENSG00000284240.2	LINC02801
ENST00000769151.1	ENSG00000284240.2	LINC02801
ENST00000769152.1	ENSG00000284240.2	LINC02801
ENST00000769153.1	ENSG00000284240.2	LINC02801
ENST00000769154.1	ENSG00000284240.2	LINC02801
ENST00000769155.1	ENSG00000284240.2	LINC02801
ENST00000769156.1	ENSG00000284240.2	LINC02801
ENST00000769157.1	ENSG00000284240.2	LINC02801
ENST00000769158.1	ENSG00000284240.2	LINC02801
ENST00000769159.1	ENSG00000284240.2	LINC02801
ENST00000769160.1	ENSG00000284240.2	LINC02801
ENST00000769161.1	ENSG00000284240.2	LINC02801
ENST00000769162.1	ENSG00000284240.2	LINC02801
ENST00000769163.1	ENSG00000284240.2	LINC02801
ENST00000769164.1	ENSG00000284240.2	LINC02801
ENST00000769165.1	ENSG00000284240.2	LINC02801
ENST00000769166.1	ENSG00000284240.2	LINC02801
ENST00000769167.1	ENSG00000284240.2	LINC02801
ENST00000411978.2	ENSG00000232265.9	LINC02805
ENST00000432038.1	ENSG00000232265.9	LINC02805
ENST00000594189.2	ENSG00000232265.9	LINC02805
ENST00000594699.5	ENSG00000232265.9	LINC02805
ENST00000595367.7	ENSG00000232265.9	LINC02805
ENST00000595668.5	ENSG00000232265.9	LINC02805
ENST00000597931.7	ENSG00000232265.9	LINC02805
ENST00000599864.7	ENSG00000232265.9	LINC02805
ENST00000608244.2	ENSG00000232265.9	LINC02805
ENST00000618809.2	ENSG00000232265.9	LINC02805
ENST00000653344.2	ENSG00000232265.9	LINC02805
ENST00000656778.1	ENSG00000232265.9	LINC02805
ENST00000659506.1	ENSG00000232265.9	LINC02805
ENST00000663602.2	ENSG00000232265.9	LINC02805
ENST00000663701.1	ENSG00000232265.9	LINC02805
ENST00000663793.1	ENSG00000232265.9	LINC02805
ENST00000663831.1	ENSG00000232265.9	LINC02805
ENST00000665006.1	ENSG00000232265.9	LINC02805
ENST00000668803.1	ENSG00000232265.9	LINC02805
ENST00000762065.1	ENSG00000232265.9	LINC02805
ENST00000762066.1	ENSG00000232265.9	LINC02805
ENST00000762067.1	ENSG00000232265.9	LINC02805
ENST00000762068.1	ENSG00000232265.9	LINC02805
ENST00000653706.1	ENSG00000236648.2	LINC02810
ENST00000669051.1	ENSG00000236648.2	LINC02810
ENST00000670395.1	ENSG00000236648.2	LINC02810
ENST00000651912.1	ENSG00000225334.4	LINC02813
ENST00000657658.2	ENSG00000225334.4	LINC02813
ENST00000662308.1	ENSG00000225334.4	LINC02813
ENST00000669302.1	ENSG00000225334.4	LINC02813
ENST00000784579.1	ENSG00000225334.4	LINC02813
ENST00000732995.1	ENSG00000224943.2	LINC02819
ENST00000733003.1	ENSG00000224943.2	LINC02819
ENST00000733004.1	ENSG00000224943.2	LINC02819
ENST00000733005.1	ENSG00000224943.2	LINC02819
ENST00000733006.1	ENSG00000224943.2	LINC02819
ENST00000733007.1	ENSG00000224943.2	LINC02819
ENST00000733008.1	ENSG00000224943.2	LINC02819
ENST00000733009.1	ENSG00000224943.2	LINC02819
ENST00000733011.1	ENSG00000224943.2	LINC02819
ENST00000733012.1	ENSG00000224943.2	LINC02819
ENST00000733019.1	ENSG00000224943.2	LINC02819
ENST00000733021.1	ENSG00000224943.2	LINC02819
ENST00000733023.1	ENSG00000224943.2	LINC02819
ENST00000733025.1	ENSG00000224943.2	LINC02819
ENST00000733027.1	ENSG00000224943.2	LINC02819
ENST00000433065.1	ENSG00000224173.3	LINC02831
ENST00000654087.1	ENSG00000224173.3	LINC02831
ENST00000654731.1	ENSG00000224173.3	LINC02831
ENST00000656421.1	ENSG00000224173.3	LINC02831
ENST00000657087.1	ENSG00000224173.3	LINC02831
ENST00000657136.1	ENSG00000224173.3	LINC02831
ENST00000657510.1	ENSG00000224173.3	LINC02831
ENST00000658583.1	ENSG00000224173.3	LINC02831
ENST00000660443.1	ENSG00000224173.3	LINC02831
ENST00000662012.1	ENSG00000224173.3	LINC02831
ENST00000662337.1	ENSG00000224173.3	LINC02831
ENST00000665414.1	ENSG00000224173.3	LINC02831
ENST00000665794.1	ENSG00000224173.3	LINC02831
ENST00000665979.1	ENSG00000224173.3	LINC02831
ENST00000666140.1	ENSG00000224173.3	LINC02831
ENST00000666185.1	ENSG00000224173.3	LINC02831
ENST00000666947.1	ENSG00000224173.3	LINC02831
ENST00000667125.1	ENSG00000224173.3	LINC02831
ENST00000668393.1	ENSG00000224173.3	LINC02831
ENST00000670216.1	ENSG00000224173.3	LINC02831
ENST00000670245.1	ENSG00000224173.3	LINC02831
ENST00000670387.1	ENSG00000224173.3	LINC02831
ENST00000671625.1	ENSG00000224173.3	LINC02831
ENST00000671664.1	ENSG00000224173.3	LINC02831
ENST00000833777.1	ENSG00000224173.3	LINC02831
ENST00000833778.1	ENSG00000224173.3	LINC02831
ENST00000833779.1	ENSG00000224173.3	LINC02831
ENST00000833780.1	ENSG00000224173.3	LINC02831
ENST00000833781.1	ENSG00000224173.3	LINC02831
ENST00000833782.1	ENSG00000224173.3	LINC02831
ENST00000833783.1	ENSG00000224173.3	LINC02831
ENST00000833784.1	ENSG00000224173.3	LINC02831
ENST00000416861.1	ENSG00000227308.3	LINC02832
ENST00000442416.2	ENSG00000227308.3	LINC02832
ENST00000606673.1	ENSG00000227308.3	LINC02832
ENST00000607654.2	ENSG00000227308.3	LINC02832
ENST00000724275.1	ENSG00000227308.3	LINC02832
ENST00000724276.1	ENSG00000227308.3	LINC02832
ENST00000724281.1	ENSG00000227308.3	LINC02832
ENST00000724282.1	ENSG00000227308.3	LINC02832
ENST00000649562.2	ENSG00000285711.2	LINC02835
ENST00000818401.1	ENSG00000285711.2	LINC02835
ENST00000818402.1	ENSG00000285711.2	LINC02835
ENST00000447260.1	ENSG00000236436.1	LINC02850
ENST00000448086.1	ENSG00000237571.2	LINC02862
ENST00000797189.1	ENSG00000237571.2	LINC02862
ENST00000624685.1	ENSG00000203864.3	LINC02868
ENST00000443836.6	ENSG00000228208.8	LINC02869
ENST00000491260.3	ENSG00000228208.8	LINC02869
ENST00000746055.1	ENSG00000228208.8	LINC02869
ENST00000746056.1	ENSG00000228208.8	LINC02869
ENST00000746058.1	ENSG00000228208.8	LINC02869
ENST00000746066.1	ENSG00000228208.8	LINC02869
ENST00000462835.1	ENSG00000237787.5	LINC02877
ENST00000623038.1	ENSG00000237787.5	LINC02877
ENST00000648073.1	ENSG00000237787.5	LINC02877
ENST00000561161.2	ENSG00000259380.7	LINC02895
ENST00000561320.5	ENSG00000259380.7	LINC02895
ENST00000377977.3	ENSG00000204929.14	LINC02934
ENST00000606239.2	ENSG00000204929.14	LINC02934
ENST00000607539.1	ENSG00000204929.14	LINC02934
ENST00000623818.1	ENSG00000204929.14	LINC02934
ENST00000629214.1	ENSG00000204929.14	LINC02934
ENST00000652861.1	ENSG00000204929.14	LINC02934
ENST00000661422.1	ENSG00000204929.14	LINC02934
ENST00000666114.1	ENSG00000204929.14	LINC02934
ENST00000668467.1	ENSG00000204929.14	LINC02934
ENST00000737098.1	ENSG00000204929.14	LINC02934
ENST00000737099.1	ENSG00000204929.14	LINC02934
ENST00000737100.1	ENSG00000204929.14	LINC02934
ENST00000737102.1	ENSG00000204929.14	LINC02934
ENST00000822262.1	ENSG00000204929.14	LINC02934
ENST00000822265.1	ENSG00000204929.14	LINC02934
ENST00000822266.1	ENSG00000204929.14	LINC02934
ENST00000822267.1	ENSG00000204929.14	LINC02934
ENST00000822268.1	ENSG00000204929.14	LINC02934
ENST00000822269.1	ENSG00000204929.14	LINC02934
ENST00000822270.1	ENSG00000204929.14	LINC02934
ENST00000822271.1	ENSG00000204929.14	LINC02934
ENST00000822272.1	ENSG00000204929.14	LINC02934
ENST00000822273.1	ENSG00000204929.14	LINC02934
ENST00000822274.1	ENSG00000204929.14	LINC02934
ENST00000822275.1	ENSG00000204929.14	LINC02934
ENST00000822276.1	ENSG00000204929.14	LINC02934
ENST00000822277.1	ENSG00000204929.14	LINC02934
ENST00000822278.1	ENSG00000204929.14	LINC02934
ENST00000822279.1	ENSG00000204929.14	LINC02934
ENST00000822280.1	ENSG00000204929.14	LINC02934
ENST00000822281.1	ENSG00000204929.14	LINC02934
ENST00000822282.1	ENSG00000204929.14	LINC02934
ENST00000822283.1	ENSG00000204929.14	LINC02934
ENST00000822287.1	ENSG00000204929.14	LINC02934
ENST00000822288.1	ENSG00000204929.14	LINC02934
ENST00000822289.1	ENSG00000204929.14	LINC02934
ENST00000822290.1	ENSG00000204929.14	LINC02934
ENST00000822291.1	ENSG00000204929.14	LINC02934
ENST00000822292.1	ENSG00000204929.14	LINC02934
ENST00000822293.1	ENSG00000204929.14	LINC02934
ENST00000822294.1	ENSG00000204929.14	LINC02934
ENST00000822295.1	ENSG00000204929.14	LINC02934
ENST00000822296.1	ENSG00000204929.14	LINC02934
ENST00000822297.1	ENSG00000204929.14	LINC02934
ENST00000417084.1	ENSG00000237074.2	LINC02942
ENST00000634239.1	ENSG00000237074.2	LINC02942
ENST00000423963.2	ENSG00000237520.3	LINC02971
ENST00000850464.1	ENSG00000237520.3	LINC02971
ENST00000850466.1	ENSG00000237520.3	LINC02971
ENST00000514568.2	ENSG00000249790.4	LINC02972
ENST00000606959.1	ENSG00000272002.1	LINC02973
ENST00000647691.2	ENSG00000285554.2	LINC02988
ENST00000850138.1	ENSG00000285554.2	LINC02988
ENST00000850139.1	ENSG00000285554.2	LINC02988
ENST00000508406.1	ENSG00000250546.7	LINC02994
ENST00000510016.1	ENSG00000250546.7	LINC02994
ENST00000657959.1	ENSG00000250546.7	LINC02994
ENST00000668493.1	ENSG00000250546.7	LINC02994
ENST00000810499.1	ENSG00000250546.7	LINC02994
ENST00000810500.1	ENSG00000250546.7	LINC02994
ENST00000810501.1	ENSG00000250546.7	LINC02994
ENST00000810502.1	ENSG00000250546.7	LINC02994
ENST00000810503.1	ENSG00000250546.7	LINC02994
ENST00000810505.1	ENSG00000250546.7	LINC02994
ENST00000827819.1	ENSG00000250546.7	LINC02994
ENST00000790880.1	ENSG00000302989.1	LINC02996
ENST00000790885.1	ENSG00000302989.1	LINC02996
ENST00000790886.1	ENSG00000302989.1	LINC02996
ENST00000790887.1	ENSG00000302989.1	LINC02996
ENST00000790888.1	ENSG00000302989.1	LINC02996
ENST00000779189.1	ENSG00000290926.2	LINC03006
ENST00000779193.1	ENSG00000290926.2	LINC03006
ENST00000504207.2	ENSG00000251249.3	LINC03074
ENST00000507949.1	ENSG00000251249.3	LINC03074
ENST00000513759.2	ENSG00000251249.3	LINC03074
ENST00000515329.2	ENSG00000251249.3	LINC03074
ENST00000653329.2	ENSG00000251249.3	LINC03074
ENST00000657686.2	ENSG00000251249.3	LINC03074
ENST00000659253.2	ENSG00000251249.3	LINC03074
ENST00000663327.2	ENSG00000251249.3	LINC03074
ENST00000664690.2	ENSG00000251249.3	LINC03074
ENST00000669340.1	ENSG00000251249.3	LINC03074
ENST00000670924.2	ENSG00000251249.3	LINC03074
ENST00000685877.2	ENSG00000251249.3	LINC03074
ENST00000690012.2	ENSG00000251249.3	LINC03074
ENST00000731483.1	ENSG00000251249.3	LINC03074
ENST00000731484.1	ENSG00000251249.3	LINC03074
ENST00000731485.1	ENSG00000251249.3	LINC03074
ENST00000731486.1	ENSG00000251249.3	LINC03074
ENST00000731487.1	ENSG00000251249.3	LINC03074
ENST00000731488.1	ENSG00000251249.3	LINC03074
ENST00000731489.1	ENSG00000251249.3	LINC03074
ENST00000731490.1	ENSG00000251249.3	LINC03074
ENST00000731491.1	ENSG00000251249.3	LINC03074
ENST00000731492.1	ENSG00000251249.3	LINC03074
ENST00000731493.1	ENSG00000251249.3	LINC03074
ENST00000731494.1	ENSG00000251249.3	LINC03074
ENST00000731495.1	ENSG00000251249.3	LINC03074
ENST00000731496.1	ENSG00000251249.3	LINC03074
ENST00000731588.1	ENSG00000251249.3	LINC03074
ENST00000731589.1	ENSG00000251249.3	LINC03074
ENST00000731590.1	ENSG00000251249.3	LINC03074
ENST00000731591.1	ENSG00000251249.3	LINC03074
ENST00000731592.1	ENSG00000251249.3	LINC03074
ENST00000731593.1	ENSG00000251249.3	LINC03074
ENST00000731594.1	ENSG00000251249.3	LINC03074
ENST00000731595.1	ENSG00000251249.3	LINC03074
ENST00000731596.1	ENSG00000251249.3	LINC03074
ENST00000731597.1	ENSG00000251249.3	LINC03074
ENST00000731598.1	ENSG00000251249.3	LINC03074
ENST00000731599.1	ENSG00000251249.3	LINC03074
ENST00000731600.1	ENSG00000251249.3	LINC03074
ENST00000731601.1	ENSG00000251249.3	LINC03074
ENST00000731602.1	ENSG00000251249.3	LINC03074
ENST00000731603.1	ENSG00000251249.3	LINC03074
ENST00000731604.1	ENSG00000251249.3	LINC03074
ENST00000731605.1	ENSG00000251249.3	LINC03074
ENST00000731606.1	ENSG00000251249.3	LINC03074
ENST00000731607.1	ENSG00000251249.3	LINC03074
ENST00000731608.1	ENSG00000251249.3	LINC03074
ENST00000731609.1	ENSG00000251249.3	LINC03074
ENST00000731610.1	ENSG00000251249.3	LINC03074
ENST00000731611.1	ENSG00000251249.3	LINC03074
ENST00000731612.1	ENSG00000251249.3	LINC03074
ENST00000731613.1	ENSG00000251249.3	LINC03074
ENST00000731615.1	ENSG00000251249.3	LINC03074
ENST00000731616.1	ENSG00000251249.3	LINC03074
ENST00000732459.1	ENSG00000251249.3	LINC03074
ENST00000732460.1	ENSG00000251249.3	LINC03074
ENST00000835421.1	ENSG00000231412.4	LINC03078
ENST00000462300.1	ENSG00000241220.2	LINC03109
ENST00000498457.1	ENSG00000241220.2	LINC03109
ENST00000718349.1	ENSG00000241220.2	LINC03109
ENST00000419013.1	ENSG00000234207.1	LINC03116
ENST00000569873.1	ENSG00000261182.1	LINC03121
ENST00000463645.1	ENSG00000287151.2	LINC03124
ENST00000630394.1	ENSG00000290517.1	LINC03124
ENST00000652878.1	ENSG00000287151.2	LINC03124
ENST00000653458.1	ENSG00000287151.2	LINC03124
ENST00000655714.1	ENSG00000287151.2	LINC03124
ENST00000666411.2	ENSG00000287151.2	LINC03124
ENST00000779756.1	ENSG00000287151.2	LINC03124
ENST00000779758.1	ENSG00000287151.2	LINC03124
ENST00000779759.1	ENSG00000287151.2	LINC03124
ENST00000779760.1	ENSG00000287151.2	LINC03124
ENST00000779761.1	ENSG00000287151.2	LINC03124
ENST00000779762.1	ENSG00000287151.2	LINC03124
ENST00000779763.1	ENSG00000287151.2	LINC03124
ENST00000779810.1	ENSG00000287151.2	LINC03124
ENST00000779811.1	ENSG00000287151.2	LINC03124
ENST00000779812.1	ENSG00000287151.2	LINC03124
ENST00000779813.1	ENSG00000287151.2	LINC03124
ENST00000779814.1	ENSG00000287151.2	LINC03124
ENST00000779815.1	ENSG00000287151.2	LINC03124
ENST00000779816.1	ENSG00000287151.2	LINC03124
ENST00000779817.1	ENSG00000287151.2	LINC03124
ENST00000779818.1	ENSG00000287151.2	LINC03124
ENST00000779819.1	ENSG00000287151.2	LINC03124
ENST00000779820.1	ENSG00000287151.2	LINC03124
ENST00000779821.1	ENSG00000287151.2	LINC03124
ENST00000779822.1	ENSG00000287151.2	LINC03124
ENST00000779823.1	ENSG00000287151.2	LINC03124
ENST00000779824.1	ENSG00000287151.2	LINC03124
ENST00000779825.1	ENSG00000287151.2	LINC03124
ENST00000779826.1	ENSG00000287151.2	LINC03124
ENST00000779827.1	ENSG00000287151.2	LINC03124
ENST00000779828.1	ENSG00000287151.2	LINC03124
ENST00000779829.1	ENSG00000287151.2	LINC03124
ENST00000779830.1	ENSG00000287151.2	LINC03124
ENST00000779831.1	ENSG00000287151.2	LINC03124
ENST00000779832.1	ENSG00000287151.2	LINC03124
ENST00000779833.1	ENSG00000287151.2	LINC03124
ENST00000779834.1	ENSG00000287151.2	LINC03124
ENST00000779835.1	ENSG00000287151.2	LINC03124
ENST00000779836.1	ENSG00000287151.2	LINC03124
ENST00000779837.1	ENSG00000287151.2	LINC03124
ENST00000779838.1	ENSG00000287151.2	LINC03124
ENST00000779839.1	ENSG00000287151.2	LINC03124
ENST00000779840.1	ENSG00000287151.2	LINC03124
ENST00000779841.1	ENSG00000287151.2	LINC03124
ENST00000779842.1	ENSG00000287151.2	LINC03124
ENST00000779843.1	ENSG00000287151.2	LINC03124
ENST00000779844.1	ENSG00000287151.2	LINC03124
ENST00000779845.1	ENSG00000287151.2	LINC03124
ENST00000779846.1	ENSG00000287151.2	LINC03124
ENST00000779847.1	ENSG00000287151.2	LINC03124
ENST00000779848.1	ENSG00000287151.2	LINC03124
ENST00000779849.1	ENSG00000287151.2	LINC03124
ENST00000779850.1	ENSG00000287151.2	LINC03124
ENST00000779851.1	ENSG00000287151.2	LINC03124
ENST00000779852.1	ENSG00000287151.2	LINC03124
ENST00000779853.1	ENSG00000287151.2	LINC03124
ENST00000779854.1	ENSG00000287151.2	LINC03124
ENST00000779855.1	ENSG00000287151.2	LINC03124
ENST00000779856.1	ENSG00000287151.2	LINC03124
ENST00000779857.1	ENSG00000287151.2	LINC03124
ENST00000779858.1	ENSG00000287151.2	LINC03124
ENST00000779859.1	ENSG00000287151.2	LINC03124
ENST00000779860.1	ENSG00000287151.2	LINC03124
ENST00000779861.1	ENSG00000287151.2	LINC03124
ENST00000779862.1	ENSG00000287151.2	LINC03124
ENST00000779863.1	ENSG00000287151.2	LINC03124
ENST00000779864.1	ENSG00000287151.2	LINC03124
ENST00000779865.1	ENSG00000287151.2	LINC03124
ENST00000779867.1	ENSG00000287151.2	LINC03124
ENST00000779868.1	ENSG00000287151.2	LINC03124
ENST00000779869.1	ENSG00000287151.2	LINC03124
ENST00000779870.1	ENSG00000287151.2	LINC03124
ENST00000779871.1	ENSG00000287151.2	LINC03124
ENST00000779872.1	ENSG00000287151.2	LINC03124
ENST00000779873.1	ENSG00000287151.2	LINC03124
ENST00000779874.1	ENSG00000287151.2	LINC03124
ENST00000779875.1	ENSG00000287151.2	LINC03124
ENST00000779876.1	ENSG00000287151.2	LINC03124
ENST00000779877.1	ENSG00000287151.2	LINC03124
ENST00000779878.1	ENSG00000287151.2	LINC03124
ENST00000779893.1	ENSG00000287151.2	LINC03124
ENST00000779894.1	ENSG00000287151.2	LINC03124
ENST00000779896.1	ENSG00000287151.2	LINC03124
ENST00000779897.1	ENSG00000287151.2	LINC03124
ENST00000779898.1	ENSG00000287151.2	LINC03124
ENST00000779899.1	ENSG00000287151.2	LINC03124
ENST00000779900.1	ENSG00000287151.2	LINC03124
ENST00000779903.1	ENSG00000287151.2	LINC03124
ENST00000779904.1	ENSG00000287151.2	LINC03124
ENST00000426302.1	ENSG00000230454.2	LINC03143
ENST00000439898.1	ENSG00000230454.2	LINC03143
ENST00000453717.2	ENSG00000230454.2	LINC03143
ENST00000830091.1	ENSG00000230454.2	LINC03143
ENST00000750789.1	ENSG00000251513.3	LIX1-AS1
ENST00000366105.2	ENSG00000234222.7	LIX1L-AS1
ENST00000412239.1	ENSG00000234222.7	LIX1L-AS1
ENST00000421764.1	ENSG00000234222.7	LIX1L-AS1
ENST00000437207.1	ENSG00000234222.7	LIX1L-AS1
ENST00000437797.5	ENSG00000234222.7	LIX1L-AS1
ENST00000447686.2	ENSG00000234222.7	LIX1L-AS1
ENST00000595494.5	ENSG00000234222.7	LIX1L-AS1
ENST00000595518.5	ENSG00000234222.7	LIX1L-AS1
ENST00000596355.1	ENSG00000234222.7	LIX1L-AS1
ENST00000597144.5	ENSG00000234222.7	LIX1L-AS1
ENST00000598103.5	ENSG00000234222.7	LIX1L-AS1
ENST00000598354.5	ENSG00000234222.7	LIX1L-AS1
ENST00000599147.5	ENSG00000234222.7	LIX1L-AS1
ENST00000599469.5	ENSG00000234222.7	LIX1L-AS1
ENST00000599626.5	ENSG00000234222.7	LIX1L-AS1
ENST00000600340.5	ENSG00000234222.7	LIX1L-AS1
ENST00000601726.3	ENSG00000234222.7	LIX1L-AS1
ENST00000630257.2	ENSG00000234222.7	LIX1L-AS1
ENST00000840614.1	ENSG00000234222.7	LIX1L-AS1
ENST00000426178.1	ENSG00000238022.3	LMX1A-AS1
ENST00000441773.1	ENSG00000238022.3	LMX1A-AS1
ENST00000668780.1	ENSG00000238022.3	LMX1A-AS1
ENST00000840275.1	ENSG00000238022.3	LMX1A-AS1
ENST00000457106.1	ENSG00000224702.1	LMX1A-AS2
ENST00000412639.5	ENSG00000234546.6	LNCTAM34A
ENST00000635271.2	ENSG00000234546.6	LNCTAM34A
ENST00000657715.2	ENSG00000234546.6	LNCTAM34A
ENST00000664915.2	ENSG00000234546.6	LNCTAM34A
ENST00000665148.2	ENSG00000234546.6	LNCTAM34A
ENST00000782997.1	ENSG00000234546.6	LNCTAM34A
ENST00000782998.1	ENSG00000234546.6	LNCTAM34A
ENST00000782999.1	ENSG00000234546.6	LNCTAM34A
ENST00000783000.1	ENSG00000234546.6	LNCTAM34A
ENST00000783004.1	ENSG00000234546.6	LNCTAM34A
ENST00000783006.1	ENSG00000234546.6	LNCTAM34A
ENST00000783007.1	ENSG00000234546.6	LNCTAM34A
ENST00000783008.1	ENSG00000234546.6	LNCTAM34A
ENST00000783009.1	ENSG00000234546.6	LNCTAM34A
ENST00000783010.1	ENSG00000234546.6	LNCTAM34A
ENST00000783011.1	ENSG00000234546.6	LNCTAM34A
ENST00000783012.1	ENSG00000234546.6	LNCTAM34A
ENST00000783013.1	ENSG00000234546.6	LNCTAM34A
ENST00000783014.1	ENSG00000234546.6	LNCTAM34A
ENST00000783017.1	ENSG00000234546.6	LNCTAM34A
ENST00000429499.7	ENSG00000229258.7	LPGAT1-AS1
ENST00000446560.2	ENSG00000229258.7	LPGAT1-AS1
ENST00000670360.2	ENSG00000229258.7	LPGAT1-AS1
ENST00000799847.1	ENSG00000229258.7	LPGAT1-AS1
ENST00000799848.1	ENSG00000229258.7	LPGAT1-AS1
ENST00000799849.1	ENSG00000229258.7	LPGAT1-AS1
ENST00000799850.1	ENSG00000229258.7	LPGAT1-AS1
ENST00000799851.1	ENSG00000229258.7	LPGAT1-AS1
ENST00000799852.1	ENSG00000229258.7	LPGAT1-AS1
ENST00000799853.1	ENSG00000229258.7	LPGAT1-AS1
ENST00000799854.1	ENSG00000229258.7	LPGAT1-AS1
ENST00000799855.1	ENSG00000229258.7	LPGAT1-AS1
ENST00000799856.1	ENSG00000229258.7	LPGAT1-AS1
ENST00000799857.1	ENSG00000229258.7	LPGAT1-AS1
ENST00000799858.1	ENSG00000229258.7	LPGAT1-AS1
ENST00000799859.1	ENSG00000229258.7	LPGAT1-AS1
ENST00000799860.1	ENSG00000229258.7	LPGAT1-AS1
ENST00000799861.1	ENSG00000229258.7	LPGAT1-AS1
ENST00000799862.1	ENSG00000229258.7	LPGAT1-AS1
ENST00000799863.1	ENSG00000229258.7	LPGAT1-AS1
ENST00000799864.1	ENSG00000229258.7	LPGAT1-AS1
ENST00000799865.1	ENSG00000229258.7	LPGAT1-AS1
ENST00000799866.1	ENSG00000229258.7	LPGAT1-AS1
ENST00000799867.1	ENSG00000229258.7	LPGAT1-AS1
ENST00000799868.1	ENSG00000229258.7	LPGAT1-AS1
ENST00000799869.1	ENSG00000229258.7	LPGAT1-AS1
ENST00000799870.1	ENSG00000229258.7	LPGAT1-AS1
ENST00000799871.1	ENSG00000229258.7	LPGAT1-AS1
ENST00000799872.1	ENSG00000229258.7	LPGAT1-AS1
ENST00000507934.1	ENSG00000249690.1	LRBA-AS1
ENST00000445039.3	ENSG00000225675.3	LRP8-DT
ENST00000792372.1	ENSG00000225675.3	LRP8-DT
ENST00000614743.1	ENSG00000268324.3	LRRC2-AS1
ENST00000459923.6	ENSG00000293511.2	LRRC77P
ENST00000463642.1	ENSG00000293511.2	LRRC77P
ENST00000481578.5	ENSG00000293511.2	LRRC77P
ENST00000490897.5	ENSG00000293511.2	LRRC77P
ENST00000494887.6	ENSG00000293511.2	LRRC77P
ENST00000496891.2	ENSG00000293511.2	LRRC77P
ENST00000636485.1	ENSG00000293511.2	LRRC77P
ENST00000636655.1	ENSG00000293511.2	LRRC77P
ENST00000685660.1	ENSG00000293511.2	LRRC77P
ENST00000686571.1	ENSG00000293511.2	LRRC77P
ENST00000686711.1	ENSG00000293511.2	LRRC77P
ENST00000687010.1	ENSG00000293511.2	LRRC77P
ENST00000687077.1	ENSG00000293511.2	LRRC77P
ENST00000689402.1	ENSG00000293511.2	LRRC77P
ENST00000689470.1	ENSG00000293511.2	LRRC77P
ENST00000689638.1	ENSG00000293511.2	LRRC77P
ENST00000690599.2	ENSG00000293511.2	LRRC77P
ENST00000691374.1	ENSG00000293511.2	LRRC77P
ENST00000692405.2	ENSG00000293511.2	LRRC77P
ENST00000692698.1	ENSG00000293511.2	LRRC77P
ENST00000692957.1	ENSG00000293511.2	LRRC77P
ENST00000693138.2	ENSG00000293511.2	LRRC77P
ENST00000693634.1	ENSG00000293511.2	LRRC77P
ENST00000693750.1	ENSG00000293511.2	LRRC77P
ENST00000701384.1	ENSG00000293511.2	LRRC77P
ENST00000701401.2	ENSG00000293511.2	LRRC77P
ENST00000701484.1	ENSG00000293511.2	LRRC77P
ENST00000701977.1	ENSG00000293511.2	LRRC77P
ENST00000702032.1	ENSG00000293511.2	LRRC77P
ENST00000702051.1	ENSG00000293511.2	LRRC77P
ENST00000752078.1	ENSG00000293511.2	LRRC77P
ENST00000752081.1	ENSG00000293511.2	LRRC77P
ENST00000752082.1	ENSG00000293511.2	LRRC77P
ENST00000752083.1	ENSG00000293511.2	LRRC77P
ENST00000752085.1	ENSG00000293511.2	LRRC77P
ENST00000752086.1	ENSG00000293511.2	LRRC77P
ENST00000752087.1	ENSG00000293511.2	LRRC77P
ENST00000752088.1	ENSG00000293511.2	LRRC77P
ENST00000752089.1	ENSG00000293511.2	LRRC77P
ENST00000752090.1	ENSG00000293511.2	LRRC77P
ENST00000752091.1	ENSG00000293511.2	LRRC77P
ENST00000752092.1	ENSG00000293511.2	LRRC77P
ENST00000752093.1	ENSG00000293511.2	LRRC77P
ENST00000752094.1	ENSG00000293511.2	LRRC77P
ENST00000752095.1	ENSG00000293511.2	LRRC77P
ENST00000752096.1	ENSG00000293511.2	LRRC77P
ENST00000752097.1	ENSG00000293511.2	LRRC77P
ENST00000752098.1	ENSG00000293511.2	LRRC77P
ENST00000752099.1	ENSG00000293511.2	LRRC77P
ENST00000752101.1	ENSG00000293511.2	LRRC77P
ENST00000752102.1	ENSG00000293511.2	LRRC77P
ENST00000752103.1	ENSG00000293511.2	LRRC77P
ENST00000752104.1	ENSG00000293511.2	LRRC77P
ENST00000752105.1	ENSG00000293511.2	LRRC77P
ENST00000752106.1	ENSG00000293511.2	LRRC77P
ENST00000752107.1	ENSG00000293511.2	LRRC77P
ENST00000752108.1	ENSG00000293511.2	LRRC77P
ENST00000752110.1	ENSG00000293511.2	LRRC77P
ENST00000752113.1	ENSG00000293511.2	LRRC77P
ENST00000752115.1	ENSG00000293511.2	LRRC77P
ENST00000752117.1	ENSG00000293511.2	LRRC77P
ENST00000752118.1	ENSG00000293511.2	LRRC77P
ENST00000752120.1	ENSG00000293511.2	LRRC77P
ENST00000752121.1	ENSG00000293511.2	LRRC77P
ENST00000752122.1	ENSG00000293511.2	LRRC77P
ENST00000752123.1	ENSG00000293511.2	LRRC77P
ENST00000752124.1	ENSG00000293511.2	LRRC77P
ENST00000752126.1	ENSG00000293511.2	LRRC77P
ENST00000752127.1	ENSG00000293511.2	LRRC77P
ENST00000752128.1	ENSG00000293511.2	LRRC77P
ENST00000752129.1	ENSG00000293511.2	LRRC77P
ENST00000752130.1	ENSG00000293511.2	LRRC77P
ENST00000752131.1	ENSG00000293511.2	LRRC77P
ENST00000752132.1	ENSG00000293511.2	LRRC77P
ENST00000752133.1	ENSG00000293511.2	LRRC77P
ENST00000752134.1	ENSG00000293511.2	LRRC77P
ENST00000752135.1	ENSG00000293511.2	LRRC77P
ENST00000752136.1	ENSG00000293511.2	LRRC77P
ENST00000752146.1	ENSG00000293511.2	LRRC77P
ENST00000752147.1	ENSG00000293511.2	LRRC77P
ENST00000752148.1	ENSG00000293511.2	LRRC77P
ENST00000752149.1	ENSG00000293511.2	LRRC77P
ENST00000752150.1	ENSG00000293511.2	LRRC77P
ENST00000752151.1	ENSG00000293511.2	LRRC77P
ENST00000752152.1	ENSG00000293511.2	LRRC77P
ENST00000752153.1	ENSG00000293511.2	LRRC77P
ENST00000752154.1	ENSG00000293511.2	LRRC77P
ENST00000752155.1	ENSG00000293511.2	LRRC77P
ENST00000752156.1	ENSG00000293511.2	LRRC77P
ENST00000752157.1	ENSG00000293511.2	LRRC77P
ENST00000752161.1	ENSG00000293511.2	LRRC77P
ENST00000752168.1	ENSG00000293511.2	LRRC77P
ENST00000752169.1	ENSG00000293511.2	LRRC77P
ENST00000752172.1	ENSG00000293511.2	LRRC77P
ENST00000752173.1	ENSG00000293511.2	LRRC77P
ENST00000752174.1	ENSG00000293511.2	LRRC77P
ENST00000752175.1	ENSG00000293511.2	LRRC77P
ENST00000445178.1	ENSG00000234653.1	LRRTM4-AS1
ENST00000843107.1	ENSG00000240922.2	LSAMP-AS1
ENST00000511918.6	ENSG00000248323.9	LUCAT1
ENST00000513492.6	ENSG00000248323.9	LUCAT1
ENST00000513626.4	ENSG00000248323.9	LUCAT1
ENST00000607854.2	ENSG00000248323.9	LUCAT1
ENST00000647745.1	ENSG00000248323.9	LUCAT1
ENST00000647759.1	ENSG00000248323.9	LUCAT1
ENST00000647761.2	ENSG00000248323.9	LUCAT1
ENST00000647807.1	ENSG00000248323.9	LUCAT1
ENST00000648015.1	ENSG00000248323.9	LUCAT1
ENST00000648031.1	ENSG00000248323.9	LUCAT1
ENST00000648075.1	ENSG00000248323.9	LUCAT1
ENST00000648137.2	ENSG00000248323.9	LUCAT1
ENST00000648199.2	ENSG00000248323.9	LUCAT1
ENST00000648310.1	ENSG00000248323.9	LUCAT1
ENST00000648439.1	ENSG00000248323.9	LUCAT1
ENST00000648457.2	ENSG00000248323.9	LUCAT1
ENST00000648597.2	ENSG00000248323.9	LUCAT1
ENST00000648636.1	ENSG00000248323.9	LUCAT1
ENST00000648683.1	ENSG00000248323.9	LUCAT1
ENST00000648751.3	ENSG00000248323.9	LUCAT1
ENST00000648773.2	ENSG00000248323.9	LUCAT1
ENST00000648811.1	ENSG00000248323.9	LUCAT1
ENST00000648822.1	ENSG00000248323.9	LUCAT1
ENST00000648923.1	ENSG00000248323.9	LUCAT1
ENST00000649138.1	ENSG00000248323.9	LUCAT1
ENST00000649304.1	ENSG00000248323.9	LUCAT1
ENST00000649322.1	ENSG00000248323.9	LUCAT1
ENST00000649392.2	ENSG00000248323.9	LUCAT1
ENST00000649405.1	ENSG00000248323.9	LUCAT1
ENST00000649424.1	ENSG00000248323.9	LUCAT1
ENST00000649447.2	ENSG00000248323.9	LUCAT1
ENST00000649467.1	ENSG00000248323.9	LUCAT1
ENST00000649539.1	ENSG00000248323.9	LUCAT1
ENST00000649654.1	ENSG00000248323.9	LUCAT1
ENST00000649702.1	ENSG00000248323.9	LUCAT1
ENST00000649968.1	ENSG00000248323.9	LUCAT1
ENST00000649969.1	ENSG00000248323.9	LUCAT1
ENST00000649976.2	ENSG00000248323.9	LUCAT1
ENST00000650003.1	ENSG00000248323.9	LUCAT1
ENST00000650004.1	ENSG00000248323.9	LUCAT1
ENST00000650008.2	ENSG00000248323.9	LUCAT1
ENST00000650017.1	ENSG00000248323.9	LUCAT1
ENST00000650067.1	ENSG00000248323.9	LUCAT1
ENST00000650100.1	ENSG00000248323.9	LUCAT1
ENST00000650150.1	ENSG00000248323.9	LUCAT1
ENST00000650261.1	ENSG00000248323.9	LUCAT1
ENST00000650273.1	ENSG00000248323.9	LUCAT1
ENST00000650321.1	ENSG00000248323.9	LUCAT1
ENST00000650381.1	ENSG00000248323.9	LUCAT1
ENST00000650529.1	ENSG00000248323.9	LUCAT1
ENST00000650583.1	ENSG00000248323.9	LUCAT1
ENST00000653155.2	ENSG00000248323.9	LUCAT1
ENST00000654784.2	ENSG00000248323.9	LUCAT1
ENST00000660484.2	ENSG00000248323.9	LUCAT1
ENST00000664701.2	ENSG00000248323.9	LUCAT1
ENST00000668775.1	ENSG00000248323.9	LUCAT1
ENST00000670581.1	ENSG00000248323.9	LUCAT1
ENST00000685632.2	ENSG00000248323.9	LUCAT1
ENST00000687742.2	ENSG00000248323.9	LUCAT1
ENST00000690504.2	ENSG00000248323.9	LUCAT1
ENST00000690915.2	ENSG00000248323.9	LUCAT1
ENST00000730024.1	ENSG00000248323.9	LUCAT1
ENST00000730025.1	ENSG00000248323.9	LUCAT1
ENST00000730026.1	ENSG00000248323.9	LUCAT1
ENST00000730027.1	ENSG00000248323.9	LUCAT1
ENST00000730028.1	ENSG00000248323.9	LUCAT1
ENST00000730029.1	ENSG00000248323.9	LUCAT1
ENST00000730032.1	ENSG00000248323.9	LUCAT1
ENST00000730033.1	ENSG00000248323.9	LUCAT1
ENST00000730034.1	ENSG00000248323.9	LUCAT1
ENST00000730035.1	ENSG00000248323.9	LUCAT1
ENST00000730036.1	ENSG00000248323.9	LUCAT1
ENST00000730037.1	ENSG00000248323.9	LUCAT1
ENST00000730038.1	ENSG00000248323.9	LUCAT1
ENST00000730039.1	ENSG00000248323.9	LUCAT1
ENST00000730040.1	ENSG00000248323.9	LUCAT1
ENST00000730041.1	ENSG00000248323.9	LUCAT1
ENST00000730042.1	ENSG00000248323.9	LUCAT1
ENST00000730043.1	ENSG00000248323.9	LUCAT1
ENST00000730044.1	ENSG00000248323.9	LUCAT1
ENST00000730045.1	ENSG00000248323.9	LUCAT1
ENST00000730046.1	ENSG00000248323.9	LUCAT1
ENST00000730047.1	ENSG00000248323.9	LUCAT1
ENST00000730048.1	ENSG00000248323.9	LUCAT1
ENST00000730049.1	ENSG00000248323.9	LUCAT1
ENST00000730050.1	ENSG00000248323.9	LUCAT1
ENST00000730051.1	ENSG00000248323.9	LUCAT1
ENST00000730052.1	ENSG00000248323.9	LUCAT1
ENST00000730053.1	ENSG00000248323.9	LUCAT1
ENST00000730054.1	ENSG00000248323.9	LUCAT1
ENST00000730055.1	ENSG00000248323.9	LUCAT1
ENST00000730056.1	ENSG00000248323.9	LUCAT1
ENST00000730057.1	ENSG00000248323.9	LUCAT1
ENST00000730058.1	ENSG00000248323.9	LUCAT1
ENST00000730059.1	ENSG00000248323.9	LUCAT1
ENST00000730061.1	ENSG00000248323.9	LUCAT1
ENST00000730062.1	ENSG00000248323.9	LUCAT1
ENST00000730063.1	ENSG00000248323.9	LUCAT1
ENST00000730064.1	ENSG00000248323.9	LUCAT1
ENST00000730065.1	ENSG00000248323.9	LUCAT1
ENST00000730066.1	ENSG00000248323.9	LUCAT1
ENST00000730067.1	ENSG00000248323.9	LUCAT1
ENST00000730068.1	ENSG00000248323.9	LUCAT1
ENST00000730069.1	ENSG00000248323.9	LUCAT1
ENST00000730070.1	ENSG00000248323.9	LUCAT1
ENST00000730071.1	ENSG00000248323.9	LUCAT1
ENST00000730072.1	ENSG00000248323.9	LUCAT1
ENST00000730073.1	ENSG00000248323.9	LUCAT1
ENST00000730074.1	ENSG00000248323.9	LUCAT1
ENST00000730075.1	ENSG00000248323.9	LUCAT1
ENST00000730076.1	ENSG00000248323.9	LUCAT1
ENST00000730077.1	ENSG00000248323.9	LUCAT1
ENST00000730078.1	ENSG00000248323.9	LUCAT1
ENST00000730079.1	ENSG00000248323.9	LUCAT1
ENST00000730080.1	ENSG00000248323.9	LUCAT1
ENST00000730081.1	ENSG00000248323.9	LUCAT1
ENST00000730082.1	ENSG00000248323.9	LUCAT1
ENST00000730083.1	ENSG00000248323.9	LUCAT1
ENST00000730084.1	ENSG00000248323.9	LUCAT1
ENST00000730088.1	ENSG00000248323.9	LUCAT1
ENST00000730089.1	ENSG00000248323.9	LUCAT1
ENST00000730090.1	ENSG00000248323.9	LUCAT1
ENST00000730091.1	ENSG00000248323.9	LUCAT1
ENST00000730092.1	ENSG00000248323.9	LUCAT1
ENST00000730093.1	ENSG00000248323.9	LUCAT1
ENST00000730094.1	ENSG00000248323.9	LUCAT1
ENST00000730095.1	ENSG00000248323.9	LUCAT1
ENST00000730096.1	ENSG00000248323.9	LUCAT1
ENST00000730097.1	ENSG00000248323.9	LUCAT1
ENST00000730098.1	ENSG00000248323.9	LUCAT1
ENST00000730099.1	ENSG00000248323.9	LUCAT1
ENST00000503073.5	ENSG00000250938.9	MAD2L1-DT
ENST00000630351.1	ENSG00000281122.1	MAD2L1-DT
ENST00000693300.2	ENSG00000250938.9	MAD2L1-DT
ENST00000700800.1	ENSG00000250938.9	MAD2L1-DT
ENST00000740575.1	ENSG00000250938.9	MAD2L1-DT
ENST00000740602.1	ENSG00000250938.9	MAD2L1-DT
ENST00000740603.1	ENSG00000250938.9	MAD2L1-DT
ENST00000740605.1	ENSG00000250938.9	MAD2L1-DT
ENST00000740606.1	ENSG00000250938.9	MAD2L1-DT
ENST00000740607.1	ENSG00000250938.9	MAD2L1-DT
ENST00000740609.1	ENSG00000250938.9	MAD2L1-DT
ENST00000740611.1	ENSG00000250938.9	MAD2L1-DT
ENST00000740613.1	ENSG00000250938.9	MAD2L1-DT
ENST00000740614.1	ENSG00000250938.9	MAD2L1-DT
ENST00000740615.1	ENSG00000250938.9	MAD2L1-DT
ENST00000740616.1	ENSG00000250938.9	MAD2L1-DT
ENST00000740617.1	ENSG00000250938.9	MAD2L1-DT
ENST00000740618.1	ENSG00000250938.9	MAD2L1-DT
ENST00000740625.1	ENSG00000250938.9	MAD2L1-DT
ENST00000740626.1	ENSG00000250938.9	MAD2L1-DT
ENST00000740628.1	ENSG00000250938.9	MAD2L1-DT
ENST00000740629.1	ENSG00000250938.9	MAD2L1-DT
ENST00000740631.1	ENSG00000250938.9	MAD2L1-DT
ENST00000740632.1	ENSG00000250938.9	MAD2L1-DT
ENST00000740633.1	ENSG00000250938.9	MAD2L1-DT
ENST00000740635.1	ENSG00000250938.9	MAD2L1-DT
ENST00000740637.1	ENSG00000250938.9	MAD2L1-DT
ENST00000740639.1	ENSG00000250938.9	MAD2L1-DT
ENST00000740641.1	ENSG00000250938.9	MAD2L1-DT
ENST00000472514.1	ENSG00000240175.1	MAGI1-AS1
ENST00000458151.3	ENSG00000226754.4	MAGOH-DT
ENST00000655937.1	ENSG00000226754.4	MAGOH-DT
ENST00000664677.2	ENSG00000226754.4	MAGOH-DT
ENST00000702475.2	ENSG00000226754.4	MAGOH-DT
ENST00000826628.1	ENSG00000226754.4	MAGOH-DT
ENST00000716125.1	ENSG00000293619.1	MALL
ENST00000433673.3	ENSG00000236682.5	MAP3K2-DT
ENST00000654207.4	ENSG00000236682.5	MAP3K2-DT
ENST00000685004.3	ENSG00000236682.5	MAP3K2-DT
ENST00000688447.2	ENSG00000236682.5	MAP3K2-DT
ENST00000692574.3	ENSG00000236682.5	MAP3K2-DT
ENST00000692842.3	ENSG00000236682.5	MAP3K2-DT
ENST00000693466.3	ENSG00000236682.5	MAP3K2-DT
ENST00000778703.1	ENSG00000236682.5	MAP3K2-DT
ENST00000778704.1	ENSG00000236682.5	MAP3K2-DT
ENST00000778705.1	ENSG00000236682.5	MAP3K2-DT
ENST00000778706.1	ENSG00000236682.5	MAP3K2-DT
ENST00000778707.1	ENSG00000236682.5	MAP3K2-DT
ENST00000778708.1	ENSG00000236682.5	MAP3K2-DT
ENST00000778709.1	ENSG00000236682.5	MAP3K2-DT
ENST00000778710.1	ENSG00000236682.5	MAP3K2-DT
ENST00000778711.1	ENSG00000236682.5	MAP3K2-DT
ENST00000778712.1	ENSG00000236682.5	MAP3K2-DT
ENST00000778713.1	ENSG00000236682.5	MAP3K2-DT
ENST00000778714.1	ENSG00000236682.5	MAP3K2-DT
ENST00000778723.1	ENSG00000236682.5	MAP3K2-DT
ENST00000778724.1	ENSG00000236682.5	MAP3K2-DT
ENST00000778726.1	ENSG00000236682.5	MAP3K2-DT
ENST00000778727.1	ENSG00000236682.5	MAP3K2-DT
ENST00000366187.3	ENSG00000231312.9	MAP4K3-DT
ENST00000415640.1	ENSG00000231312.9	MAP4K3-DT
ENST00000425775.3	ENSG00000231312.9	MAP4K3-DT
ENST00000426083.5	ENSG00000231312.9	MAP4K3-DT
ENST00000438649.5	ENSG00000231312.9	MAP4K3-DT
ENST00000443038.1	ENSG00000231312.9	MAP4K3-DT
ENST00000445520.8	ENSG00000231312.9	MAP4K3-DT
ENST00000449569.6	ENSG00000231312.9	MAP4K3-DT
ENST00000451547.2	ENSG00000231312.9	MAP4K3-DT
ENST00000658048.1	ENSG00000231312.9	MAP4K3-DT
ENST00000658057.2	ENSG00000231312.9	MAP4K3-DT
ENST00000658319.1	ENSG00000231312.9	MAP4K3-DT
ENST00000659562.1	ENSG00000231312.9	MAP4K3-DT
ENST00000662313.1	ENSG00000231312.9	MAP4K3-DT
ENST00000667600.1	ENSG00000231312.9	MAP4K3-DT
ENST00000668952.1	ENSG00000231312.9	MAP4K3-DT
ENST00000670934.1	ENSG00000231312.9	MAP4K3-DT
ENST00000671403.1	ENSG00000231312.9	MAP4K3-DT
ENST00000827213.1	ENSG00000231312.9	MAP4K3-DT
ENST00000827214.1	ENSG00000231312.9	MAP4K3-DT
ENST00000827216.1	ENSG00000231312.9	MAP4K3-DT
ENST00000827217.1	ENSG00000231312.9	MAP4K3-DT
ENST00000827218.1	ENSG00000231312.9	MAP4K3-DT
ENST00000827219.1	ENSG00000231312.9	MAP4K3-DT
ENST00000827220.1	ENSG00000231312.9	MAP4K3-DT
ENST00000827221.1	ENSG00000231312.9	MAP4K3-DT
ENST00000417474.2	ENSG00000250910.9	MAP9-AS1
ENST00000508191.2	ENSG00000250910.9	MAP9-AS1
ENST00000512269.5	ENSG00000250910.9	MAP9-AS1
ENST00000593387.6	ENSG00000250910.9	MAP9-AS1
ENST00000593486.5	ENSG00000250910.9	MAP9-AS1
ENST00000594492.5	ENSG00000250910.9	MAP9-AS1
ENST00000594666.5	ENSG00000250910.9	MAP9-AS1
ENST00000595229.5	ENSG00000250910.9	MAP9-AS1
ENST00000596165.3	ENSG00000250910.9	MAP9-AS1
ENST00000596754.5	ENSG00000250910.9	MAP9-AS1
ENST00000597831.6	ENSG00000250910.9	MAP9-AS1
ENST00000597939.5	ENSG00000250910.9	MAP9-AS1
ENST00000597955.5	ENSG00000250910.9	MAP9-AS1
ENST00000598252.5	ENSG00000250910.9	MAP9-AS1
ENST00000599555.6	ENSG00000250910.9	MAP9-AS1
ENST00000601977.5	ENSG00000250910.9	MAP9-AS1
ENST00000602249.5	ENSG00000250910.9	MAP9-AS1
ENST00000608092.5	ENSG00000250910.9	MAP9-AS1
ENST00000608406.5	ENSG00000250910.9	MAP9-AS1
ENST00000608463.5	ENSG00000250910.9	MAP9-AS1
ENST00000608544.5	ENSG00000250910.9	MAP9-AS1
ENST00000608762.5	ENSG00000250910.9	MAP9-AS1
ENST00000609254.5	ENSG00000250910.9	MAP9-AS1
ENST00000609486.5	ENSG00000250910.9	MAP9-AS1
ENST00000609716.5	ENSG00000250910.9	MAP9-AS1
ENST00000610249.5	ENSG00000250910.9	MAP9-AS1
ENST00000615177.4	ENSG00000250910.9	MAP9-AS1
ENST00000616083.4	ENSG00000250910.9	MAP9-AS1
ENST00000618537.4	ENSG00000250910.9	MAP9-AS1
ENST00000620130.4	ENSG00000250910.9	MAP9-AS1
ENST00000621683.4	ENSG00000250910.9	MAP9-AS1
ENST00000629939.1	ENSG00000250910.9	MAP9-AS1
ENST00000630664.3	ENSG00000250910.9	MAP9-AS1
ENST00000652141.1	ENSG00000250910.9	MAP9-AS1
ENST00000832744.1	ENSG00000250910.9	MAP9-AS1
ENST00000832746.1	ENSG00000250910.9	MAP9-AS1
ENST00000832747.1	ENSG00000250910.9	MAP9-AS1
ENST00000509322.5	ENSG00000250062.6	MAPK10-AS1
ENST00000511917.1	ENSG00000250062.6	MAPK10-AS1
ENST00000757109.1	ENSG00000250062.6	MAPK10-AS1
ENST00000757110.1	ENSG00000250062.6	MAPK10-AS1
ENST00000502834.4	ENSG00000250981.4	MARCHF11-AS1
ENST00000693453.2	ENSG00000250981.4	MARCHF11-AS1
ENST00000757739.1	ENSG00000250981.4	MARCHF11-AS1
ENST00000757740.1	ENSG00000250981.4	MARCHF11-AS1
ENST00000757742.1	ENSG00000250981.4	MARCHF11-AS1
ENST00000509037.1	ENSG00000250448.2	MARCHF11-DT
ENST00000757949.1	ENSG00000250448.2	MARCHF11-DT
ENST00000757950.1	ENSG00000250448.2	MARCHF11-DT
ENST00000757951.1	ENSG00000250448.2	MARCHF11-DT
ENST00000757952.1	ENSG00000250448.2	MARCHF11-DT
ENST00000757953.1	ENSG00000250448.2	MARCHF11-DT
ENST00000757954.1	ENSG00000250448.2	MARCHF11-DT
ENST00000757957.1	ENSG00000250448.2	MARCHF11-DT
ENST00000757960.1	ENSG00000250448.2	MARCHF11-DT
ENST00000757964.1	ENSG00000250448.2	MARCHF11-DT
ENST00000757966.1	ENSG00000250448.2	MARCHF11-DT
ENST00000452736.1	ENSG00000233581.1	MARCHF4-AS1
ENST00000414532.6	ENSG00000186056.12	MATN1-AS1
ENST00000414763.1	ENSG00000186056.12	MATN1-AS1
ENST00000443076.1	ENSG00000186056.12	MATN1-AS1
ENST00000454613.2	ENSG00000186056.12	MATN1-AS1
ENST00000649861.1	ENSG00000186056.12	MATN1-AS1
ENST00000702045.2	ENSG00000186056.12	MATN1-AS1
ENST00000471731.2	ENSG00000243368.2	MCCC1-AS1
ENST00000429761.2	ENSG00000228925.2	MCFD2-AS1
ENST00000477916.5	ENSG00000197880.11	MDS2
ENST00000436713.1	ENSG00000229431.2	MED8-AS1
ENST00000686069.3	ENSG00000229431.2	MED8-AS1
ENST00000752766.1	ENSG00000229431.2	MED8-AS1
ENST00000752767.1	ENSG00000229431.2	MED8-AS1
ENST00000752855.1	ENSG00000229431.2	MED8-AS1
ENST00000752856.1	ENSG00000229431.2	MED8-AS1
ENST00000752857.1	ENSG00000229431.2	MED8-AS1
ENST00000436742.5	ENSG00000237413.6	MGC27382
ENST00000823885.1	ENSG00000237413.6	MGC27382
ENST00000823886.1	ENSG00000237413.6	MGC27382
ENST00000721148.1	ENSG00000250328.8	MGC32805
ENST00000721149.1	ENSG00000250328.8	MGC32805
ENST00000721150.1	ENSG00000250328.8	MGC32805
ENST00000820613.1	ENSG00000238123.2	MID1IP1-AS1
ENST00000366437.8	ENSG00000230937.14	MIR205HG
ENST00000419143.1	ENSG00000230937.14	MIR205HG
ENST00000429156.7	ENSG00000230937.14	MIR205HG
ENST00000431096.7	ENSG00000230937.14	MIR205HG
ENST00000433108.1	ENSG00000230937.14	MIR205HG
ENST00000440276.2	ENSG00000230937.14	MIR205HG
ENST00000444286.2	ENSG00000230937.14	MIR205HG
ENST00000451937.7	ENSG00000230937.14	MIR205HG
ENST00000458250.7	ENSG00000230937.14	MIR205HG
ENST00000603283.5	ENSG00000230937.14	MIR205HG
ENST00000657184.3	ENSG00000230937.14	MIR205HG
ENST00000660261.1	ENSG00000230937.14	MIR205HG
ENST00000660782.1	ENSG00000230937.14	MIR205HG
ENST00000667171.2	ENSG00000230937.14	MIR205HG
ENST00000670788.2	ENSG00000230937.14	MIR205HG
ENST00000691439.2	ENSG00000230937.14	MIR205HG
ENST00000692388.2	ENSG00000230937.14	MIR205HG
ENST00000830927.1	ENSG00000230937.14	MIR205HG
ENST00000830928.1	ENSG00000230937.14	MIR205HG
ENST00000830929.1	ENSG00000230937.14	MIR205HG
ENST00000830930.1	ENSG00000230937.14	MIR205HG
ENST00000830931.1	ENSG00000230937.14	MIR205HG
ENST00000830932.1	ENSG00000230937.14	MIR205HG
ENST00000830933.1	ENSG00000230937.14	MIR205HG
ENST00000830934.1	ENSG00000230937.14	MIR205HG
ENST00000830935.1	ENSG00000230937.14	MIR205HG
ENST00000830936.1	ENSG00000230937.14	MIR205HG
ENST00000830937.1	ENSG00000230937.14	MIR205HG
ENST00000830938.1	ENSG00000230937.14	MIR205HG
ENST00000830939.1	ENSG00000230937.14	MIR205HG
ENST00000830940.1	ENSG00000230937.14	MIR205HG
ENST00000830941.1	ENSG00000230937.14	MIR205HG
ENST00000830942.1	ENSG00000230937.14	MIR205HG
ENST00000830943.1	ENSG00000230937.14	MIR205HG
ENST00000830944.1	ENSG00000230937.14	MIR205HG
ENST00000830945.1	ENSG00000230937.14	MIR205HG
ENST00000830946.1	ENSG00000230937.14	MIR205HG
ENST00000830947.1	ENSG00000230937.14	MIR205HG
ENST00000830948.1	ENSG00000230937.14	MIR205HG
ENST00000830949.1	ENSG00000230937.14	MIR205HG
ENST00000830950.1	ENSG00000230937.14	MIR205HG
ENST00000830951.1	ENSG00000230937.14	MIR205HG
ENST00000830952.1	ENSG00000230937.14	MIR205HG
ENST00000830953.1	ENSG00000230937.14	MIR205HG
ENST00000830954.1	ENSG00000230937.14	MIR205HG
ENST00000830955.1	ENSG00000230937.14	MIR205HG
ENST00000830956.1	ENSG00000230937.14	MIR205HG
ENST00000830957.1	ENSG00000230937.14	MIR205HG
ENST00000830958.1	ENSG00000230937.14	MIR205HG
ENST00000830959.1	ENSG00000230937.14	MIR205HG
ENST00000830960.1	ENSG00000230937.14	MIR205HG
ENST00000830961.1	ENSG00000230937.14	MIR205HG
ENST00000830962.1	ENSG00000230937.14	MIR205HG
ENST00000830963.1	ENSG00000230937.14	MIR205HG
ENST00000830964.1	ENSG00000230937.14	MIR205HG
ENST00000830965.1	ENSG00000230937.14	MIR205HG
ENST00000830966.1	ENSG00000230937.14	MIR205HG
ENST00000830967.1	ENSG00000230937.14	MIR205HG
ENST00000830968.1	ENSG00000230937.14	MIR205HG
ENST00000830969.1	ENSG00000230937.14	MIR205HG
ENST00000830970.1	ENSG00000230937.14	MIR205HG
ENST00000428151.2	ENSG00000224592.6	MIR3659HG
ENST00000432922.6	ENSG00000224592.6	MIR3659HG
ENST00000792356.1	ENSG00000224592.6	MIR3659HG
ENST00000792357.1	ENSG00000224592.6	MIR3659HG
ENST00000792358.1	ENSG00000224592.6	MIR3659HG
ENST00000792359.1	ENSG00000224592.6	MIR3659HG
ENST00000792360.1	ENSG00000224592.6	MIR3659HG
ENST00000792361.1	ENSG00000224592.6	MIR3659HG
ENST00000792362.1	ENSG00000224592.6	MIR3659HG
ENST00000792363.1	ENSG00000224592.6	MIR3659HG
ENST00000792364.1	ENSG00000224592.6	MIR3659HG
ENST00000792365.1	ENSG00000224592.6	MIR3659HG
ENST00000792366.1	ENSG00000224592.6	MIR3659HG
ENST00000792367.1	ENSG00000224592.6	MIR3659HG
ENST00000792368.1	ENSG00000224592.6	MIR3659HG
ENST00000792369.1	ENSG00000224592.6	MIR3659HG
ENST00000792370.1	ENSG00000224592.6	MIR3659HG
ENST00000412606.2	ENSG00000224184.8	MIR3681HG
ENST00000438292.5	ENSG00000224184.8	MIR3681HG
ENST00000449986.3	ENSG00000224184.8	MIR3681HG
ENST00000450916.2	ENSG00000224184.8	MIR3681HG
ENST00000451644.6	ENSG00000224184.8	MIR3681HG
ENST00000653212.1	ENSG00000224184.8	MIR3681HG
ENST00000653484.1	ENSG00000224184.8	MIR3681HG
ENST00000654108.1	ENSG00000224184.8	MIR3681HG
ENST00000665021.1	ENSG00000224184.8	MIR3681HG
ENST00000665111.2	ENSG00000224184.8	MIR3681HG
ENST00000701891.2	ENSG00000224184.8	MIR3681HG
ENST00000702500.1	ENSG00000224184.8	MIR3681HG
ENST00000824630.1	ENSG00000224184.8	MIR3681HG
ENST00000824631.1	ENSG00000224184.8	MIR3681HG
ENST00000824632.1	ENSG00000224184.8	MIR3681HG
ENST00000824633.1	ENSG00000224184.8	MIR3681HG
ENST00000824634.1	ENSG00000224184.8	MIR3681HG
ENST00000824635.1	ENSG00000224184.8	MIR3681HG
ENST00000824636.1	ENSG00000224184.8	MIR3681HG
ENST00000824637.1	ENSG00000224184.8	MIR3681HG
ENST00000824638.1	ENSG00000224184.8	MIR3681HG
ENST00000840287.1	ENSG00000224184.8	MIR3681HG
ENST00000840289.1	ENSG00000224184.8	MIR3681HG
ENST00000840290.1	ENSG00000224184.8	MIR3681HG
ENST00000840291.1	ENSG00000224184.8	MIR3681HG
ENST00000840292.1	ENSG00000224184.8	MIR3681HG
ENST00000840293.1	ENSG00000224184.8	MIR3681HG
ENST00000840294.1	ENSG00000224184.8	MIR3681HG
ENST00000840296.1	ENSG00000224184.8	MIR3681HG
ENST00000840297.1	ENSG00000224184.8	MIR3681HG
ENST00000840299.1	ENSG00000224184.8	MIR3681HG
ENST00000840300.1	ENSG00000224184.8	MIR3681HG
ENST00000840301.1	ENSG00000224184.8	MIR3681HG
ENST00000840302.1	ENSG00000224184.8	MIR3681HG
ENST00000840303.1	ENSG00000224184.8	MIR3681HG
ENST00000840304.1	ENSG00000224184.8	MIR3681HG
ENST00000840305.1	ENSG00000224184.8	MIR3681HG
ENST00000840306.1	ENSG00000224184.8	MIR3681HG
ENST00000840307.1	ENSG00000224184.8	MIR3681HG
ENST00000840308.1	ENSG00000224184.8	MIR3681HG
ENST00000840309.1	ENSG00000224184.8	MIR3681HG
ENST00000842234.1	ENSG00000224184.8	MIR3681HG
ENST00000842235.1	ENSG00000224184.8	MIR3681HG
ENST00000655245.1	ENSG00000233828.6	MIR4280HG
ENST00000662995.1	ENSG00000233828.6	MIR4280HG
ENST00000666497.1	ENSG00000233828.6	MIR4280HG
ENST00000748825.1	ENSG00000233828.6	MIR4280HG
ENST00000748826.1	ENSG00000233828.6	MIR4280HG
ENST00000748832.1	ENSG00000233828.6	MIR4280HG
ENST00000748833.1	ENSG00000233828.6	MIR4280HG
ENST00000748835.1	ENSG00000233828.6	MIR4280HG
ENST00000748836.1	ENSG00000233828.6	MIR4280HG
ENST00000748837.1	ENSG00000233828.6	MIR4280HG
ENST00000748838.1	ENSG00000233828.6	MIR4280HG
ENST00000451250.1	ENSG00000231090.2	MIR4422HG
ENST00000643232.1	ENSG00000231090.2	MIR4422HG
ENST00000371162.4	ENSG00000172965.18	MIR4435-2HG
ENST00000409569.3	ENSG00000172965.18	MIR4435-2HG
ENST00000431385.6	ENSG00000172965.18	MIR4435-2HG
ENST00000439362.6	ENSG00000172965.18	MIR4435-2HG
ENST00000442293.5	ENSG00000172965.18	MIR4435-2HG
ENST00000443467.6	ENSG00000172965.18	MIR4435-2HG
ENST00000444301.6	ENSG00000172965.18	MIR4435-2HG
ENST00000451884.6	ENSG00000172965.18	MIR4435-2HG
ENST00000603827.1	ENSG00000172965.18	MIR4435-2HG
ENST00000605570.1	ENSG00000172965.18	MIR4435-2HG
ENST00000609220.3	ENSG00000172965.18	MIR4435-2HG
ENST00000609902.7	ENSG00000172965.18	MIR4435-2HG
ENST00000622940.1	ENSG00000172965.18	MIR4435-2HG
ENST00000642191.1	ENSG00000172965.18	MIR4435-2HG
ENST00000643013.2	ENSG00000172965.18	MIR4435-2HG
ENST00000643766.1	ENSG00000172965.18	MIR4435-2HG
ENST00000645051.2	ENSG00000172965.18	MIR4435-2HG
ENST00000653568.1	ENSG00000172965.18	MIR4435-2HG
ENST00000653687.1	ENSG00000172965.18	MIR4435-2HG
ENST00000654473.2	ENSG00000172965.18	MIR4435-2HG
ENST00000655573.1	ENSG00000172965.18	MIR4435-2HG
ENST00000656067.1	ENSG00000172965.18	MIR4435-2HG
ENST00000656303.1	ENSG00000172965.18	MIR4435-2HG
ENST00000656416.1	ENSG00000172965.18	MIR4435-2HG
ENST00000656760.2	ENSG00000172965.18	MIR4435-2HG
ENST00000658936.1	ENSG00000172965.18	MIR4435-2HG
ENST00000659079.1	ENSG00000172965.18	MIR4435-2HG
ENST00000659458.1	ENSG00000172965.18	MIR4435-2HG
ENST00000659791.1	ENSG00000172965.18	MIR4435-2HG
ENST00000659806.1	ENSG00000172965.18	MIR4435-2HG
ENST00000659933.1	ENSG00000172965.18	MIR4435-2HG
ENST00000660442.1	ENSG00000172965.18	MIR4435-2HG
ENST00000661559.1	ENSG00000172965.18	MIR4435-2HG
ENST00000661655.1	ENSG00000172965.18	MIR4435-2HG
ENST00000661707.1	ENSG00000172965.18	MIR4435-2HG
ENST00000661945.1	ENSG00000172965.18	MIR4435-2HG
ENST00000662335.1	ENSG00000172965.18	MIR4435-2HG
ENST00000662384.1	ENSG00000172965.18	MIR4435-2HG
ENST00000662635.1	ENSG00000172965.18	MIR4435-2HG
ENST00000662889.1	ENSG00000172965.18	MIR4435-2HG
ENST00000664009.1	ENSG00000172965.18	MIR4435-2HG
ENST00000664443.1	ENSG00000172965.18	MIR4435-2HG
ENST00000664498.1	ENSG00000172965.18	MIR4435-2HG
ENST00000664999.1	ENSG00000172965.18	MIR4435-2HG
ENST00000665096.1	ENSG00000172965.18	MIR4435-2HG
ENST00000666144.1	ENSG00000172965.18	MIR4435-2HG
ENST00000666204.2	ENSG00000172965.18	MIR4435-2HG
ENST00000666367.1	ENSG00000172965.18	MIR4435-2HG
ENST00000666390.1	ENSG00000172965.18	MIR4435-2HG
ENST00000666652.1	ENSG00000172965.18	MIR4435-2HG
ENST00000666683.1	ENSG00000172965.18	MIR4435-2HG
ENST00000667218.1	ENSG00000172965.18	MIR4435-2HG
ENST00000669050.1	ENSG00000172965.18	MIR4435-2HG
ENST00000669515.2	ENSG00000172965.18	MIR4435-2HG
ENST00000669658.1	ENSG00000172965.18	MIR4435-2HG
ENST00000669875.1	ENSG00000172965.18	MIR4435-2HG
ENST00000669917.2	ENSG00000172965.18	MIR4435-2HG
ENST00000670295.1	ENSG00000172965.18	MIR4435-2HG
ENST00000670715.1	ENSG00000172965.18	MIR4435-2HG
ENST00000673649.2	ENSG00000172965.18	MIR4435-2HG
ENST00000673668.1	ENSG00000172965.18	MIR4435-2HG
ENST00000673700.1	ENSG00000172965.18	MIR4435-2HG
ENST00000673728.1	ENSG00000172965.18	MIR4435-2HG
ENST00000673756.1	ENSG00000172965.18	MIR4435-2HG
ENST00000673770.1	ENSG00000172965.18	MIR4435-2HG
ENST00000673775.2	ENSG00000172965.18	MIR4435-2HG
ENST00000673798.1	ENSG00000172965.18	MIR4435-2HG
ENST00000673809.1	ENSG00000172965.18	MIR4435-2HG
ENST00000673843.1	ENSG00000172965.18	MIR4435-2HG
ENST00000673845.1	ENSG00000172965.18	MIR4435-2HG
ENST00000673866.1	ENSG00000172965.18	MIR4435-2HG
ENST00000673959.1	ENSG00000172965.18	MIR4435-2HG
ENST00000673960.1	ENSG00000172965.18	MIR4435-2HG
ENST00000673961.1	ENSG00000172965.18	MIR4435-2HG
ENST00000673962.1	ENSG00000172965.18	MIR4435-2HG
ENST00000673964.1	ENSG00000172965.18	MIR4435-2HG
ENST00000673988.1	ENSG00000172965.18	MIR4435-2HG
ENST00000674013.1	ENSG00000172965.18	MIR4435-2HG
ENST00000674045.2	ENSG00000172965.18	MIR4435-2HG
ENST00000674070.1	ENSG00000172965.18	MIR4435-2HG
ENST00000674092.1	ENSG00000172965.18	MIR4435-2HG
ENST00000674132.1	ENSG00000172965.18	MIR4435-2HG
ENST00000727421.1	ENSG00000172965.18	MIR4435-2HG
ENST00000727422.1	ENSG00000172965.18	MIR4435-2HG
ENST00000727423.1	ENSG00000172965.18	MIR4435-2HG
ENST00000727424.1	ENSG00000172965.18	MIR4435-2HG
ENST00000727425.1	ENSG00000172965.18	MIR4435-2HG
ENST00000727426.1	ENSG00000172965.18	MIR4435-2HG
ENST00000727427.1	ENSG00000172965.18	MIR4435-2HG
ENST00000727428.1	ENSG00000172965.18	MIR4435-2HG
ENST00000727432.1	ENSG00000172965.18	MIR4435-2HG
ENST00000727433.1	ENSG00000172965.18	MIR4435-2HG
ENST00000727434.1	ENSG00000172965.18	MIR4435-2HG
ENST00000727435.1	ENSG00000172965.18	MIR4435-2HG
ENST00000727436.1	ENSG00000172965.18	MIR4435-2HG
ENST00000727437.1	ENSG00000172965.18	MIR4435-2HG
ENST00000727438.1	ENSG00000172965.18	MIR4435-2HG
ENST00000727439.1	ENSG00000172965.18	MIR4435-2HG
ENST00000727440.1	ENSG00000172965.18	MIR4435-2HG
ENST00000727441.1	ENSG00000172965.18	MIR4435-2HG
ENST00000727442.1	ENSG00000172965.18	MIR4435-2HG
ENST00000727443.1	ENSG00000172965.18	MIR4435-2HG
ENST00000727445.1	ENSG00000172965.18	MIR4435-2HG
ENST00000727446.1	ENSG00000172965.18	MIR4435-2HG
ENST00000727447.1	ENSG00000172965.18	MIR4435-2HG
ENST00000727449.1	ENSG00000172965.18	MIR4435-2HG
ENST00000727453.1	ENSG00000172965.18	MIR4435-2HG
ENST00000727455.1	ENSG00000172965.18	MIR4435-2HG
ENST00000727456.1	ENSG00000172965.18	MIR4435-2HG
ENST00000727459.1	ENSG00000172965.18	MIR4435-2HG
ENST00000727460.1	ENSG00000172965.18	MIR4435-2HG
ENST00000727461.1	ENSG00000172965.18	MIR4435-2HG
ENST00000727462.1	ENSG00000172965.18	MIR4435-2HG
ENST00000727463.1	ENSG00000172965.18	MIR4435-2HG
ENST00000727464.1	ENSG00000172965.18	MIR4435-2HG
ENST00000727465.1	ENSG00000172965.18	MIR4435-2HG
ENST00000604157.2	ENSG00000268471.7	MIR4453HG
ENST00000605918.1	ENSG00000247516.9	MIR4458HG
ENST00000652260.1	ENSG00000247516.9	MIR4458HG
ENST00000660398.1	ENSG00000247516.9	MIR4458HG
ENST00000667556.1	ENSG00000247516.9	MIR4458HG
ENST00000669529.1	ENSG00000247516.9	MIR4458HG
ENST00000669539.1	ENSG00000247516.9	MIR4458HG
ENST00000669566.1	ENSG00000247516.9	MIR4458HG
ENST00000721170.1	ENSG00000247516.9	MIR4458HG
ENST00000500197.6	ENSG00000245526.14	MIR9-2HG
ENST00000502301.6	ENSG00000245526.14	MIR9-2HG
ENST00000504034.3	ENSG00000245526.14	MIR9-2HG
ENST00000504246.6	ENSG00000245526.14	MIR9-2HG
ENST00000505030.6	ENSG00000245526.14	MIR9-2HG
ENST00000506014.6	ENSG00000245526.14	MIR9-2HG
ENST00000506041.2	ENSG00000245526.14	MIR9-2HG
ENST00000506664.8	ENSG00000245526.14	MIR9-2HG
ENST00000506978.5	ENSG00000245526.14	MIR9-2HG
ENST00000508885.7	ENSG00000245526.14	MIR9-2HG
ENST00000509265.2	ENSG00000245526.14	MIR9-2HG
ENST00000509405.7	ENSG00000245526.14	MIR9-2HG
ENST00000509783.6	ENSG00000245526.14	MIR9-2HG
ENST00000511014.8	ENSG00000245526.14	MIR9-2HG
ENST00000513026.7	ENSG00000245526.14	MIR9-2HG
ENST00000513805.7	ENSG00000245526.14	MIR9-2HG
ENST00000513893.6	ENSG00000245526.14	MIR9-2HG
ENST00000515885.6	ENSG00000245526.14	MIR9-2HG
ENST00000606189.1	ENSG00000245526.14	MIR9-2HG
ENST00000652822.2	ENSG00000245526.14	MIR9-2HG
ENST00000655936.2	ENSG00000245526.14	MIR9-2HG
ENST00000656755.2	ENSG00000245526.14	MIR9-2HG
ENST00000658935.2	ENSG00000245526.14	MIR9-2HG
ENST00000659156.2	ENSG00000245526.14	MIR9-2HG
ENST00000661688.1	ENSG00000245526.14	MIR9-2HG
ENST00000662060.1	ENSG00000245526.14	MIR9-2HG
ENST00000662146.1	ENSG00000245526.14	MIR9-2HG
ENST00000662192.1	ENSG00000245526.14	MIR9-2HG
ENST00000663276.2	ENSG00000245526.14	MIR9-2HG
ENST00000663994.2	ENSG00000245526.14	MIR9-2HG
ENST00000664240.2	ENSG00000245526.14	MIR9-2HG
ENST00000665062.2	ENSG00000245526.14	MIR9-2HG
ENST00000665865.2	ENSG00000245526.14	MIR9-2HG
ENST00000666195.1	ENSG00000245526.14	MIR9-2HG
ENST00000666297.2	ENSG00000245526.14	MIR9-2HG
ENST00000666342.1	ENSG00000245526.14	MIR9-2HG
ENST00000668089.2	ENSG00000245526.14	MIR9-2HG
ENST00000669424.1	ENSG00000245526.14	MIR9-2HG
ENST00000670494.2	ENSG00000245526.14	MIR9-2HG
ENST00000671230.1	ENSG00000245526.14	MIR9-2HG
ENST00000687262.2	ENSG00000245526.14	MIR9-2HG
ENST00000689967.2	ENSG00000245526.14	MIR9-2HG
ENST00000692551.2	ENSG00000245526.14	MIR9-2HG
ENST00000692902.2	ENSG00000245526.14	MIR9-2HG
ENST00000700760.1	ENSG00000245526.14	MIR9-2HG
ENST00000701425.2	ENSG00000245526.14	MIR9-2HG
ENST00000701556.2	ENSG00000245526.14	MIR9-2HG
ENST00000702076.2	ENSG00000245526.14	MIR9-2HG
ENST00000715786.1	ENSG00000245526.14	MIR9-2HG
ENST00000787068.1	ENSG00000245526.14	MIR9-2HG
ENST00000787069.1	ENSG00000245526.14	MIR9-2HG
ENST00000787070.1	ENSG00000245526.14	MIR9-2HG
ENST00000787072.1	ENSG00000245526.14	MIR9-2HG
ENST00000787073.1	ENSG00000245526.14	MIR9-2HG
ENST00000787074.1	ENSG00000245526.14	MIR9-2HG
ENST00000787075.1	ENSG00000245526.14	MIR9-2HG
ENST00000787076.1	ENSG00000245526.14	MIR9-2HG
ENST00000787077.1	ENSG00000245526.14	MIR9-2HG
ENST00000787078.1	ENSG00000245526.14	MIR9-2HG
ENST00000787079.1	ENSG00000245526.14	MIR9-2HG
ENST00000787080.1	ENSG00000245526.14	MIR9-2HG
ENST00000787081.1	ENSG00000245526.14	MIR9-2HG
ENST00000787082.1	ENSG00000245526.14	MIR9-2HG
ENST00000787083.1	ENSG00000245526.14	MIR9-2HG
ENST00000787084.1	ENSG00000245526.14	MIR9-2HG
ENST00000787085.1	ENSG00000245526.14	MIR9-2HG
ENST00000787086.1	ENSG00000245526.14	MIR9-2HG
ENST00000787087.1	ENSG00000245526.14	MIR9-2HG
ENST00000787088.1	ENSG00000245526.14	MIR9-2HG
ENST00000787089.1	ENSG00000245526.14	MIR9-2HG
ENST00000787090.1	ENSG00000245526.14	MIR9-2HG
ENST00000787091.1	ENSG00000245526.14	MIR9-2HG
ENST00000787092.1	ENSG00000245526.14	MIR9-2HG
ENST00000787093.1	ENSG00000245526.14	MIR9-2HG
ENST00000787094.1	ENSG00000245526.14	MIR9-2HG
ENST00000787095.1	ENSG00000245526.14	MIR9-2HG
ENST00000787096.1	ENSG00000245526.14	MIR9-2HG
ENST00000787097.1	ENSG00000245526.14	MIR9-2HG
ENST00000787098.1	ENSG00000245526.14	MIR9-2HG
ENST00000787099.1	ENSG00000245526.14	MIR9-2HG
ENST00000787100.1	ENSG00000245526.14	MIR9-2HG
ENST00000787101.1	ENSG00000245526.14	MIR9-2HG
ENST00000787102.1	ENSG00000245526.14	MIR9-2HG
ENST00000787103.1	ENSG00000245526.14	MIR9-2HG
ENST00000787104.1	ENSG00000245526.14	MIR9-2HG
ENST00000787106.1	ENSG00000245526.14	MIR9-2HG
ENST00000787108.1	ENSG00000245526.14	MIR9-2HG
ENST00000787110.1	ENSG00000245526.14	MIR9-2HG
ENST00000787111.1	ENSG00000245526.14	MIR9-2HG
ENST00000787113.1	ENSG00000245526.14	MIR9-2HG
ENST00000787114.1	ENSG00000245526.14	MIR9-2HG
ENST00000787115.1	ENSG00000245526.14	MIR9-2HG
ENST00000787116.1	ENSG00000245526.14	MIR9-2HG
ENST00000787117.1	ENSG00000245526.14	MIR9-2HG
ENST00000787118.1	ENSG00000245526.14	MIR9-2HG
ENST00000787119.1	ENSG00000245526.14	MIR9-2HG
ENST00000602433.1	ENSG00000269956.3	MKNK1-AS1
ENST00000657773.1	ENSG00000269956.3	MKNK1-AS1
ENST00000655697.1	ENSG00000231969.5	MMADHC-DT
ENST00000657556.1	ENSG00000231969.5	MMADHC-DT
ENST00000687950.1	ENSG00000231969.5	MMADHC-DT
ENST00000702116.2	ENSG00000231969.5	MMADHC-DT
ENST00000790974.1	ENSG00000231969.5	MMADHC-DT
ENST00000790975.1	ENSG00000231969.5	MMADHC-DT
ENST00000790976.1	ENSG00000231969.5	MMADHC-DT
ENST00000790977.1	ENSG00000231969.5	MMADHC-DT
ENST00000790978.1	ENSG00000231969.5	MMADHC-DT
ENST00000790979.1	ENSG00000231969.5	MMADHC-DT
ENST00000790980.1	ENSG00000231969.5	MMADHC-DT
ENST00000790981.1	ENSG00000231969.5	MMADHC-DT
ENST00000723526.1	ENSG00000237058.2	MMEL1-AS1
ENST00000723527.1	ENSG00000237058.2	MMEL1-AS1
ENST00000723528.1	ENSG00000237058.2	MMEL1-AS1
ENST00000723529.1	ENSG00000237058.2	MMEL1-AS1
ENST00000723530.1	ENSG00000237058.2	MMEL1-AS1
ENST00000723531.1	ENSG00000237058.2	MMEL1-AS1
ENST00000723532.1	ENSG00000237058.2	MMEL1-AS1
ENST00000480826.1	ENSG00000239314.2	MORC1-AS1
ENST00000607307.1	ENSG00000272455.1	MRPL20-DT
ENST00000503179.6	ENSG00000251141.7	MRPS30-DT
ENST00000503452.6	ENSG00000251141.7	MRPS30-DT
ENST00000505302.2	ENSG00000251141.7	MRPS30-DT
ENST00000505401.2	ENSG00000251141.7	MRPS30-DT
ENST00000505637.2	ENSG00000251141.7	MRPS30-DT
ENST00000505706.1	ENSG00000251141.7	MRPS30-DT
ENST00000514597.5	ENSG00000251141.7	MRPS30-DT
ENST00000656315.1	ENSG00000251141.7	MRPS30-DT
ENST00000659161.1	ENSG00000251141.7	MRPS30-DT
ENST00000671607.2	ENSG00000251141.7	MRPS30-DT
ENST00000715752.1	ENSG00000251141.7	MRPS30-DT
ENST00000715753.1	ENSG00000251141.7	MRPS30-DT
ENST00000807629.1	ENSG00000251141.7	MRPS30-DT
ENST00000807630.1	ENSG00000251141.7	MRPS30-DT
ENST00000807631.1	ENSG00000251141.7	MRPS30-DT
ENST00000807632.1	ENSG00000251141.7	MRPS30-DT
ENST00000807633.1	ENSG00000251141.7	MRPS30-DT
ENST00000807634.1	ENSG00000251141.7	MRPS30-DT
ENST00000807635.1	ENSG00000251141.7	MRPS30-DT
ENST00000807636.1	ENSG00000251141.7	MRPS30-DT
ENST00000807637.1	ENSG00000251141.7	MRPS30-DT
ENST00000807638.1	ENSG00000251141.7	MRPS30-DT
ENST00000807639.1	ENSG00000251141.7	MRPS30-DT
ENST00000807640.1	ENSG00000251141.7	MRPS30-DT
ENST00000807641.1	ENSG00000251141.7	MRPS30-DT
ENST00000807642.1	ENSG00000251141.7	MRPS30-DT
ENST00000807643.1	ENSG00000251141.7	MRPS30-DT
ENST00000807644.1	ENSG00000251141.7	MRPS30-DT
ENST00000850656.1	ENSG00000251141.7	MRPS30-DT
ENST00000435331.3	ENSG00000235760.5	MSH2-OT1
ENST00000439182.3	ENSG00000235760.5	MSH2-OT1
ENST00000648301.1	ENSG00000235760.5	MSH2-OT1
ENST00000420480.1	ENSG00000225602.5	MTOR-AS1
ENST00000445982.5	ENSG00000225602.5	MTOR-AS1
ENST00000420851.6	ENSG00000242086.9	MUC20-OT1
ENST00000445707.3	ENSG00000242086.9	MUC20-OT1
ENST00000455807.2	ENSG00000242086.9	MUC20-OT1
ENST00000593988.2	ENSG00000242086.9	MUC20-OT1
ENST00000594101.3	ENSG00000242086.9	MUC20-OT1
ENST00000595086.5	ENSG00000242086.9	MUC20-OT1
ENST00000596584.4	ENSG00000242086.9	MUC20-OT1
ENST00000597482.6	ENSG00000242086.9	MUC20-OT1
ENST00000599448.5	ENSG00000242086.9	MUC20-OT1
ENST00000599566.5	ENSG00000242086.9	MUC20-OT1
ENST00000600197.1	ENSG00000242086.9	MUC20-OT1
ENST00000601955.5	ENSG00000242086.9	MUC20-OT1
ENST00000608737.3	ENSG00000242086.9	MUC20-OT1
ENST00000615493.5	ENSG00000242086.9	MUC20-OT1
ENST00000625217.2	ENSG00000281794.2	MUC20-OT1
ENST00000625270.1	ENSG00000280512.2	MUC20-OT1
ENST00000625308.2	ENSG00000281794.2	MUC20-OT1
ENST00000625318.1	ENSG00000280993.2	MUC20-OT1
ENST00000625336.2	ENSG00000280993.2	MUC20-OT1
ENST00000625338.1	ENSG00000242086.9	MUC20-OT1
ENST00000625341.2	ENSG00000280993.2	MUC20-OT1
ENST00000625351.1	ENSG00000281794.2	MUC20-OT1
ENST00000625372.2	ENSG00000280993.2	MUC20-OT1
ENST00000625374.1	ENSG00000281915.2	MUC20-OT1
ENST00000625387.2	ENSG00000281794.2	MUC20-OT1
ENST00000625399.2	ENSG00000281915.2	MUC20-OT1
ENST00000625413.1	ENSG00000281915.2	MUC20-OT1
ENST00000625435.1	ENSG00000281794.2	MUC20-OT1
ENST00000625446.1	ENSG00000281060.2	MUC20-OT1
ENST00000625488.1	ENSG00000281060.2	MUC20-OT1
ENST00000625527.2	ENSG00000280512.2	MUC20-OT1
ENST00000625531.2	ENSG00000242086.9	MUC20-OT1
ENST00000625532.2	ENSG00000281915.2	MUC20-OT1
ENST00000625588.2	ENSG00000280993.2	MUC20-OT1
ENST00000625607.2	ENSG00000281915.2	MUC20-OT1
ENST00000625611.2	ENSG00000281603.2	MUC20-OT1
ENST00000625616.2	ENSG00000281794.2	MUC20-OT1
ENST00000625665.1	ENSG00000242086.9	MUC20-OT1
ENST00000625678.1	ENSG00000280512.2	MUC20-OT1
ENST00000625704.2	ENSG00000281915.2	MUC20-OT1
ENST00000625711.2	ENSG00000280993.2	MUC20-OT1
ENST00000625729.1	ENSG00000281915.2	MUC20-OT1
ENST00000625738.1	ENSG00000281915.2	MUC20-OT1
ENST00000625742.1	ENSG00000280993.2	MUC20-OT1
ENST00000625751.2	ENSG00000281060.2	MUC20-OT1
ENST00000625768.1	ENSG00000280512.2	MUC20-OT1
ENST00000625773.1	ENSG00000281603.2	MUC20-OT1
ENST00000625814.2	ENSG00000281794.2	MUC20-OT1
ENST00000625827.1	ENSG00000281794.2	MUC20-OT1
ENST00000625828.1	ENSG00000281060.2	MUC20-OT1
ENST00000625890.1	ENSG00000280512.2	MUC20-OT1
ENST00000625907.1	ENSG00000281603.2	MUC20-OT1
ENST00000625913.2	ENSG00000280512.2	MUC20-OT1
ENST00000625931.1	ENSG00000280512.2	MUC20-OT1
ENST00000625932.2	ENSG00000281794.2	MUC20-OT1
ENST00000625933.2	ENSG00000281060.2	MUC20-OT1
ENST00000625966.1	ENSG00000281603.2	MUC20-OT1
ENST00000625981.1	ENSG00000281794.2	MUC20-OT1
ENST00000626010.1	ENSG00000281603.2	MUC20-OT1
ENST00000626020.2	ENSG00000281915.2	MUC20-OT1
ENST00000626037.2	ENSG00000280512.2	MUC20-OT1
ENST00000626039.1	ENSG00000280993.2	MUC20-OT1
ENST00000626060.2	ENSG00000281060.2	MUC20-OT1
ENST00000626077.2	ENSG00000281603.2	MUC20-OT1
ENST00000626081.2	ENSG00000281603.2	MUC20-OT1
ENST00000626093.1	ENSG00000242086.9	MUC20-OT1
ENST00000626102.2	ENSG00000281603.2	MUC20-OT1
ENST00000626110.2	ENSG00000281794.2	MUC20-OT1
ENST00000626116.2	ENSG00000280993.2	MUC20-OT1
ENST00000626156.1	ENSG00000242086.9	MUC20-OT1
ENST00000626173.1	ENSG00000281794.2	MUC20-OT1
ENST00000626211.2	ENSG00000281060.2	MUC20-OT1
ENST00000626220.2	ENSG00000242086.9	MUC20-OT1
ENST00000626229.2	ENSG00000281915.2	MUC20-OT1
ENST00000626244.2	ENSG00000281915.2	MUC20-OT1
ENST00000626252.2	ENSG00000281603.2	MUC20-OT1
ENST00000626272.2	ENSG00000281060.2	MUC20-OT1
ENST00000626287.2	ENSG00000280993.2	MUC20-OT1
ENST00000626316.2	ENSG00000281060.2	MUC20-OT1
ENST00000626341.2	ENSG00000281794.2	MUC20-OT1
ENST00000626366.2	ENSG00000280512.2	MUC20-OT1
ENST00000626410.2	ENSG00000281794.2	MUC20-OT1
ENST00000626436.2	ENSG00000281060.2	MUC20-OT1
ENST00000626460.2	ENSG00000280993.2	MUC20-OT1
ENST00000626475.2	ENSG00000281603.2	MUC20-OT1
ENST00000626506.2	ENSG00000280512.2	MUC20-OT1
ENST00000626508.2	ENSG00000281603.2	MUC20-OT1
ENST00000626516.1	ENSG00000281915.2	MUC20-OT1
ENST00000626566.2	ENSG00000242086.9	MUC20-OT1
ENST00000626617.2	ENSG00000242086.9	MUC20-OT1
ENST00000626628.2	ENSG00000281060.2	MUC20-OT1
ENST00000626629.1	ENSG00000281794.2	MUC20-OT1
ENST00000626642.2	ENSG00000281060.2	MUC20-OT1
ENST00000626677.1	ENSG00000242086.9	MUC20-OT1
ENST00000626685.1	ENSG00000281060.2	MUC20-OT1
ENST00000626752.2	ENSG00000281794.2	MUC20-OT1
ENST00000626760.2	ENSG00000280512.2	MUC20-OT1
ENST00000626788.2	ENSG00000281060.2	MUC20-OT1
ENST00000626791.2	ENSG00000281915.2	MUC20-OT1
ENST00000626795.2	ENSG00000281603.2	MUC20-OT1
ENST00000626852.2	ENSG00000242086.9	MUC20-OT1
ENST00000626870.2	ENSG00000242086.9	MUC20-OT1
ENST00000626893.2	ENSG00000280512.2	MUC20-OT1
ENST00000626910.2	ENSG00000280993.2	MUC20-OT1
ENST00000626915.2	ENSG00000281603.2	MUC20-OT1
ENST00000626922.2	ENSG00000281794.2	MUC20-OT1
ENST00000626991.2	ENSG00000281794.2	MUC20-OT1
ENST00000626998.2	ENSG00000281060.2	MUC20-OT1
ENST00000627001.1	ENSG00000281603.2	MUC20-OT1
ENST00000627046.2	ENSG00000280512.2	MUC20-OT1
ENST00000627070.2	ENSG00000281060.2	MUC20-OT1
ENST00000627117.1	ENSG00000281603.2	MUC20-OT1
ENST00000627159.2	ENSG00000280993.2	MUC20-OT1
ENST00000627164.2	ENSG00000280512.2	MUC20-OT1
ENST00000627166.2	ENSG00000281603.2	MUC20-OT1
ENST00000627187.1	ENSG00000281915.2	MUC20-OT1
ENST00000627208.2	ENSG00000281915.2	MUC20-OT1
ENST00000627263.2	ENSG00000281060.2	MUC20-OT1
ENST00000627297.2	ENSG00000242086.9	MUC20-OT1
ENST00000627308.2	ENSG00000281603.2	MUC20-OT1
ENST00000627350.2	ENSG00000281915.2	MUC20-OT1
ENST00000627354.2	ENSG00000280993.2	MUC20-OT1
ENST00000627405.2	ENSG00000280993.2	MUC20-OT1
ENST00000627427.1	ENSG00000281603.2	MUC20-OT1
ENST00000627429.2	ENSG00000280993.2	MUC20-OT1
ENST00000627443.2	ENSG00000280993.2	MUC20-OT1
ENST00000627444.2	ENSG00000281603.2	MUC20-OT1
ENST00000627471.2	ENSG00000242086.9	MUC20-OT1
ENST00000627485.1	ENSG00000281915.2	MUC20-OT1
ENST00000627486.2	ENSG00000281915.2	MUC20-OT1
ENST00000627524.1	ENSG00000281060.2	MUC20-OT1
ENST00000627562.2	ENSG00000242086.9	MUC20-OT1
ENST00000627573.2	ENSG00000281060.2	MUC20-OT1
ENST00000627580.2	ENSG00000281915.2	MUC20-OT1
ENST00000627624.1	ENSG00000280512.2	MUC20-OT1
ENST00000627650.2	ENSG00000280993.2	MUC20-OT1
ENST00000627704.1	ENSG00000281060.2	MUC20-OT1
ENST00000627708.1	ENSG00000281060.2	MUC20-OT1
ENST00000627718.3	ENSG00000242086.9	MUC20-OT1
ENST00000627732.2	ENSG00000281794.2	MUC20-OT1
ENST00000627742.2	ENSG00000281915.2	MUC20-OT1
ENST00000627788.1	ENSG00000281794.2	MUC20-OT1
ENST00000627801.1	ENSG00000280512.2	MUC20-OT1
ENST00000627822.2	ENSG00000280512.2	MUC20-OT1
ENST00000627833.1	ENSG00000280512.2	MUC20-OT1
ENST00000627850.2	ENSG00000280512.2	MUC20-OT1
ENST00000627860.2	ENSG00000281060.2	MUC20-OT1
ENST00000627861.2	ENSG00000281915.2	MUC20-OT1
ENST00000627870.1	ENSG00000281915.2	MUC20-OT1
ENST00000627898.2	ENSG00000281060.2	MUC20-OT1
ENST00000627928.2	ENSG00000280512.2	MUC20-OT1
ENST00000627936.2	ENSG00000281603.2	MUC20-OT1
ENST00000627973.2	ENSG00000280512.2	MUC20-OT1
ENST00000627993.2	ENSG00000242086.9	MUC20-OT1
ENST00000628014.2	ENSG00000281794.2	MUC20-OT1
ENST00000628034.2	ENSG00000281794.2	MUC20-OT1
ENST00000628066.1	ENSG00000281060.2	MUC20-OT1
ENST00000628070.2	ENSG00000281603.2	MUC20-OT1
ENST00000628074.2	ENSG00000280512.2	MUC20-OT1
ENST00000628114.1	ENSG00000281603.2	MUC20-OT1
ENST00000628125.2	ENSG00000242086.9	MUC20-OT1
ENST00000628137.2	ENSG00000280512.2	MUC20-OT1
ENST00000628162.2	ENSG00000281915.2	MUC20-OT1
ENST00000628170.1	ENSG00000280512.2	MUC20-OT1
ENST00000628184.1	ENSG00000281060.2	MUC20-OT1
ENST00000628191.2	ENSG00000281794.2	MUC20-OT1
ENST00000628206.2	ENSG00000281603.2	MUC20-OT1
ENST00000628208.2	ENSG00000281915.2	MUC20-OT1
ENST00000628218.2	ENSG00000281915.2	MUC20-OT1
ENST00000628230.2	ENSG00000280512.2	MUC20-OT1
ENST00000628265.2	ENSG00000281603.2	MUC20-OT1
ENST00000628290.2	ENSG00000281915.2	MUC20-OT1
ENST00000628312.2	ENSG00000281603.2	MUC20-OT1
ENST00000628316.2	ENSG00000281603.2	MUC20-OT1
ENST00000628321.2	ENSG00000280993.2	MUC20-OT1
ENST00000628323.2	ENSG00000280993.2	MUC20-OT1
ENST00000628387.2	ENSG00000281603.2	MUC20-OT1
ENST00000628390.2	ENSG00000281794.2	MUC20-OT1
ENST00000628439.2	ENSG00000242086.9	MUC20-OT1
ENST00000628447.2	ENSG00000281603.2	MUC20-OT1
ENST00000628533.1	ENSG00000280512.2	MUC20-OT1
ENST00000628548.2	ENSG00000281060.2	MUC20-OT1
ENST00000628574.2	ENSG00000280993.2	MUC20-OT1
ENST00000628585.1	ENSG00000281603.2	MUC20-OT1
ENST00000628632.2	ENSG00000281603.2	MUC20-OT1
ENST00000628668.2	ENSG00000242086.9	MUC20-OT1
ENST00000628704.1	ENSG00000280993.2	MUC20-OT1
ENST00000628725.1	ENSG00000281794.2	MUC20-OT1
ENST00000628738.2	ENSG00000280993.2	MUC20-OT1
ENST00000628745.2	ENSG00000280512.2	MUC20-OT1
ENST00000628750.2	ENSG00000280993.2	MUC20-OT1
ENST00000628786.2	ENSG00000281603.2	MUC20-OT1
ENST00000628835.2	ENSG00000281915.2	MUC20-OT1
ENST00000628841.2	ENSG00000281915.2	MUC20-OT1
ENST00000628847.2	ENSG00000281915.2	MUC20-OT1
ENST00000628864.2	ENSG00000281915.2	MUC20-OT1
ENST00000628892.2	ENSG00000281060.2	MUC20-OT1
ENST00000628898.2	ENSG00000281603.2	MUC20-OT1
ENST00000628909.2	ENSG00000281915.2	MUC20-OT1
ENST00000628914.1	ENSG00000280993.2	MUC20-OT1
ENST00000628921.2	ENSG00000280993.2	MUC20-OT1
ENST00000629023.2	ENSG00000280512.2	MUC20-OT1
ENST00000629049.2	ENSG00000281915.2	MUC20-OT1
ENST00000629081.2	ENSG00000281794.2	MUC20-OT1
ENST00000629096.2	ENSG00000281060.2	MUC20-OT1
ENST00000629132.1	ENSG00000281915.2	MUC20-OT1
ENST00000629134.2	ENSG00000281794.2	MUC20-OT1
ENST00000629135.2	ENSG00000280512.2	MUC20-OT1
ENST00000629140.1	ENSG00000280993.2	MUC20-OT1
ENST00000629141.2	ENSG00000281603.2	MUC20-OT1
ENST00000629143.1	ENSG00000281794.2	MUC20-OT1
ENST00000629162.1	ENSG00000280512.2	MUC20-OT1
ENST00000629183.2	ENSG00000280512.2	MUC20-OT1
ENST00000629274.2	ENSG00000281060.2	MUC20-OT1
ENST00000629299.2	ENSG00000281060.2	MUC20-OT1
ENST00000629308.2	ENSG00000281603.2	MUC20-OT1
ENST00000629315.2	ENSG00000281060.2	MUC20-OT1
ENST00000629330.2	ENSG00000281794.2	MUC20-OT1
ENST00000629342.2	ENSG00000280512.2	MUC20-OT1
ENST00000629351.2	ENSG00000281794.2	MUC20-OT1
ENST00000629365.2	ENSG00000281603.2	MUC20-OT1
ENST00000629366.1	ENSG00000281060.2	MUC20-OT1
ENST00000629386.2	ENSG00000281060.2	MUC20-OT1
ENST00000629388.1	ENSG00000281794.2	MUC20-OT1
ENST00000629442.2	ENSG00000280993.2	MUC20-OT1
ENST00000629444.2	ENSG00000281603.2	MUC20-OT1
ENST00000629456.2	ENSG00000281603.2	MUC20-OT1
ENST00000629466.2	ENSG00000280993.2	MUC20-OT1
ENST00000629495.2	ENSG00000280993.2	MUC20-OT1
ENST00000629507.2	ENSG00000280993.2	MUC20-OT1
ENST00000629549.2	ENSG00000280512.2	MUC20-OT1
ENST00000629568.2	ENSG00000281060.2	MUC20-OT1
ENST00000629593.2	ENSG00000281603.2	MUC20-OT1
ENST00000629599.2	ENSG00000281060.2	MUC20-OT1
ENST00000629600.2	ENSG00000281794.2	MUC20-OT1
ENST00000629657.1	ENSG00000281060.2	MUC20-OT1
ENST00000629683.2	ENSG00000281794.2	MUC20-OT1
ENST00000629704.2	ENSG00000280993.2	MUC20-OT1
ENST00000629710.2	ENSG00000281603.2	MUC20-OT1
ENST00000629806.2	ENSG00000281794.2	MUC20-OT1
ENST00000629823.2	ENSG00000242086.9	MUC20-OT1
ENST00000629842.2	ENSG00000280993.2	MUC20-OT1
ENST00000629849.2	ENSG00000281603.2	MUC20-OT1
ENST00000629852.2	ENSG00000281060.2	MUC20-OT1
ENST00000629860.2	ENSG00000281915.2	MUC20-OT1
ENST00000629891.2	ENSG00000281603.2	MUC20-OT1
ENST00000629897.2	ENSG00000281915.2	MUC20-OT1
ENST00000629931.2	ENSG00000281915.2	MUC20-OT1
ENST00000629971.1	ENSG00000281603.2	MUC20-OT1
ENST00000629990.1	ENSG00000242086.9	MUC20-OT1
ENST00000629998.1	ENSG00000281794.2	MUC20-OT1
ENST00000630015.1	ENSG00000281915.2	MUC20-OT1
ENST00000630032.2	ENSG00000280512.2	MUC20-OT1
ENST00000630079.2	ENSG00000281794.2	MUC20-OT1
ENST00000630105.1	ENSG00000280993.2	MUC20-OT1
ENST00000630113.2	ENSG00000281060.2	MUC20-OT1
ENST00000630170.2	ENSG00000242086.9	MUC20-OT1
ENST00000630175.2	ENSG00000281915.2	MUC20-OT1
ENST00000630189.2	ENSG00000280993.2	MUC20-OT1
ENST00000630194.2	ENSG00000280512.2	MUC20-OT1
ENST00000630218.1	ENSG00000281060.2	MUC20-OT1
ENST00000630221.1	ENSG00000280993.2	MUC20-OT1
ENST00000630237.2	ENSG00000281915.2	MUC20-OT1
ENST00000630238.2	ENSG00000280993.2	MUC20-OT1
ENST00000630286.1	ENSG00000280512.2	MUC20-OT1
ENST00000630300.2	ENSG00000281060.2	MUC20-OT1
ENST00000630323.2	ENSG00000280993.2	MUC20-OT1
ENST00000630324.2	ENSG00000281794.2	MUC20-OT1
ENST00000630333.2	ENSG00000281603.2	MUC20-OT1
ENST00000630339.2	ENSG00000280993.2	MUC20-OT1
ENST00000630373.2	ENSG00000281603.2	MUC20-OT1
ENST00000630382.1	ENSG00000281603.2	MUC20-OT1
ENST00000630387.2	ENSG00000242086.9	MUC20-OT1
ENST00000630401.2	ENSG00000281915.2	MUC20-OT1
ENST00000630408.2	ENSG00000281603.2	MUC20-OT1
ENST00000630414.2	ENSG00000281060.2	MUC20-OT1
ENST00000630441.2	ENSG00000281603.2	MUC20-OT1
ENST00000630445.2	ENSG00000281794.2	MUC20-OT1
ENST00000630449.2	ENSG00000280512.2	MUC20-OT1
ENST00000630480.1	ENSG00000280993.2	MUC20-OT1
ENST00000630481.2	ENSG00000280512.2	MUC20-OT1
ENST00000630491.1	ENSG00000280512.2	MUC20-OT1
ENST00000630513.2	ENSG00000281915.2	MUC20-OT1
ENST00000630529.1	ENSG00000281794.2	MUC20-OT1
ENST00000630541.2	ENSG00000280993.2	MUC20-OT1
ENST00000630548.2	ENSG00000281915.2	MUC20-OT1
ENST00000630581.2	ENSG00000281603.2	MUC20-OT1
ENST00000630586.1	ENSG00000281915.2	MUC20-OT1
ENST00000630594.2	ENSG00000281060.2	MUC20-OT1
ENST00000630611.1	ENSG00000281915.2	MUC20-OT1
ENST00000630663.1	ENSG00000242086.9	MUC20-OT1
ENST00000630667.1	ENSG00000281603.2	MUC20-OT1
ENST00000630681.2	ENSG00000280993.2	MUC20-OT1
ENST00000630718.2	ENSG00000281060.2	MUC20-OT1
ENST00000630802.2	ENSG00000281603.2	MUC20-OT1
ENST00000630807.1	ENSG00000281794.2	MUC20-OT1
ENST00000630816.2	ENSG00000280512.2	MUC20-OT1
ENST00000630830.1	ENSG00000242086.9	MUC20-OT1
ENST00000630846.2	ENSG00000280512.2	MUC20-OT1
ENST00000630863.2	ENSG00000242086.9	MUC20-OT1
ENST00000630870.2	ENSG00000281603.2	MUC20-OT1
ENST00000630882.2	ENSG00000280512.2	MUC20-OT1
ENST00000630896.2	ENSG00000280993.2	MUC20-OT1
ENST00000630931.2	ENSG00000281603.2	MUC20-OT1
ENST00000630941.2	ENSG00000281060.2	MUC20-OT1
ENST00000630955.2	ENSG00000281060.2	MUC20-OT1
ENST00000630956.2	ENSG00000281915.2	MUC20-OT1
ENST00000630980.2	ENSG00000281794.2	MUC20-OT1
ENST00000630995.2	ENSG00000280993.2	MUC20-OT1
ENST00000631017.2	ENSG00000281915.2	MUC20-OT1
ENST00000631031.1	ENSG00000281060.2	MUC20-OT1
ENST00000631062.2	ENSG00000281060.2	MUC20-OT1
ENST00000631066.1	ENSG00000281915.2	MUC20-OT1
ENST00000631087.1	ENSG00000242086.9	MUC20-OT1
ENST00000631116.1	ENSG00000281603.2	MUC20-OT1
ENST00000631136.2	ENSG00000281794.2	MUC20-OT1
ENST00000631200.2	ENSG00000281915.2	MUC20-OT1
ENST00000631239.2	ENSG00000281794.2	MUC20-OT1
ENST00000631258.2	ENSG00000281794.2	MUC20-OT1
ENST00000631310.2	ENSG00000281915.2	MUC20-OT1
ENST00000631363.2	ENSG00000280512.2	MUC20-OT1
ENST00000631371.2	ENSG00000280512.2	MUC20-OT1
ENST00000634276.1	ENSG00000282953.1	MUC20-OT1
ENST00000634290.1	ENSG00000282953.1	MUC20-OT1
ENST00000634322.1	ENSG00000282953.1	MUC20-OT1
ENST00000634340.1	ENSG00000282953.1	MUC20-OT1
ENST00000634404.1	ENSG00000282953.1	MUC20-OT1
ENST00000634423.1	ENSG00000282953.1	MUC20-OT1
ENST00000634430.1	ENSG00000282953.1	MUC20-OT1
ENST00000634450.1	ENSG00000282953.1	MUC20-OT1
ENST00000634575.1	ENSG00000282953.1	MUC20-OT1
ENST00000634592.1	ENSG00000282953.1	MUC20-OT1
ENST00000634622.1	ENSG00000282953.1	MUC20-OT1
ENST00000634624.1	ENSG00000282953.1	MUC20-OT1
ENST00000634699.1	ENSG00000282953.1	MUC20-OT1
ENST00000634738.1	ENSG00000282953.1	MUC20-OT1
ENST00000634789.1	ENSG00000282953.1	MUC20-OT1
ENST00000634820.1	ENSG00000282953.1	MUC20-OT1
ENST00000634831.1	ENSG00000282953.1	MUC20-OT1
ENST00000634834.1	ENSG00000282953.1	MUC20-OT1
ENST00000634835.1	ENSG00000282953.1	MUC20-OT1
ENST00000634880.1	ENSG00000282953.1	MUC20-OT1
ENST00000634940.1	ENSG00000282953.1	MUC20-OT1
ENST00000634957.1	ENSG00000282953.1	MUC20-OT1
ENST00000634968.1	ENSG00000282953.1	MUC20-OT1
ENST00000634978.1	ENSG00000282953.1	MUC20-OT1
ENST00000635034.1	ENSG00000282953.1	MUC20-OT1
ENST00000635037.1	ENSG00000282953.1	MUC20-OT1
ENST00000635057.1	ENSG00000282953.1	MUC20-OT1
ENST00000635063.1	ENSG00000282953.1	MUC20-OT1
ENST00000635079.1	ENSG00000282953.1	MUC20-OT1
ENST00000635134.1	ENSG00000282953.1	MUC20-OT1
ENST00000635216.1	ENSG00000282953.1	MUC20-OT1
ENST00000635229.1	ENSG00000282953.1	MUC20-OT1
ENST00000635243.1	ENSG00000282953.1	MUC20-OT1
ENST00000635249.1	ENSG00000282953.1	MUC20-OT1
ENST00000635254.1	ENSG00000282953.1	MUC20-OT1
ENST00000635304.1	ENSG00000282953.1	MUC20-OT1
ENST00000635335.1	ENSG00000282953.1	MUC20-OT1
ENST00000635337.1	ENSG00000282953.1	MUC20-OT1
ENST00000635490.1	ENSG00000282953.1	MUC20-OT1
ENST00000635634.1	ENSG00000282953.1	MUC20-OT1
ENST00000635662.1	ENSG00000282953.1	MUC20-OT1
ENST00000635663.1	ENSG00000282953.1	MUC20-OT1
ENST00000635708.1	ENSG00000282953.1	MUC20-OT1
ENST00000763874.1	ENSG00000242086.9	MUC20-OT1
ENST00000763956.1	ENSG00000242086.9	MUC20-OT1
ENST00000763957.1	ENSG00000242086.9	MUC20-OT1
ENST00000763958.1	ENSG00000242086.9	MUC20-OT1
ENST00000418255.2	ENSG00000236546.2	MYCL-AS1
ENST00000837551.1	ENSG00000236546.2	MYCL-AS1
ENST00000837552.1	ENSG00000236546.2	MYCL-AS1
ENST00000837553.1	ENSG00000236546.2	MYCL-AS1
ENST00000837554.1	ENSG00000236546.2	MYCL-AS1
ENST00000433810.1	ENSG00000223850.2	MYCNUT
ENST00000817295.1	ENSG00000223850.2	MYCNUT
ENST00000817296.1	ENSG00000223850.2	MYCNUT
ENST00000817298.1	ENSG00000223850.2	MYCNUT
ENST00000817299.1	ENSG00000223850.2	MYCNUT
ENST00000817300.1	ENSG00000223850.2	MYCNUT
ENST00000817301.1	ENSG00000223850.2	MYCNUT
ENST00000817302.1	ENSG00000223850.2	MYCNUT
ENST00000817303.1	ENSG00000223850.2	MYCNUT
ENST00000817304.1	ENSG00000223850.2	MYCNUT
ENST00000817305.1	ENSG00000223850.2	MYCNUT
ENST00000817306.1	ENSG00000223850.2	MYCNUT
ENST00000817307.1	ENSG00000223850.2	MYCNUT
ENST00000463408.2	ENSG00000239523.10	MYLK-AS1
ENST00000470449.3	ENSG00000239523.10	MYLK-AS1
ENST00000485162.5	ENSG00000239523.10	MYLK-AS1
ENST00000657993.2	ENSG00000239523.10	MYLK-AS1
ENST00000662316.2	ENSG00000239523.10	MYLK-AS1
ENST00000664237.3	ENSG00000239523.10	MYLK-AS1
ENST00000664745.1	ENSG00000239523.10	MYLK-AS1
ENST00000665710.2	ENSG00000239523.10	MYLK-AS1
ENST00000685086.2	ENSG00000239523.10	MYLK-AS1
ENST00000685242.2	ENSG00000239523.10	MYLK-AS1
ENST00000685586.1	ENSG00000239523.10	MYLK-AS1
ENST00000685895.2	ENSG00000239523.10	MYLK-AS1
ENST00000686121.3	ENSG00000239523.10	MYLK-AS1
ENST00000686858.2	ENSG00000239523.10	MYLK-AS1
ENST00000687610.3	ENSG00000239523.10	MYLK-AS1
ENST00000687846.2	ENSG00000239523.10	MYLK-AS1
ENST00000691647.2	ENSG00000239523.10	MYLK-AS1
ENST00000692354.3	ENSG00000239523.10	MYLK-AS1
ENST00000701230.2	ENSG00000239523.10	MYLK-AS1
ENST00000701243.2	ENSG00000239523.10	MYLK-AS1
ENST00000701259.1	ENSG00000239523.10	MYLK-AS1
ENST00000701396.2	ENSG00000239523.10	MYLK-AS1
ENST00000701664.2	ENSG00000239523.10	MYLK-AS1
ENST00000702298.2	ENSG00000239523.10	MYLK-AS1
ENST00000703248.2	ENSG00000239523.10	MYLK-AS1
ENST00000715826.1	ENSG00000239523.10	MYLK-AS1
ENST00000715827.1	ENSG00000239523.10	MYLK-AS1
ENST00000756470.1	ENSG00000239523.10	MYLK-AS1
ENST00000756471.1	ENSG00000239523.10	MYLK-AS1
ENST00000756472.1	ENSG00000239523.10	MYLK-AS1
ENST00000756473.1	ENSG00000239523.10	MYLK-AS1
ENST00000756474.1	ENSG00000239523.10	MYLK-AS1
ENST00000756475.1	ENSG00000239523.10	MYLK-AS1
ENST00000756476.1	ENSG00000239523.10	MYLK-AS1
ENST00000756477.1	ENSG00000239523.10	MYLK-AS1
ENST00000756478.1	ENSG00000239523.10	MYLK-AS1
ENST00000756479.1	ENSG00000239523.10	MYLK-AS1
ENST00000756480.1	ENSG00000239523.10	MYLK-AS1
ENST00000756481.1	ENSG00000239523.10	MYLK-AS1
ENST00000756482.1	ENSG00000239523.10	MYLK-AS1
ENST00000756483.1	ENSG00000239523.10	MYLK-AS1
ENST00000756484.1	ENSG00000239523.10	MYLK-AS1
ENST00000756485.1	ENSG00000239523.10	MYLK-AS1
ENST00000756486.1	ENSG00000239523.10	MYLK-AS1
ENST00000756487.1	ENSG00000239523.10	MYLK-AS1
ENST00000756488.1	ENSG00000239523.10	MYLK-AS1
ENST00000756489.1	ENSG00000239523.10	MYLK-AS1
ENST00000756490.1	ENSG00000239523.10	MYLK-AS1
ENST00000756491.1	ENSG00000239523.10	MYLK-AS1
ENST00000756492.1	ENSG00000239523.10	MYLK-AS1
ENST00000756493.1	ENSG00000239523.10	MYLK-AS1
ENST00000756494.1	ENSG00000239523.10	MYLK-AS1
ENST00000756495.1	ENSG00000239523.10	MYLK-AS1
ENST00000756496.1	ENSG00000239523.10	MYLK-AS1
ENST00000756497.1	ENSG00000239523.10	MYLK-AS1
ENST00000756498.1	ENSG00000239523.10	MYLK-AS1
ENST00000756499.1	ENSG00000239523.10	MYLK-AS1
ENST00000756500.1	ENSG00000239523.10	MYLK-AS1
ENST00000756503.1	ENSG00000239523.10	MYLK-AS1
ENST00000756505.1	ENSG00000239523.10	MYLK-AS1
ENST00000756506.1	ENSG00000239523.10	MYLK-AS1
ENST00000756507.1	ENSG00000239523.10	MYLK-AS1
ENST00000756511.1	ENSG00000239523.10	MYLK-AS1
ENST00000756512.1	ENSG00000239523.10	MYLK-AS1
ENST00000756513.1	ENSG00000239523.10	MYLK-AS1
ENST00000756515.1	ENSG00000239523.10	MYLK-AS1
ENST00000756516.1	ENSG00000239523.10	MYLK-AS1
ENST00000756517.1	ENSG00000239523.10	MYLK-AS1
ENST00000756518.1	ENSG00000239523.10	MYLK-AS1
ENST00000756519.1	ENSG00000239523.10	MYLK-AS1
ENST00000756520.1	ENSG00000239523.10	MYLK-AS1
ENST00000756521.1	ENSG00000239523.10	MYLK-AS1
ENST00000756522.1	ENSG00000239523.10	MYLK-AS1
ENST00000756523.1	ENSG00000239523.10	MYLK-AS1
ENST00000756524.1	ENSG00000239523.10	MYLK-AS1
ENST00000756525.1	ENSG00000239523.10	MYLK-AS1
ENST00000756526.1	ENSG00000239523.10	MYLK-AS1
ENST00000756527.1	ENSG00000239523.10	MYLK-AS1
ENST00000756528.1	ENSG00000239523.10	MYLK-AS1
ENST00000756529.1	ENSG00000239523.10	MYLK-AS1
ENST00000756530.1	ENSG00000239523.10	MYLK-AS1
ENST00000756531.1	ENSG00000239523.10	MYLK-AS1
ENST00000756532.1	ENSG00000239523.10	MYLK-AS1
ENST00000756533.1	ENSG00000239523.10	MYLK-AS1
ENST00000756534.1	ENSG00000239523.10	MYLK-AS1
ENST00000756535.1	ENSG00000239523.10	MYLK-AS1
ENST00000756536.1	ENSG00000239523.10	MYLK-AS1
ENST00000756537.1	ENSG00000239523.10	MYLK-AS1
ENST00000756538.1	ENSG00000239523.10	MYLK-AS1
ENST00000756539.1	ENSG00000239523.10	MYLK-AS1
ENST00000756540.1	ENSG00000239523.10	MYLK-AS1
ENST00000756541.1	ENSG00000239523.10	MYLK-AS1
ENST00000756542.1	ENSG00000239523.10	MYLK-AS1
ENST00000756543.1	ENSG00000239523.10	MYLK-AS1
ENST00000756544.1	ENSG00000239523.10	MYLK-AS1
ENST00000756545.1	ENSG00000239523.10	MYLK-AS1
ENST00000756546.1	ENSG00000239523.10	MYLK-AS1
ENST00000756547.1	ENSG00000239523.10	MYLK-AS1
ENST00000756549.1	ENSG00000239523.10	MYLK-AS1
ENST00000756550.1	ENSG00000239523.10	MYLK-AS1
ENST00000756551.1	ENSG00000239523.10	MYLK-AS1
ENST00000756552.1	ENSG00000239523.10	MYLK-AS1
ENST00000756553.1	ENSG00000239523.10	MYLK-AS1
ENST00000756554.1	ENSG00000239523.10	MYLK-AS1
ENST00000756555.1	ENSG00000239523.10	MYLK-AS1
ENST00000756556.1	ENSG00000239523.10	MYLK-AS1
ENST00000756557.1	ENSG00000239523.10	MYLK-AS1
ENST00000756558.1	ENSG00000239523.10	MYLK-AS1
ENST00000756559.1	ENSG00000239523.10	MYLK-AS1
ENST00000756560.1	ENSG00000239523.10	MYLK-AS1
ENST00000756561.1	ENSG00000239523.10	MYLK-AS1
ENST00000756562.1	ENSG00000239523.10	MYLK-AS1
ENST00000756563.1	ENSG00000239523.10	MYLK-AS1
ENST00000756564.1	ENSG00000239523.10	MYLK-AS1
ENST00000756565.1	ENSG00000239523.10	MYLK-AS1
ENST00000756566.1	ENSG00000239523.10	MYLK-AS1
ENST00000756567.1	ENSG00000239523.10	MYLK-AS1
ENST00000756568.1	ENSG00000239523.10	MYLK-AS1
ENST00000756569.1	ENSG00000239523.10	MYLK-AS1
ENST00000756570.1	ENSG00000239523.10	MYLK-AS1
ENST00000756571.1	ENSG00000239523.10	MYLK-AS1
ENST00000756572.1	ENSG00000239523.10	MYLK-AS1
ENST00000756573.1	ENSG00000239523.10	MYLK-AS1
ENST00000756574.1	ENSG00000239523.10	MYLK-AS1
ENST00000756575.1	ENSG00000239523.10	MYLK-AS1
ENST00000756576.1	ENSG00000239523.10	MYLK-AS1
ENST00000756577.1	ENSG00000239523.10	MYLK-AS1
ENST00000756578.1	ENSG00000239523.10	MYLK-AS1
ENST00000756579.1	ENSG00000239523.10	MYLK-AS1
ENST00000756580.1	ENSG00000239523.10	MYLK-AS1
ENST00000756581.1	ENSG00000239523.10	MYLK-AS1
ENST00000756582.1	ENSG00000239523.10	MYLK-AS1
ENST00000756583.1	ENSG00000239523.10	MYLK-AS1
ENST00000756584.1	ENSG00000239523.10	MYLK-AS1
ENST00000756585.1	ENSG00000239523.10	MYLK-AS1
ENST00000756586.1	ENSG00000239523.10	MYLK-AS1
ENST00000756587.1	ENSG00000239523.10	MYLK-AS1
ENST00000756588.1	ENSG00000239523.10	MYLK-AS1
ENST00000756589.1	ENSG00000239523.10	MYLK-AS1
ENST00000756590.1	ENSG00000239523.10	MYLK-AS1
ENST00000756591.1	ENSG00000239523.10	MYLK-AS1
ENST00000756594.1	ENSG00000239523.10	MYLK-AS1
ENST00000756595.1	ENSG00000239523.10	MYLK-AS1
ENST00000756596.1	ENSG00000239523.10	MYLK-AS1
ENST00000756597.1	ENSG00000239523.10	MYLK-AS1
ENST00000756598.1	ENSG00000239523.10	MYLK-AS1
ENST00000756599.1	ENSG00000239523.10	MYLK-AS1
ENST00000756600.1	ENSG00000239523.10	MYLK-AS1
ENST00000756601.1	ENSG00000239523.10	MYLK-AS1
ENST00000756602.1	ENSG00000239523.10	MYLK-AS1
ENST00000756603.1	ENSG00000239523.10	MYLK-AS1
ENST00000429191.1	ENSG00000230703.1	MYOM3-AS1
ENST00000430494.2	ENSG00000229647.4	MYOSLID
ENST00000435643.1	ENSG00000229647.4	MYOSLID
ENST00000440326.4	ENSG00000229647.4	MYOSLID
ENST00000454444.1	ENSG00000229647.4	MYOSLID
ENST00000656422.3	ENSG00000229647.4	MYOSLID
ENST00000661935.1	ENSG00000229647.4	MYOSLID
ENST00000666421.1	ENSG00000229647.4	MYOSLID
ENST00000758487.1	ENSG00000229647.4	MYOSLID
ENST00000758488.1	ENSG00000229647.4	MYOSLID
ENST00000758489.1	ENSG00000229647.4	MYOSLID
ENST00000758490.1	ENSG00000229647.4	MYOSLID
ENST00000758491.1	ENSG00000229647.4	MYOSLID
ENST00000758492.1	ENSG00000229647.4	MYOSLID
ENST00000758493.1	ENSG00000229647.4	MYOSLID
ENST00000758494.1	ENSG00000229647.4	MYOSLID
ENST00000758495.1	ENSG00000229647.4	MYOSLID
ENST00000758496.1	ENSG00000229647.4	MYOSLID
ENST00000758497.1	ENSG00000229647.4	MYOSLID
ENST00000758498.1	ENSG00000229647.4	MYOSLID
ENST00000758499.1	ENSG00000229647.4	MYOSLID
ENST00000758500.1	ENSG00000229647.4	MYOSLID
ENST00000758501.1	ENSG00000229647.4	MYOSLID
ENST00000758502.1	ENSG00000229647.4	MYOSLID
ENST00000758503.1	ENSG00000229647.4	MYOSLID
ENST00000758504.1	ENSG00000229647.4	MYOSLID
ENST00000758505.1	ENSG00000229647.4	MYOSLID
ENST00000422175.1	ENSG00000225619.1	MYT1L-AS1
ENST00000448106.1	ENSG00000225619.1	MYT1L-AS1
ENST00000447775.1	ENSG00000225578.1	NCBP2-AS1
ENST00000424510.1	ENSG00000233729.1	NCKAP5-AS1
ENST00000432414.5	ENSG00000226953.9	NCKAP5-AS2
ENST00000454699.6	ENSG00000226953.9	NCKAP5-AS2
ENST00000670944.2	ENSG00000226953.9	NCKAP5-AS2
ENST00000760483.1	ENSG00000226953.9	NCKAP5-AS2
ENST00000507782.1	ENSG00000250344.1	NDNF-AS1
ENST00000447167.1	ENSG00000228917.2	NECTIN4-AS1
ENST00000778854.1	ENSG00000228917.2	NECTIN4-AS1
ENST00000778855.1	ENSG00000228917.2	NECTIN4-AS1
ENST00000778856.1	ENSG00000228917.2	NECTIN4-AS1
ENST00000778857.1	ENSG00000228917.2	NECTIN4-AS1
ENST00000778859.1	ENSG00000228917.2	NECTIN4-AS1
ENST00000778860.1	ENSG00000228917.2	NECTIN4-AS1
ENST00000421933.1	ENSG00000231057.6	NEK2-DT
ENST00000703066.2	ENSG00000231057.6	NEK2-DT
ENST00000832135.1	ENSG00000231057.6	NEK2-DT
ENST00000832136.1	ENSG00000231057.6	NEK2-DT
ENST00000457407.2	ENSG00000233654.3	NEMP2-DT
ENST00000772561.1	ENSG00000233654.3	NEMP2-DT
ENST00000772562.1	ENSG00000233654.3	NEMP2-DT
ENST00000772563.1	ENSG00000233654.3	NEMP2-DT
ENST00000460707.1	ENSG00000240057.9	NEPRO-AS1
ENST00000470313.7	ENSG00000240057.9	NEPRO-AS1
ENST00000655310.1	ENSG00000240057.9	NEPRO-AS1
ENST00000663401.1	ENSG00000240057.9	NEPRO-AS1
ENST00000669894.2	ENSG00000240057.9	NEPRO-AS1
ENST00000784411.1	ENSG00000240057.9	NEPRO-AS1
ENST00000784414.1	ENSG00000240057.9	NEPRO-AS1
ENST00000784422.1	ENSG00000240057.9	NEPRO-AS1
ENST00000784423.1	ENSG00000240057.9	NEPRO-AS1
ENST00000784426.1	ENSG00000240057.9	NEPRO-AS1
ENST00000784427.1	ENSG00000240057.9	NEPRO-AS1
ENST00000783105.1	ENSG00000235470.6	NEURL1-AS1
ENST00000504009.2	ENSG00000249509.2	NEUROG2-AS1
ENST00000506057.2	ENSG00000249509.2	NEUROG2-AS1
ENST00000754766.1	ENSG00000249509.2	NEUROG2-AS1
ENST00000754767.1	ENSG00000249509.2	NEUROG2-AS1
ENST00000754768.1	ENSG00000249509.2	NEUROG2-AS1
ENST00000754769.1	ENSG00000249509.2	NEUROG2-AS1
ENST00000754771.1	ENSG00000249509.2	NEUROG2-AS1
ENST00000754772.1	ENSG00000249509.2	NEUROG2-AS1
ENST00000754773.1	ENSG00000249509.2	NEUROG2-AS1
ENST00000754775.1	ENSG00000249509.2	NEUROG2-AS1
ENST00000754776.1	ENSG00000249509.2	NEUROG2-AS1
ENST00000754777.1	ENSG00000249509.2	NEUROG2-AS1
ENST00000754778.1	ENSG00000249509.2	NEUROG2-AS1
ENST00000754779.1	ENSG00000249509.2	NEUROG2-AS1
ENST00000754780.1	ENSG00000249509.2	NEUROG2-AS1
ENST00000754781.1	ENSG00000249509.2	NEUROG2-AS1
ENST00000754782.1	ENSG00000249509.2	NEUROG2-AS1
ENST00000754783.1	ENSG00000249509.2	NEUROG2-AS1
ENST00000754784.1	ENSG00000249509.2	NEUROG2-AS1
ENST00000754785.1	ENSG00000249509.2	NEUROG2-AS1
ENST00000754786.1	ENSG00000249509.2	NEUROG2-AS1
ENST00000754787.1	ENSG00000249509.2	NEUROG2-AS1
ENST00000754788.1	ENSG00000249509.2	NEUROG2-AS1
ENST00000754789.1	ENSG00000249509.2	NEUROG2-AS1
ENST00000754790.1	ENSG00000249509.2	NEUROG2-AS1
ENST00000754791.1	ENSG00000249509.2	NEUROG2-AS1
ENST00000754792.1	ENSG00000249509.2	NEUROG2-AS1
ENST00000754793.1	ENSG00000249509.2	NEUROG2-AS1
ENST00000754794.1	ENSG00000249509.2	NEUROG2-AS1
ENST00000754795.1	ENSG00000249509.2	NEUROG2-AS1
ENST00000754796.1	ENSG00000249509.2	NEUROG2-AS1
ENST00000754797.1	ENSG00000249509.2	NEUROG2-AS1
ENST00000754798.1	ENSG00000249509.2	NEUROG2-AS1
ENST00000754799.1	ENSG00000249509.2	NEUROG2-AS1
ENST00000754800.1	ENSG00000249509.2	NEUROG2-AS1
ENST00000754801.1	ENSG00000249509.2	NEUROG2-AS1
ENST00000754802.1	ENSG00000249509.2	NEUROG2-AS1
ENST00000754803.1	ENSG00000249509.2	NEUROG2-AS1
ENST00000754804.1	ENSG00000249509.2	NEUROG2-AS1
ENST00000754805.1	ENSG00000249509.2	NEUROG2-AS1
ENST00000754806.1	ENSG00000249509.2	NEUROG2-AS1
ENST00000754807.1	ENSG00000249509.2	NEUROG2-AS1
ENST00000425449.1	ENSG00000228035.2	NGF-AS1
ENST00000793538.1	ENSG00000228035.2	NGF-AS1
ENST00000793539.1	ENSG00000228035.2	NGF-AS1
ENST00000793540.1	ENSG00000228035.2	NGF-AS1
ENST00000793541.1	ENSG00000228035.2	NGF-AS1
ENST00000793542.1	ENSG00000228035.2	NGF-AS1
ENST00000793543.1	ENSG00000228035.2	NGF-AS1
ENST00000793544.1	ENSG00000228035.2	NGF-AS1
ENST00000793545.1	ENSG00000228035.2	NGF-AS1
ENST00000793546.1	ENSG00000228035.2	NGF-AS1
ENST00000413904.6	ENSG00000236859.9	NIFK-AS1
ENST00000414554.8	ENSG00000236859.9	NIFK-AS1
ENST00000419902.5	ENSG00000236859.9	NIFK-AS1
ENST00000439321.1	ENSG00000236859.9	NIFK-AS1
ENST00000447668.2	ENSG00000236859.9	NIFK-AS1
ENST00000654001.1	ENSG00000236859.9	NIFK-AS1
ENST00000658781.1	ENSG00000236859.9	NIFK-AS1
ENST00000659307.2	ENSG00000236859.9	NIFK-AS1
ENST00000662168.1	ENSG00000236859.9	NIFK-AS1
ENST00000666647.1	ENSG00000236859.9	NIFK-AS1
ENST00000667483.1	ENSG00000236859.9	NIFK-AS1
ENST00000668016.1	ENSG00000236859.9	NIFK-AS1
ENST00000669018.2	ENSG00000236859.9	NIFK-AS1
ENST00000670491.1	ENSG00000236859.9	NIFK-AS1
ENST00000671498.2	ENSG00000236859.9	NIFK-AS1
ENST00000690074.2	ENSG00000236859.9	NIFK-AS1
ENST00000802937.1	ENSG00000236859.9	NIFK-AS1
ENST00000802938.1	ENSG00000236859.9	NIFK-AS1
ENST00000802939.1	ENSG00000236859.9	NIFK-AS1
ENST00000802940.1	ENSG00000236859.9	NIFK-AS1
ENST00000802942.1	ENSG00000236859.9	NIFK-AS1
ENST00000802943.1	ENSG00000236859.9	NIFK-AS1
ENST00000802944.1	ENSG00000236859.9	NIFK-AS1
ENST00000514769.1	ENSG00000251026.3	NIHCOLE
ENST00000665271.1	ENSG00000251026.3	NIHCOLE
ENST00000666455.2	ENSG00000251026.3	NIHCOLE
ENST00000721479.1	ENSG00000251026.3	NIHCOLE
ENST00000721481.1	ENSG00000251026.3	NIHCOLE
ENST00000721482.1	ENSG00000251026.3	NIHCOLE
ENST00000721484.1	ENSG00000251026.3	NIHCOLE
ENST00000721485.1	ENSG00000251026.3	NIHCOLE
ENST00000731153.1	ENSG00000251026.3	NIHCOLE
ENST00000647750.1	ENSG00000285967.2	NIPBL-DT
ENST00000647824.1	ENSG00000285967.2	NIPBL-DT
ENST00000649921.1	ENSG00000285967.2	NIPBL-DT
ENST00000805412.1	ENSG00000285967.2	NIPBL-DT
ENST00000805413.1	ENSG00000285967.2	NIPBL-DT
ENST00000805414.1	ENSG00000285967.2	NIPBL-DT
ENST00000416764.5	ENSG00000290862.2	NMRAL2P
ENST00000422108.6	ENSG00000290862.2	NMRAL2P
ENST00000423298.5	ENSG00000290862.2	NMRAL2P
ENST00000824370.1	ENSG00000290862.2	NMRAL2P
ENST00000824371.1	ENSG00000290862.2	NMRAL2P
ENST00000824372.1	ENSG00000290862.2	NMRAL2P
ENST00000824373.1	ENSG00000290862.2	NMRAL2P
ENST00000500258.2	ENSG00000248092.9	NNT-AS1
ENST00000506247.1	ENSG00000248092.9	NNT-AS1
ENST00000513560.8	ENSG00000248092.9	NNT-AS1
ENST00000515466.1	ENSG00000248092.9	NNT-AS1
ENST00000656020.2	ENSG00000248092.9	NNT-AS1
ENST00000668986.1	ENSG00000248092.9	NNT-AS1
ENST00000793905.1	ENSG00000248092.9	NNT-AS1
ENST00000793906.1	ENSG00000248092.9	NNT-AS1
ENST00000793907.1	ENSG00000248092.9	NNT-AS1
ENST00000796928.1	ENSG00000260032.3	NORAD
ENST00000489343.5	ENSG00000248724.7	NPHP3-AS1
ENST00000504440.1	ENSG00000248724.7	NPHP3-AS1
ENST00000815291.1	ENSG00000248724.7	NPHP3-AS1
ENST00000815292.1	ENSG00000248724.7	NPHP3-AS1
ENST00000815293.1	ENSG00000248724.7	NPHP3-AS1
ENST00000815294.1	ENSG00000248724.7	NPHP3-AS1
ENST00000815295.1	ENSG00000248724.7	NPHP3-AS1
ENST00000815296.1	ENSG00000248724.7	NPHP3-AS1
ENST00000815297.1	ENSG00000248724.7	NPHP3-AS1
ENST00000815298.1	ENSG00000248724.7	NPHP3-AS1
ENST00000503134.6	ENSG00000237187.10	NR2F1-AS1
ENST00000504474.5	ENSG00000237187.10	NR2F1-AS1
ENST00000507963.6	ENSG00000237187.10	NR2F1-AS1
ENST00000510254.7	ENSG00000237187.10	NR2F1-AS1
ENST00000513055.2	ENSG00000237187.10	NR2F1-AS1
ENST00000606165.5	ENSG00000237187.10	NR2F1-AS1
ENST00000606188.2	ENSG00000237187.10	NR2F1-AS1
ENST00000606233.6	ENSG00000237187.10	NR2F1-AS1
ENST00000606696.6	ENSG00000237187.10	NR2F1-AS1
ENST00000606739.5	ENSG00000237187.10	NR2F1-AS1
ENST00000607112.1	ENSG00000237187.10	NR2F1-AS1
ENST00000607195.2	ENSG00000237187.10	NR2F1-AS1
ENST00000607797.6	ENSG00000237187.10	NR2F1-AS1
ENST00000607831.5	ENSG00000237187.10	NR2F1-AS1
ENST00000652888.1	ENSG00000237187.10	NR2F1-AS1
ENST00000653133.1	ENSG00000237187.10	NR2F1-AS1
ENST00000653235.1	ENSG00000237187.10	NR2F1-AS1
ENST00000653284.1	ENSG00000237187.10	NR2F1-AS1
ENST00000653325.1	ENSG00000237187.10	NR2F1-AS1
ENST00000653419.1	ENSG00000237187.10	NR2F1-AS1
ENST00000653510.1	ENSG00000237187.10	NR2F1-AS1
ENST00000653598.1	ENSG00000237187.10	NR2F1-AS1
ENST00000653643.1	ENSG00000237187.10	NR2F1-AS1
ENST00000654055.1	ENSG00000237187.10	NR2F1-AS1
ENST00000654431.1	ENSG00000237187.10	NR2F1-AS1
ENST00000654617.1	ENSG00000237187.10	NR2F1-AS1
ENST00000654862.1	ENSG00000237187.10	NR2F1-AS1
ENST00000655454.1	ENSG00000237187.10	NR2F1-AS1
ENST00000655613.1	ENSG00000237187.10	NR2F1-AS1
ENST00000656079.1	ENSG00000237187.10	NR2F1-AS1
ENST00000656155.1	ENSG00000237187.10	NR2F1-AS1
ENST00000656231.2	ENSG00000237187.10	NR2F1-AS1
ENST00000656357.1	ENSG00000237187.10	NR2F1-AS1
ENST00000656921.2	ENSG00000237187.10	NR2F1-AS1
ENST00000657648.1	ENSG00000237187.10	NR2F1-AS1
ENST00000658662.1	ENSG00000237187.10	NR2F1-AS1
ENST00000659013.2	ENSG00000237187.10	NR2F1-AS1
ENST00000659336.1	ENSG00000237187.10	NR2F1-AS1
ENST00000659381.1	ENSG00000237187.10	NR2F1-AS1
ENST00000659983.1	ENSG00000237187.10	NR2F1-AS1
ENST00000660272.1	ENSG00000237187.10	NR2F1-AS1
ENST00000660523.1	ENSG00000237187.10	NR2F1-AS1
ENST00000660787.1	ENSG00000237187.10	NR2F1-AS1
ENST00000661182.1	ENSG00000237187.10	NR2F1-AS1
ENST00000661345.1	ENSG00000237187.10	NR2F1-AS1
ENST00000661573.1	ENSG00000237187.10	NR2F1-AS1
ENST00000661661.1	ENSG00000237187.10	NR2F1-AS1
ENST00000661870.1	ENSG00000237187.10	NR2F1-AS1
ENST00000663076.1	ENSG00000237187.10	NR2F1-AS1
ENST00000663096.1	ENSG00000237187.10	NR2F1-AS1
ENST00000664017.1	ENSG00000237187.10	NR2F1-AS1
ENST00000664135.1	ENSG00000237187.10	NR2F1-AS1
ENST00000664168.1	ENSG00000237187.10	NR2F1-AS1
ENST00000664241.1	ENSG00000237187.10	NR2F1-AS1
ENST00000664359.1	ENSG00000237187.10	NR2F1-AS1
ENST00000665047.1	ENSG00000237187.10	NR2F1-AS1
ENST00000665095.1	ENSG00000237187.10	NR2F1-AS1
ENST00000665725.1	ENSG00000237187.10	NR2F1-AS1
ENST00000665798.1	ENSG00000237187.10	NR2F1-AS1
ENST00000666033.1	ENSG00000237187.10	NR2F1-AS1
ENST00000666791.1	ENSG00000237187.10	NR2F1-AS1
ENST00000666995.1	ENSG00000237187.10	NR2F1-AS1
ENST00000667268.1	ENSG00000237187.10	NR2F1-AS1
ENST00000667752.1	ENSG00000237187.10	NR2F1-AS1
ENST00000668988.1	ENSG00000237187.10	NR2F1-AS1
ENST00000669203.2	ENSG00000237187.10	NR2F1-AS1
ENST00000669221.1	ENSG00000237187.10	NR2F1-AS1
ENST00000670457.1	ENSG00000237187.10	NR2F1-AS1
ENST00000670690.2	ENSG00000237187.10	NR2F1-AS1
ENST00000670693.1	ENSG00000237187.10	NR2F1-AS1
ENST00000670813.1	ENSG00000237187.10	NR2F1-AS1
ENST00000671166.1	ENSG00000237187.10	NR2F1-AS1
ENST00000671432.1	ENSG00000237187.10	NR2F1-AS1
ENST00000671514.1	ENSG00000237187.10	NR2F1-AS1
ENST00000671683.2	ENSG00000237187.10	NR2F1-AS1
ENST00000815532.1	ENSG00000237187.10	NR2F1-AS1
ENST00000815533.1	ENSG00000237187.10	NR2F1-AS1
ENST00000815534.1	ENSG00000237187.10	NR2F1-AS1
ENST00000815535.1	ENSG00000237187.10	NR2F1-AS1
ENST00000815536.1	ENSG00000237187.10	NR2F1-AS1
ENST00000815537.1	ENSG00000237187.10	NR2F1-AS1
ENST00000815538.1	ENSG00000237187.10	NR2F1-AS1
ENST00000815539.1	ENSG00000237187.10	NR2F1-AS1
ENST00000815540.1	ENSG00000237187.10	NR2F1-AS1
ENST00000815541.1	ENSG00000237187.10	NR2F1-AS1
ENST00000815542.1	ENSG00000237187.10	NR2F1-AS1
ENST00000815543.1	ENSG00000237187.10	NR2F1-AS1
ENST00000815544.1	ENSG00000237187.10	NR2F1-AS1
ENST00000815545.1	ENSG00000237187.10	NR2F1-AS1
ENST00000815546.1	ENSG00000237187.10	NR2F1-AS1
ENST00000779111.1	ENSG00000231918.2	NRXN1-DT
ENST00000779113.1	ENSG00000231918.2	NRXN1-DT
ENST00000412871.1	ENSG00000227764.3	NTRAS
ENST00000430123.2	ENSG00000227764.3	NTRAS
ENST00000653827.1	ENSG00000227764.3	NTRAS
ENST00000660041.1	ENSG00000227764.3	NTRAS
ENST00000661623.1	ENSG00000227764.3	NTRAS
ENST00000664125.1	ENSG00000227764.3	NTRAS
ENST00000667263.1	ENSG00000227764.3	NTRAS
ENST00000667986.2	ENSG00000227764.3	NTRAS
ENST00000498923.5	ENSG00000293492.2	NUDT16L2P
ENST00000499077.5	ENSG00000293492.2	NUDT16L2P
ENST00000691745.3	ENSG00000293492.2	NUDT16L2P
ENST00000692704.1	ENSG00000293492.2	NUDT16L2P
ENST00000841840.1	ENSG00000293492.2	NUDT16L2P
ENST00000417605.3	ENSG00000223635.3	NUP133-DT
ENST00000849110.1	ENSG00000223635.3	NUP133-DT
ENST00000849111.1	ENSG00000223635.3	NUP133-DT
ENST00000849112.1	ENSG00000223635.3	NUP133-DT
ENST00000849113.1	ENSG00000223635.3	NUP133-DT
ENST00000849114.1	ENSG00000223635.3	NUP133-DT
ENST00000849115.1	ENSG00000223635.3	NUP133-DT
ENST00000849116.1	ENSG00000223635.3	NUP133-DT
ENST00000738498.1	ENSG00000293201.2	NUP210P1
ENST00000513576.1	ENSG00000248256.1	OCIAD1-AS1
ENST00000404616.2	ENSG00000257135.9	ODC1-DT
ENST00000553181.6	ENSG00000257135.9	ODC1-DT
ENST00000667698.2	ENSG00000257135.9	ODC1-DT
ENST00000670859.1	ENSG00000257135.9	ODC1-DT
ENST00000690575.2	ENSG00000257135.9	ODC1-DT
ENST00000810589.1	ENSG00000257135.9	ODC1-DT
ENST00000810590.1	ENSG00000257135.9	ODC1-DT
ENST00000810591.1	ENSG00000257135.9	ODC1-DT
ENST00000810592.1	ENSG00000257135.9	ODC1-DT
ENST00000810597.1	ENSG00000257135.9	ODC1-DT
ENST00000706991.1	ENSG00000247556.8	OIP5-AS1
ENST00000707059.1	ENSG00000247556.8	OIP5-AS1
ENST00000641087.1	ENSG00000235823.6	OLMALINC
ENST00000654233.1	ENSG00000235823.6	OLMALINC
ENST00000658059.1	ENSG00000235823.6	OLMALINC
ENST00000664516.1	ENSG00000235823.6	OLMALINC
ENST00000641857.1	ENSG00000290684.1	OR2W5P
ENST00000760310.1	ENSG00000290930.2	OR7E91P
ENST00000760311.1	ENSG00000290930.2	OR7E91P
ENST00000760312.1	ENSG00000290930.2	OR7E91P
ENST00000760320.1	ENSG00000290930.2	OR7E91P
ENST00000417313.2	ENSG00000232490.7	OSBPL10-AS1
ENST00000418728.6	ENSG00000232490.7	OSBPL10-AS1
ENST00000428872.6	ENSG00000232490.7	OSBPL10-AS1
ENST00000436598.1	ENSG00000232490.7	OSBPL10-AS1
ENST00000444503.1	ENSG00000232490.7	OSBPL10-AS1
ENST00000447181.1	ENSG00000232490.7	OSBPL10-AS1
ENST00000455961.1	ENSG00000232490.7	OSBPL10-AS1
ENST00000789667.1	ENSG00000232490.7	OSBPL10-AS1
ENST00000520651.2	ENSG00000253559.2	OSGEPL1-AS1
ENST00000521819.2	ENSG00000253559.2	OSGEPL1-AS1
ENST00000523895.1	ENSG00000253559.2	OSGEPL1-AS1
ENST00000513480.2	ENSG00000249740.5	OSMR-DT
ENST00000662290.1	ENSG00000249740.5	OSMR-DT
ENST00000688648.2	ENSG00000249740.5	OSMR-DT
ENST00000847594.1	ENSG00000249740.5	OSMR-DT
ENST00000847609.1	ENSG00000249740.5	OSMR-DT
ENST00000847620.1	ENSG00000249740.5	OSMR-DT
ENST00000847622.1	ENSG00000249740.5	OSMR-DT
ENST00000847623.1	ENSG00000249740.5	OSMR-DT
ENST00000847625.1	ENSG00000249740.5	OSMR-DT
ENST00000847626.1	ENSG00000249740.5	OSMR-DT
ENST00000847629.1	ENSG00000249740.5	OSMR-DT
ENST00000847630.1	ENSG00000249740.5	OSMR-DT
ENST00000847633.1	ENSG00000249740.5	OSMR-DT
ENST00000847635.1	ENSG00000249740.5	OSMR-DT
ENST00000847640.1	ENSG00000249740.5	OSMR-DT
ENST00000847641.1	ENSG00000249740.5	OSMR-DT
ENST00000847642.1	ENSG00000249740.5	OSMR-DT
ENST00000847644.1	ENSG00000249740.5	OSMR-DT
ENST00000847647.1	ENSG00000249740.5	OSMR-DT
ENST00000818818.1	ENSG00000236719.6	OVAAL
ENST00000807464.1	ENSG00000258458.9	OXA1L-DT
ENST00000412203.2	ENSG00000225764.4	P3H2-AS1
ENST00000685757.2	ENSG00000225764.4	P3H2-AS1
ENST00000691942.2	ENSG00000225764.4	P3H2-AS1
ENST00000747183.1	ENSG00000225764.4	P3H2-AS1
ENST00000747184.1	ENSG00000225764.4	P3H2-AS1
ENST00000747185.1	ENSG00000225764.4	P3H2-AS1
ENST00000747186.1	ENSG00000225764.4	P3H2-AS1
ENST00000747187.1	ENSG00000225764.4	P3H2-AS1
ENST00000747189.1	ENSG00000225764.4	P3H2-AS1
ENST00000747190.1	ENSG00000225764.4	P3H2-AS1
ENST00000747191.1	ENSG00000225764.4	P3H2-AS1
ENST00000747192.1	ENSG00000225764.4	P3H2-AS1
ENST00000415255.3	ENSG00000228060.4	PABPC4-AS1
ENST00000650144.1	ENSG00000228060.4	PABPC4-AS1
ENST00000721477.1	ENSG00000228060.4	PABPC4-AS1
ENST00000608917.4	ENSG00000273129.4	PACERR
ENST00000478823.1	ENSG00000241570.8	PAQR9-AS1
ENST00000493825.1	ENSG00000241570.8	PAQR9-AS1
ENST00000593321.5	ENSG00000241570.8	PAQR9-AS1
ENST00000594095.1	ENSG00000241570.8	PAQR9-AS1
ENST00000598139.5	ENSG00000241570.8	PAQR9-AS1
ENST00000598787.5	ENSG00000241570.8	PAQR9-AS1
ENST00000608349.5	ENSG00000241570.8	PAQR9-AS1
ENST00000608686.5	ENSG00000241570.8	PAQR9-AS1
ENST00000625677.1	ENSG00000241570.8	PAQR9-AS1
ENST00000625937.2	ENSG00000241570.8	PAQR9-AS1
ENST00000627207.2	ENSG00000241570.8	PAQR9-AS1
ENST00000507517.1	ENSG00000249717.1	PARM1-AS1
ENST00000508031.1	ENSG00000249717.1	PARM1-AS1
ENST00000330493.6	ENSG00000228288.11	PCAT6
ENST00000417262.6	ENSG00000228288.11	PCAT6
ENST00000425295.4	ENSG00000228288.11	PCAT6
ENST00000553157.2	ENSG00000228288.11	PCAT6
ENST00000660963.3	ENSG00000228288.11	PCAT6
ENST00000686658.3	ENSG00000228288.11	PCAT6
ENST00000728152.1	ENSG00000228288.11	PCAT6
ENST00000728153.1	ENSG00000228288.11	PCAT6
ENST00000728154.1	ENSG00000228288.11	PCAT6
ENST00000728155.1	ENSG00000228288.11	PCAT6
ENST00000728206.1	ENSG00000228288.11	PCAT6
ENST00000728207.1	ENSG00000228288.11	PCAT6
ENST00000454040.5	ENSG00000227418.7	PCGEM1
ENST00000606314.2	ENSG00000227418.7	PCGEM1
ENST00000826526.1	ENSG00000227418.7	PCGEM1
ENST00000503185.6	ENSG00000249592.8	PCGF3-AS1
ENST00000503405.1	ENSG00000249592.8	PCGF3-AS1
ENST00000652800.2	ENSG00000249592.8	PCGF3-AS1
ENST00000691800.2	ENSG00000249592.8	PCGF3-AS1
ENST00000692343.2	ENSG00000249592.8	PCGF3-AS1
ENST00000722162.1	ENSG00000249592.8	PCGF3-AS1
ENST00000722163.1	ENSG00000249592.8	PCGF3-AS1
ENST00000722164.1	ENSG00000249592.8	PCGF3-AS1
ENST00000722165.1	ENSG00000249592.8	PCGF3-AS1
ENST00000722166.1	ENSG00000249592.8	PCGF3-AS1
ENST00000722167.1	ENSG00000249592.8	PCGF3-AS1
ENST00000722168.1	ENSG00000249592.8	PCGF3-AS1
ENST00000722169.1	ENSG00000249592.8	PCGF3-AS1
ENST00000429768.1	ENSG00000229739.5	PDC-AS1
ENST00000622121.1	ENSG00000229739.5	PDC-AS1
ENST00000655945.1	ENSG00000229739.5	PDC-AS1
ENST00000657692.1	ENSG00000229739.5	PDC-AS1
ENST00000660380.1	ENSG00000229739.5	PDC-AS1
ENST00000660991.1	ENSG00000229739.5	PDC-AS1
ENST00000776308.1	ENSG00000229739.5	PDC-AS1
ENST00000753215.1	ENSG00000248925.4	PDCD6-DT
ENST00000412133.5	ENSG00000229941.7	PDE11A-AS1
ENST00000653062.1	ENSG00000229941.7	PDE11A-AS1
ENST00000815671.1	ENSG00000229941.7	PDE11A-AS1
ENST00000478988.3	ENSG00000239677.7	PDZRN3-AS1
ENST00000608304.6	ENSG00000239677.7	PDZRN3-AS1
ENST00000608743.6	ENSG00000239677.7	PDZRN3-AS1
ENST00000619517.5	ENSG00000239677.7	PDZRN3-AS1
ENST00000840462.1	ENSG00000239677.7	PDZRN3-AS1
ENST00000840463.1	ENSG00000239677.7	PDZRN3-AS1
ENST00000840464.1	ENSG00000239677.7	PDZRN3-AS1
ENST00000840465.1	ENSG00000239677.7	PDZRN3-AS1
ENST00000840466.1	ENSG00000239677.7	PDZRN3-AS1
ENST00000840467.1	ENSG00000239677.7	PDZRN3-AS1
ENST00000581333.2	ENSG00000235790.8	PEF1-AS1
ENST00000585413.5	ENSG00000235790.8	PEF1-AS1
ENST00000585660.5	ENSG00000235790.8	PEF1-AS1
ENST00000587445.5	ENSG00000235790.8	PEF1-AS1
ENST00000588288.1	ENSG00000235790.8	PEF1-AS1
ENST00000589462.6	ENSG00000235790.8	PEF1-AS1
ENST00000591592.5	ENSG00000235790.8	PEF1-AS1
ENST00000591929.5	ENSG00000235790.8	PEF1-AS1
ENST00000593188.6	ENSG00000235790.8	PEF1-AS1
ENST00000607926.5	ENSG00000235790.8	PEF1-AS1
ENST00000608246.5	ENSG00000235790.8	PEF1-AS1
ENST00000608332.5	ENSG00000235790.8	PEF1-AS1
ENST00000608888.5	ENSG00000235790.8	PEF1-AS1
ENST00000609033.5	ENSG00000235790.8	PEF1-AS1
ENST00000609549.5	ENSG00000235790.8	PEF1-AS1
ENST00000609625.5	ENSG00000235790.8	PEF1-AS1
ENST00000610043.5	ENSG00000235790.8	PEF1-AS1
ENST00000610216.5	ENSG00000235790.8	PEF1-AS1
ENST00000623425.3	ENSG00000235790.8	PEF1-AS1
ENST00000623786.2	ENSG00000235790.8	PEF1-AS1
ENST00000623791.3	ENSG00000235790.8	PEF1-AS1
ENST00000624388.3	ENSG00000235790.8	PEF1-AS1
ENST00000820349.1	ENSG00000235790.8	PEF1-AS1
ENST00000820350.1	ENSG00000235790.8	PEF1-AS1
ENST00000820351.1	ENSG00000235790.8	PEF1-AS1
ENST00000820352.1	ENSG00000235790.8	PEF1-AS1
ENST00000820353.1	ENSG00000235790.8	PEF1-AS1
ENST00000820354.1	ENSG00000235790.8	PEF1-AS1
ENST00000820355.1	ENSG00000235790.8	PEF1-AS1
ENST00000820356.1	ENSG00000235790.8	PEF1-AS1
ENST00000820357.1	ENSG00000235790.8	PEF1-AS1
ENST00000820358.1	ENSG00000235790.8	PEF1-AS1
ENST00000820360.1	ENSG00000235790.8	PEF1-AS1
ENST00000820361.1	ENSG00000235790.8	PEF1-AS1
ENST00000820362.1	ENSG00000235790.8	PEF1-AS1
ENST00000820363.1	ENSG00000235790.8	PEF1-AS1
ENST00000820364.1	ENSG00000235790.8	PEF1-AS1
ENST00000820365.1	ENSG00000235790.8	PEF1-AS1
ENST00000820366.1	ENSG00000235790.8	PEF1-AS1
ENST00000466064.1	ENSG00000243799.1	PEX5L-AS1
ENST00000462801.3	ENSG00000244302.3	PEX5L-AS2
ENST00000786147.1	ENSG00000244302.3	PEX5L-AS2
ENST00000786148.1	ENSG00000244302.3	PEX5L-AS2
ENST00000786149.1	ENSG00000244302.3	PEX5L-AS2
ENST00000786150.1	ENSG00000244302.3	PEX5L-AS2
ENST00000604437.2	ENSG00000293296.1	PFN1P2
ENST00000323689.9	ENSG00000242791.3	PFN2-AS1
ENST00000471176.2	ENSG00000242791.3	PFN2-AS1
ENST00000432703.2	ENSG00000233246.2	PHC2-AS1
ENST00000829393.1	ENSG00000233246.2	PHC2-AS1
ENST00000829394.1	ENSG00000233246.2	PHC2-AS1
ENST00000508038.2	ENSG00000250467.2	PHOX2B-AS1
ENST00000510602.1	ENSG00000250467.2	PHOX2B-AS1
ENST00000819353.1	ENSG00000250467.2	PHOX2B-AS1
ENST00000819354.1	ENSG00000250467.2	PHOX2B-AS1
ENST00000819356.1	ENSG00000250467.2	PHOX2B-AS1
ENST00000819357.1	ENSG00000250467.2	PHOX2B-AS1
ENST00000819358.1	ENSG00000250467.2	PHOX2B-AS1
ENST00000819359.1	ENSG00000250467.2	PHOX2B-AS1
ENST00000819360.1	ENSG00000250467.2	PHOX2B-AS1
ENST00000819361.1	ENSG00000250467.2	PHOX2B-AS1
ENST00000819362.1	ENSG00000250467.2	PHOX2B-AS1
ENST00000819363.1	ENSG00000250467.2	PHOX2B-AS1
ENST00000819364.1	ENSG00000250467.2	PHOX2B-AS1
ENST00000819365.1	ENSG00000250467.2	PHOX2B-AS1
ENST00000819366.1	ENSG00000250467.2	PHOX2B-AS1
ENST00000819367.1	ENSG00000250467.2	PHOX2B-AS1
ENST00000819368.1	ENSG00000250467.2	PHOX2B-AS1
ENST00000819369.1	ENSG00000250467.2	PHOX2B-AS1
ENST00000819370.1	ENSG00000250467.2	PHOX2B-AS1
ENST00000819371.1	ENSG00000250467.2	PHOX2B-AS1
ENST00000412108.1	ENSG00000293134.1	PIN1P1
ENST00000626175.1	ENSG00000281473.1	PISRT1
ENST00000472913.2	ENSG00000242925.2	PLCH1-AS2
ENST00000425113.1	ENSG00000232825.4	PLPPR5-AS1
ENST00000647692.1	ENSG00000232825.4	PLPPR5-AS1
ENST00000658279.1	ENSG00000232825.4	PLPPR5-AS1
ENST00000660510.1	ENSG00000232825.4	PLPPR5-AS1
ENST00000662973.1	ENSG00000232825.4	PLPPR5-AS1
ENST00000785584.1	ENSG00000232825.4	PLPPR5-AS1
ENST00000785585.1	ENSG00000232825.4	PLPPR5-AS1
ENST00000785586.1	ENSG00000232825.4	PLPPR5-AS1
ENST00000473817.1	ENSG00000241457.1	PLSCR5-AS1
ENST00000652821.1	ENSG00000286619.1	PM20D1-AS1
ENST00000653632.1	ENSG00000286619.1	PM20D1-AS1
ENST00000653838.1	ENSG00000286619.1	PM20D1-AS1
ENST00000653906.1	ENSG00000286619.1	PM20D1-AS1
ENST00000656162.1	ENSG00000286619.1	PM20D1-AS1
ENST00000656452.1	ENSG00000286619.1	PM20D1-AS1
ENST00000656763.1	ENSG00000286619.1	PM20D1-AS1
ENST00000658744.1	ENSG00000286619.1	PM20D1-AS1
ENST00000659357.1	ENSG00000286619.1	PM20D1-AS1
ENST00000659611.1	ENSG00000286619.1	PM20D1-AS1
ENST00000659861.1	ENSG00000286619.1	PM20D1-AS1
ENST00000662563.1	ENSG00000286619.1	PM20D1-AS1
ENST00000662659.1	ENSG00000286619.1	PM20D1-AS1
ENST00000664013.1	ENSG00000286619.1	PM20D1-AS1
ENST00000664067.1	ENSG00000286619.1	PM20D1-AS1
ENST00000664074.1	ENSG00000286619.1	PM20D1-AS1
ENST00000664917.1	ENSG00000286619.1	PM20D1-AS1
ENST00000665342.1	ENSG00000286619.1	PM20D1-AS1
ENST00000669196.1	ENSG00000286619.1	PM20D1-AS1
ENST00000669230.1	ENSG00000286619.1	PM20D1-AS1
ENST00000670417.1	ENSG00000286619.1	PM20D1-AS1
ENST00000670773.1	ENSG00000286619.1	PM20D1-AS1
ENST00000424958.2	ENSG00000226757.3	PP12613
ENST00000746424.1	ENSG00000226757.3	PP12613
ENST00000746425.1	ENSG00000226757.3	PP12613
ENST00000746426.1	ENSG00000226757.3	PP12613
ENST00000746427.1	ENSG00000226757.3	PP12613
ENST00000506514.1	ENSG00000249453.1	PPARGC1A-AS1
ENST00000513150.1	ENSG00000290910.1	PPBPP2
ENST00000566195.1	ENSG00000261595.2	PPM1J-DT
ENST00000751909.1	ENSG00000261595.2	PPM1J-DT
ENST00000751910.1	ENSG00000261595.2	PPM1J-DT
ENST00000751911.1	ENSG00000261595.2	PPM1J-DT
ENST00000751912.1	ENSG00000261595.2	PPM1J-DT
ENST00000751913.1	ENSG00000261595.2	PPM1J-DT
ENST00000751914.1	ENSG00000261595.2	PPM1J-DT
ENST00000751915.1	ENSG00000261595.2	PPM1J-DT
ENST00000751916.1	ENSG00000261595.2	PPM1J-DT
ENST00000751917.1	ENSG00000261595.2	PPM1J-DT
ENST00000500009.3	ENSG00000246375.6	PPM1K-DT
ENST00000652965.1	ENSG00000246375.6	PPM1K-DT
ENST00000661337.1	ENSG00000246375.6	PPM1K-DT
ENST00000661338.2	ENSG00000246375.6	PPM1K-DT
ENST00000662571.1	ENSG00000246375.6	PPM1K-DT
ENST00000685747.2	ENSG00000246375.6	PPM1K-DT
ENST00000686103.2	ENSG00000246375.6	PPM1K-DT
ENST00000686365.2	ENSG00000246375.6	PPM1K-DT
ENST00000687426.2	ENSG00000246375.6	PPM1K-DT
ENST00000689612.3	ENSG00000246375.6	PPM1K-DT
ENST00000690428.2	ENSG00000246375.6	PPM1K-DT
ENST00000701526.2	ENSG00000246375.6	PPM1K-DT
ENST00000702217.1	ENSG00000246375.6	PPM1K-DT
ENST00000726978.1	ENSG00000246375.6	PPM1K-DT
ENST00000726981.1	ENSG00000246375.6	PPM1K-DT
ENST00000726982.1	ENSG00000246375.6	PPM1K-DT
ENST00000726983.1	ENSG00000246375.6	PPM1K-DT
ENST00000726984.1	ENSG00000246375.6	PPM1K-DT
ENST00000726985.1	ENSG00000246375.6	PPM1K-DT
ENST00000726986.1	ENSG00000246375.6	PPM1K-DT
ENST00000726987.1	ENSG00000246375.6	PPM1K-DT
ENST00000726988.1	ENSG00000246375.6	PPM1K-DT
ENST00000726989.1	ENSG00000246375.6	PPM1K-DT
ENST00000726990.1	ENSG00000246375.6	PPM1K-DT
ENST00000726991.1	ENSG00000246375.6	PPM1K-DT
ENST00000726992.1	ENSG00000246375.6	PPM1K-DT
ENST00000726993.1	ENSG00000246375.6	PPM1K-DT
ENST00000726994.1	ENSG00000246375.6	PPM1K-DT
ENST00000726995.1	ENSG00000246375.6	PPM1K-DT
ENST00000726996.1	ENSG00000246375.6	PPM1K-DT
ENST00000726997.1	ENSG00000246375.6	PPM1K-DT
ENST00000726998.1	ENSG00000246375.6	PPM1K-DT
ENST00000726999.1	ENSG00000246375.6	PPM1K-DT
ENST00000727000.1	ENSG00000246375.6	PPM1K-DT
ENST00000727001.1	ENSG00000246375.6	PPM1K-DT
ENST00000727002.1	ENSG00000246375.6	PPM1K-DT
ENST00000727003.1	ENSG00000246375.6	PPM1K-DT
ENST00000727004.1	ENSG00000246375.6	PPM1K-DT
ENST00000727005.1	ENSG00000246375.6	PPM1K-DT
ENST00000727006.1	ENSG00000246375.6	PPM1K-DT
ENST00000727007.1	ENSG00000246375.6	PPM1K-DT
ENST00000727008.1	ENSG00000246375.6	PPM1K-DT
ENST00000727009.1	ENSG00000246375.6	PPM1K-DT
ENST00000727010.1	ENSG00000246375.6	PPM1K-DT
ENST00000727011.1	ENSG00000246375.6	PPM1K-DT
ENST00000727012.1	ENSG00000246375.6	PPM1K-DT
ENST00000727013.1	ENSG00000246375.6	PPM1K-DT
ENST00000727014.1	ENSG00000246375.6	PPM1K-DT
ENST00000727018.1	ENSG00000246375.6	PPM1K-DT
ENST00000727019.1	ENSG00000246375.6	PPM1K-DT
ENST00000727020.1	ENSG00000246375.6	PPM1K-DT
ENST00000727021.1	ENSG00000246375.6	PPM1K-DT
ENST00000727026.1	ENSG00000246375.6	PPM1K-DT
ENST00000443515.1	ENSG00000226330.2	PPP1R15B-AS1
ENST00000775926.1	ENSG00000226330.2	PPP1R15B-AS1
ENST00000775927.1	ENSG00000226330.2	PPP1R15B-AS1
ENST00000775928.1	ENSG00000226330.2	PPP1R15B-AS1
ENST00000775929.1	ENSG00000226330.2	PPP1R15B-AS1
ENST00000775930.1	ENSG00000226330.2	PPP1R15B-AS1
ENST00000775931.1	ENSG00000226330.2	PPP1R15B-AS1
ENST00000775932.1	ENSG00000226330.2	PPP1R15B-AS1
ENST00000527564.3	ENSG00000254531.4	PPP3CA-DT
ENST00000529296.4	ENSG00000254531.4	PPP3CA-DT
ENST00000689482.2	ENSG00000254531.4	PPP3CA-DT
ENST00000750060.1	ENSG00000254531.4	PPP3CA-DT
ENST00000687213.2	ENSG00000289156.3	PPP3R1-AS1
ENST00000702914.1	ENSG00000289156.3	PPP3R1-AS1
ENST00000702987.2	ENSG00000289156.3	PPP3R1-AS1
ENST00000798127.1	ENSG00000289156.3	PPP3R1-AS1
ENST00000798128.1	ENSG00000289156.3	PPP3R1-AS1
ENST00000798129.1	ENSG00000289156.3	PPP3R1-AS1
ENST00000798130.1	ENSG00000289156.3	PPP3R1-AS1
ENST00000798131.1	ENSG00000289156.3	PPP3R1-AS1
ENST00000798132.1	ENSG00000289156.3	PPP3R1-AS1
ENST00000798133.1	ENSG00000289156.3	PPP3R1-AS1
ENST00000798134.1	ENSG00000289156.3	PPP3R1-AS1
ENST00000798135.1	ENSG00000289156.3	PPP3R1-AS1
ENST00000749892.1	ENSG00000272606.3	PPP4R3B-DT
ENST00000503589.1	ENSG00000248719.3	PRDM8-AS1
ENST00000653209.1	ENSG00000248719.3	PRDM8-AS1
ENST00000813820.1	ENSG00000248719.3	PRDM8-AS1
ENST00000813821.1	ENSG00000248719.3	PRDM8-AS1
ENST00000813822.1	ENSG00000248719.3	PRDM8-AS1
ENST00000813824.1	ENSG00000248719.3	PRDM8-AS1
ENST00000813825.1	ENSG00000248719.3	PRDM8-AS1
ENST00000813826.1	ENSG00000248719.3	PRDM8-AS1
ENST00000460946.2	ENSG00000241111.2	PRICKLE2-AS1
ENST00000476308.2	ENSG00000241111.2	PRICKLE2-AS1
ENST00000482609.1	ENSG00000241111.2	PRICKLE2-AS1
ENST00000726831.1	ENSG00000241111.2	PRICKLE2-AS1
ENST00000726832.1	ENSG00000241111.2	PRICKLE2-AS1
ENST00000726833.1	ENSG00000241111.2	PRICKLE2-AS1
ENST00000726836.1	ENSG00000241111.2	PRICKLE2-AS1
ENST00000726838.1	ENSG00000241111.2	PRICKLE2-AS1
ENST00000835896.1	ENSG00000241111.2	PRICKLE2-AS1
ENST00000473434.1	ENSG00000226017.2	PRICKLE2-AS3
ENST00000487097.1	ENSG00000244564.3	PRICKLE2-DT
ENST00000659263.1	ENSG00000244564.3	PRICKLE2-DT
ENST00000762006.1	ENSG00000244564.3	PRICKLE2-DT
ENST00000412171.2	ENSG00000224424.9	PRKAR2A-AS1
ENST00000416209.2	ENSG00000224424.9	PRKAR2A-AS1
ENST00000431705.2	ENSG00000224424.9	PRKAR2A-AS1
ENST00000435419.2	ENSG00000224424.9	PRKAR2A-AS1
ENST00000655796.1	ENSG00000224424.9	PRKAR2A-AS1
ENST00000665061.1	ENSG00000224424.9	PRKAR2A-AS1
ENST00000669166.1	ENSG00000224424.9	PRKAR2A-AS1
ENST00000721545.1	ENSG00000224424.9	PRKAR2A-AS1
ENST00000721546.1	ENSG00000224424.9	PRKAR2A-AS1
ENST00000721547.1	ENSG00000224424.9	PRKAR2A-AS1
ENST00000721548.1	ENSG00000224424.9	PRKAR2A-AS1
ENST00000433893.2	ENSG00000232028.2	PRKD3-DT
ENST00000791524.1	ENSG00000232028.2	PRKD3-DT
ENST00000791525.1	ENSG00000232028.2	PRKD3-DT
ENST00000791526.1	ENSG00000232028.2	PRKD3-DT
ENST00000791527.1	ENSG00000232028.2	PRKD3-DT
ENST00000791528.1	ENSG00000232028.2	PRKD3-DT
ENST00000366287.4	ENSG00000293422.2	PRORSD1P
ENST00000563365.1	ENSG00000293422.2	PRORSD1P
ENST00000579162.1	ENSG00000293422.2	PRORSD1P
ENST00000594078.1	ENSG00000293422.2	PRORSD1P
ENST00000599352.5	ENSG00000293422.2	PRORSD1P
ENST00000599475.1	ENSG00000293422.2	PRORSD1P
ENST00000600219.5	ENSG00000293422.2	PRORSD1P
ENST00000608103.5	ENSG00000293422.2	PRORSD1P
ENST00000613806.1	ENSG00000293422.2	PRORSD1P
ENST00000625264.2	ENSG00000293422.2	PRORSD1P
ENST00000625627.2	ENSG00000293422.2	PRORSD1P
ENST00000625679.2	ENSG00000293422.2	PRORSD1P
ENST00000625718.2	ENSG00000293422.2	PRORSD1P
ENST00000625841.1	ENSG00000293422.2	PRORSD1P
ENST00000626036.2	ENSG00000293422.2	PRORSD1P
ENST00000626053.2	ENSG00000293422.2	PRORSD1P
ENST00000626226.2	ENSG00000293422.2	PRORSD1P
ENST00000626359.1	ENSG00000293422.2	PRORSD1P
ENST00000626674.2	ENSG00000293422.2	PRORSD1P
ENST00000627989.2	ENSG00000293422.2	PRORSD1P
ENST00000628048.2	ENSG00000293422.2	PRORSD1P
ENST00000628820.2	ENSG00000293422.2	PRORSD1P
ENST00000629546.2	ENSG00000293422.2	PRORSD1P
ENST00000629788.1	ENSG00000293422.2	PRORSD1P
ENST00000629819.2	ENSG00000293422.2	PRORSD1P
ENST00000629859.2	ENSG00000293422.2	PRORSD1P
ENST00000630025.2	ENSG00000293422.2	PRORSD1P
ENST00000670067.1	ENSG00000293422.2	PRORSD1P
ENST00000786898.1	ENSG00000293422.2	PRORSD1P
ENST00000786899.1	ENSG00000293422.2	PRORSD1P
ENST00000786900.1	ENSG00000293422.2	PRORSD1P
ENST00000786901.1	ENSG00000293422.2	PRORSD1P
ENST00000786902.1	ENSG00000293422.2	PRORSD1P
ENST00000786903.1	ENSG00000293422.2	PRORSD1P
ENST00000409982.1	ENSG00000290614.1	PRSS40A
ENST00000419965.1	ENSG00000290614.1	PRSS40A
ENST00000440359.1	ENSG00000290614.1	PRSS40A
ENST00000462717.1	ENSG00000243410.1	PSMD6-AS1
ENST00000472046.1	ENSG00000239653.1	PSMD6-AS2
ENST00000426775.1	ENSG00000235782.2	PTGER3-AS1
ENST00000766602.1	ENSG00000235782.2	PTGER3-AS1
ENST00000756279.1	ENSG00000293457.2	PTPRVP
ENST00000756284.1	ENSG00000293457.2	PTPRVP
ENST00000756286.1	ENSG00000293457.2	PTPRVP
ENST00000438488.1	ENSG00000223812.9	PYDC2-AS1
ENST00000439804.6	ENSG00000223812.9	PYDC2-AS1
ENST00000641055.1	ENSG00000223812.9	PYDC2-AS1
ENST00000641158.1	ENSG00000223812.9	PYDC2-AS1
ENST00000642133.1	ENSG00000223812.9	PYDC2-AS1
ENST00000655253.1	ENSG00000223812.9	PYDC2-AS1
ENST00000657540.1	ENSG00000223812.9	PYDC2-AS1
ENST00000661668.1	ENSG00000223812.9	PYDC2-AS1
ENST00000662007.2	ENSG00000223812.9	PYDC2-AS1
ENST00000662578.1	ENSG00000223812.9	PYDC2-AS1
ENST00000662906.1	ENSG00000223812.9	PYDC2-AS1
ENST00000663647.1	ENSG00000223812.9	PYDC2-AS1
ENST00000664994.1	ENSG00000223812.9	PYDC2-AS1
ENST00000668276.1	ENSG00000223812.9	PYDC2-AS1
ENST00000744851.1	ENSG00000223812.9	PYDC2-AS1
ENST00000744852.1	ENSG00000223812.9	PYDC2-AS1
ENST00000744854.1	ENSG00000223812.9	PYDC2-AS1
ENST00000744857.1	ENSG00000223812.9	PYDC2-AS1
ENST00000744858.1	ENSG00000223812.9	PYDC2-AS1
ENST00000744859.1	ENSG00000223812.9	PYDC2-AS1
ENST00000744861.1	ENSG00000223812.9	PYDC2-AS1
ENST00000744862.1	ENSG00000223812.9	PYDC2-AS1
ENST00000744863.1	ENSG00000223812.9	PYDC2-AS1
ENST00000605085.1	ENSG00000271380.1	PYGO2-AS1
ENST00000452801.2	ENSG00000234949.3	RAB17-DT
ENST00000745521.1	ENSG00000234949.3	RAB17-DT
ENST00000745522.1	ENSG00000234949.3	RAB17-DT
ENST00000414890.1	ENSG00000223525.1	RABGAP1L-IT1
ENST00000507566.1	ENSG00000271874.2	RAI14-DT
ENST00000507770.1	ENSG00000250170.1	RASA2-IT1
ENST00000505107.1	ENSG00000251450.3	RASGRF2-AS1
ENST00000505694.2	ENSG00000251450.3	RASGRF2-AS1
ENST00000660640.1	ENSG00000251450.3	RASGRF2-AS1
ENST00000667579.1	ENSG00000251450.3	RASGRF2-AS1
ENST00000772315.1	ENSG00000251450.3	RASGRF2-AS1
ENST00000772316.1	ENSG00000251450.3	RASGRF2-AS1
ENST00000772317.1	ENSG00000251450.3	RASGRF2-AS1
ENST00000772318.1	ENSG00000251450.3	RASGRF2-AS1
ENST00000772319.1	ENSG00000251450.3	RASGRF2-AS1
ENST00000772320.1	ENSG00000251450.3	RASGRF2-AS1
ENST00000772321.1	ENSG00000251450.3	RASGRF2-AS1
ENST00000772322.1	ENSG00000251450.3	RASGRF2-AS1
ENST00000772323.1	ENSG00000251450.3	RASGRF2-AS1
ENST00000772324.1	ENSG00000251450.3	RASGRF2-AS1
ENST00000629828.2	ENSG00000281358.2	RASSF1-AS1
ENST00000514187.1	ENSG00000250893.1	RBM47-AS1
ENST00000424181.2	ENSG00000224977.3	RC3H1-DT
ENST00000688280.2	ENSG00000224977.3	RC3H1-DT
ENST00000726555.1	ENSG00000224977.3	RC3H1-DT
ENST00000439577.1	ENSG00000227751.1	RCC2-AS1
ENST00000630320.1	ENSG00000281391.1	RCC2-AS1
ENST00000465215.1	ENSG00000214407.4	RDUR
ENST00000483840.1	ENSG00000214407.4	RDUR
ENST00000498624.1	ENSG00000214407.4	RDUR
ENST00000657494.1	ENSG00000214407.4	RDUR
ENST00000772038.1	ENSG00000214407.4	RDUR
ENST00000772039.1	ENSG00000214407.4	RDUR
ENST00000772040.1	ENSG00000214407.4	RDUR
ENST00000772190.1	ENSG00000214407.4	RDUR
ENST00000772192.1	ENSG00000214407.4	RDUR
ENST00000772193.1	ENSG00000214407.4	RDUR
ENST00000449895.5	ENSG00000232912.6	RERE-AS1
ENST00000499131.1	ENSG00000246214.4	RETREG1-AS1
ENST00000653650.1	ENSG00000246214.4	RETREG1-AS1
ENST00000700847.1	ENSG00000246214.4	RETREG1-AS1
ENST00000716636.1	ENSG00000246214.4	RETREG1-AS1
ENST00000716637.1	ENSG00000246214.4	RETREG1-AS1
ENST00000818082.1	ENSG00000246214.4	RETREG1-AS1
ENST00000818083.1	ENSG00000246214.4	RETREG1-AS1
ENST00000455503.3	ENSG00000237976.3	RFX5-AS1
ENST00000609583.1	ENSG00000237976.3	RFX5-AS1
ENST00000811547.1	ENSG00000237976.3	RFX5-AS1
ENST00000811548.1	ENSG00000237976.3	RFX5-AS1
ENST00000811647.1	ENSG00000237976.3	RFX5-AS1
ENST00000415437.1	ENSG00000232892.2	RGS5-AS1
ENST00000835102.1	ENSG00000232892.2	RGS5-AS1
ENST00000607781.1	ENSG00000243819.4	RN7SL832P
ENST00000426725.4	ENSG00000234171.6	RNASEH1-DT
ENST00000438436.5	ENSG00000234171.6	RNASEH1-DT
ENST00000664922.4	ENSG00000234171.6	RNASEH1-DT
ENST00000797889.1	ENSG00000234171.6	RNASEH1-DT
ENST00000797890.1	ENSG00000234171.6	RNASEH1-DT
ENST00000797891.1	ENSG00000234171.6	RNASEH1-DT
ENST00000797892.1	ENSG00000234171.6	RNASEH1-DT
ENST00000609276.2	ENSG00000221571.3	RNU6ATAC35P
ENST00000433671.2	ENSG00000228436.5	RRAGC-DT
ENST00000443161.2	ENSG00000228436.5	RRAGC-DT
ENST00000456813.4	ENSG00000228436.5	RRAGC-DT
ENST00000663032.3	ENSG00000228436.5	RRAGC-DT
ENST00000667635.1	ENSG00000228436.5	RRAGC-DT
ENST00000770612.1	ENSG00000228436.5	RRAGC-DT
ENST00000770613.1	ENSG00000228436.5	RRAGC-DT
ENST00000770614.1	ENSG00000228436.5	RRAGC-DT
ENST00000770615.1	ENSG00000228436.5	RRAGC-DT
ENST00000770616.1	ENSG00000228436.5	RRAGC-DT
ENST00000770617.1	ENSG00000228436.5	RRAGC-DT
ENST00000770618.1	ENSG00000228436.5	RRAGC-DT
ENST00000770619.1	ENSG00000228436.5	RRAGC-DT
ENST00000770620.1	ENSG00000228436.5	RRAGC-DT
ENST00000770621.1	ENSG00000228436.5	RRAGC-DT
ENST00000770622.1	ENSG00000228436.5	RRAGC-DT
ENST00000770623.1	ENSG00000228436.5	RRAGC-DT
ENST00000770624.1	ENSG00000228436.5	RRAGC-DT
ENST00000770625.1	ENSG00000228436.5	RRAGC-DT
ENST00000770626.1	ENSG00000228436.5	RRAGC-DT
ENST00000653267.1	ENSG00000224616.5	RTCA-AS1
ENST00000456316.1	ENSG00000229162.1	RUNX3-AS1
ENST00000641005.1	ENSG00000240405.8	SAMMSON
ENST00000641014.1	ENSG00000240405.8	SAMMSON
ENST00000641043.1	ENSG00000240405.8	SAMMSON
ENST00000641053.1	ENSG00000240405.8	SAMMSON
ENST00000641128.1	ENSG00000240405.8	SAMMSON
ENST00000641194.2	ENSG00000240405.8	SAMMSON
ENST00000641260.1	ENSG00000240405.8	SAMMSON
ENST00000641295.1	ENSG00000240405.8	SAMMSON
ENST00000641395.1	ENSG00000240405.8	SAMMSON
ENST00000641431.1	ENSG00000240405.8	SAMMSON
ENST00000641457.1	ENSG00000240405.8	SAMMSON
ENST00000641532.1	ENSG00000240405.8	SAMMSON
ENST00000641601.1	ENSG00000240405.8	SAMMSON
ENST00000641648.1	ENSG00000240405.8	SAMMSON
ENST00000641715.1	ENSG00000240405.8	SAMMSON
ENST00000641901.2	ENSG00000240405.8	SAMMSON
ENST00000641929.2	ENSG00000240405.8	SAMMSON
ENST00000642004.1	ENSG00000240405.8	SAMMSON
ENST00000642089.1	ENSG00000240405.8	SAMMSON
ENST00000642114.2	ENSG00000240405.8	SAMMSON
ENST00000769907.1	ENSG00000240405.8	SAMMSON
ENST00000769908.1	ENSG00000240405.8	SAMMSON
ENST00000769909.1	ENSG00000240405.8	SAMMSON
ENST00000769910.1	ENSG00000240405.8	SAMMSON
ENST00000769911.1	ENSG00000240405.8	SAMMSON
ENST00000842478.1	ENSG00000240405.8	SAMMSON
ENST00000842479.1	ENSG00000240405.8	SAMMSON
ENST00000414198.7	ENSG00000228956.10	SATB1-AS1
ENST00000438418.8	ENSG00000228956.10	SATB1-AS1
ENST00000453361.1	ENSG00000228956.10	SATB1-AS1
ENST00000456253.6	ENSG00000228956.10	SATB1-AS1
ENST00000593444.5	ENSG00000228956.10	SATB1-AS1
ENST00000593741.6	ENSG00000228956.10	SATB1-AS1
ENST00000595250.5	ENSG00000228956.10	SATB1-AS1
ENST00000595388.5	ENSG00000228956.10	SATB1-AS1
ENST00000595865.5	ENSG00000228956.10	SATB1-AS1
ENST00000596139.3	ENSG00000228956.10	SATB1-AS1
ENST00000596277.5	ENSG00000228956.10	SATB1-AS1
ENST00000596307.5	ENSG00000228956.10	SATB1-AS1
ENST00000598149.7	ENSG00000228956.10	SATB1-AS1
ENST00000598498.6	ENSG00000228956.10	SATB1-AS1
ENST00000598688.5	ENSG00000228956.10	SATB1-AS1
ENST00000598740.6	ENSG00000228956.10	SATB1-AS1
ENST00000599762.5	ENSG00000228956.10	SATB1-AS1
ENST00000600177.5	ENSG00000228956.10	SATB1-AS1
ENST00000609327.2	ENSG00000228956.10	SATB1-AS1
ENST00000625515.2	ENSG00000228956.10	SATB1-AS1
ENST00000625591.2	ENSG00000228956.10	SATB1-AS1
ENST00000626217.2	ENSG00000228956.10	SATB1-AS1
ENST00000626526.1	ENSG00000228956.10	SATB1-AS1
ENST00000626606.2	ENSG00000228956.10	SATB1-AS1
ENST00000626737.2	ENSG00000228956.10	SATB1-AS1
ENST00000626809.2	ENSG00000228956.10	SATB1-AS1
ENST00000626921.2	ENSG00000228956.10	SATB1-AS1
ENST00000626982.2	ENSG00000228956.10	SATB1-AS1
ENST00000627157.3	ENSG00000228956.10	SATB1-AS1
ENST00000627379.1	ENSG00000228956.10	SATB1-AS1
ENST00000627407.2	ENSG00000228956.10	SATB1-AS1
ENST00000627496.2	ENSG00000228956.10	SATB1-AS1
ENST00000627546.2	ENSG00000228956.10	SATB1-AS1
ENST00000627668.1	ENSG00000228956.10	SATB1-AS1
ENST00000627829.2	ENSG00000228956.10	SATB1-AS1
ENST00000627923.2	ENSG00000228956.10	SATB1-AS1
ENST00000628055.2	ENSG00000228956.10	SATB1-AS1
ENST00000628209.2	ENSG00000228956.10	SATB1-AS1
ENST00000628248.2	ENSG00000228956.10	SATB1-AS1
ENST00000628425.2	ENSG00000228956.10	SATB1-AS1
ENST00000628431.2	ENSG00000228956.10	SATB1-AS1
ENST00000628491.2	ENSG00000228956.10	SATB1-AS1
ENST00000628891.2	ENSG00000228956.10	SATB1-AS1
ENST00000628963.3	ENSG00000228956.10	SATB1-AS1
ENST00000629109.2	ENSG00000228956.10	SATB1-AS1
ENST00000629177.3	ENSG00000228956.10	SATB1-AS1
ENST00000629405.2	ENSG00000228956.10	SATB1-AS1
ENST00000629477.3	ENSG00000228956.10	SATB1-AS1
ENST00000629516.2	ENSG00000228956.10	SATB1-AS1
ENST00000629984.2	ENSG00000228956.10	SATB1-AS1
ENST00000630022.1	ENSG00000228956.10	SATB1-AS1
ENST00000630073.2	ENSG00000228956.10	SATB1-AS1
ENST00000630609.3	ENSG00000228956.10	SATB1-AS1
ENST00000630749.2	ENSG00000228956.10	SATB1-AS1
ENST00000630766.1	ENSG00000228956.10	SATB1-AS1
ENST00000631058.2	ENSG00000228956.10	SATB1-AS1
ENST00000631076.2	ENSG00000228956.10	SATB1-AS1
ENST00000631123.2	ENSG00000228956.10	SATB1-AS1
ENST00000631285.2	ENSG00000228956.10	SATB1-AS1
ENST00000683051.1	ENSG00000228956.10	SATB1-AS1
ENST00000683471.1	ENSG00000228956.10	SATB1-AS1
ENST00000734157.1	ENSG00000228956.10	SATB1-AS1
ENST00000734158.1	ENSG00000228956.10	SATB1-AS1
ENST00000734159.1	ENSG00000228956.10	SATB1-AS1
ENST00000734160.1	ENSG00000228956.10	SATB1-AS1
ENST00000734161.1	ENSG00000228956.10	SATB1-AS1
ENST00000734162.1	ENSG00000228956.10	SATB1-AS1
ENST00000734163.1	ENSG00000228956.10	SATB1-AS1
ENST00000734164.1	ENSG00000228956.10	SATB1-AS1
ENST00000734165.1	ENSG00000228956.10	SATB1-AS1
ENST00000734166.1	ENSG00000228956.10	SATB1-AS1
ENST00000734168.1	ENSG00000228956.10	SATB1-AS1
ENST00000734169.1	ENSG00000228956.10	SATB1-AS1
ENST00000734170.1	ENSG00000228956.10	SATB1-AS1
ENST00000734171.1	ENSG00000228956.10	SATB1-AS1
ENST00000734172.1	ENSG00000228956.10	SATB1-AS1
ENST00000734173.1	ENSG00000228956.10	SATB1-AS1
ENST00000768820.1	ENSG00000228956.10	SATB1-AS1
ENST00000768821.1	ENSG00000228956.10	SATB1-AS1
ENST00000768823.1	ENSG00000228956.10	SATB1-AS1
ENST00000768824.1	ENSG00000228956.10	SATB1-AS1
ENST00000768825.1	ENSG00000228956.10	SATB1-AS1
ENST00000768826.1	ENSG00000228956.10	SATB1-AS1
ENST00000416200.2	ENSG00000225953.6	SATB2-AS1
ENST00000441234.1	ENSG00000225953.6	SATB2-AS1
ENST00000442967.1	ENSG00000225953.6	SATB2-AS1
ENST00000446911.1	ENSG00000225953.6	SATB2-AS1
ENST00000450728.1	ENSG00000225953.6	SATB2-AS1
ENST00000666719.4	ENSG00000225953.6	SATB2-AS1
ENST00000668832.1	ENSG00000225953.6	SATB2-AS1
ENST00000731625.1	ENSG00000225953.6	SATB2-AS1
ENST00000731626.1	ENSG00000225953.6	SATB2-AS1
ENST00000731627.1	ENSG00000225953.6	SATB2-AS1
ENST00000731631.1	ENSG00000225953.6	SATB2-AS1
ENST00000731632.1	ENSG00000225953.6	SATB2-AS1
ENST00000731633.1	ENSG00000225953.6	SATB2-AS1
ENST00000731634.1	ENSG00000225953.6	SATB2-AS1
ENST00000731635.1	ENSG00000225953.6	SATB2-AS1
ENST00000731636.1	ENSG00000225953.6	SATB2-AS1
ENST00000731637.1	ENSG00000225953.6	SATB2-AS1
ENST00000731638.1	ENSG00000225953.6	SATB2-AS1
ENST00000731639.1	ENSG00000225953.6	SATB2-AS1
ENST00000421004.5	ENSG00000245556.6	SCAMP1-AS1
ENST00000513755.4	ENSG00000245556.6	SCAMP1-AS1
ENST00000665502.1	ENSG00000245556.6	SCAMP1-AS1
ENST00000812531.1	ENSG00000245556.6	SCAMP1-AS1
ENST00000812532.1	ENSG00000245556.6	SCAMP1-AS1
ENST00000422305.2	ENSG00000235358.3	SCMH1-DT
ENST00000425554.2	ENSG00000235358.3	SCMH1-DT
ENST00000445073.1	ENSG00000235358.3	SCMH1-DT
ENST00000657314.1	ENSG00000235358.3	SCMH1-DT
ENST00000670398.1	ENSG00000235358.3	SCMH1-DT
ENST00000847534.1	ENSG00000235358.3	SCMH1-DT
ENST00000847535.1	ENSG00000235358.3	SCMH1-DT
ENST00000847536.1	ENSG00000235358.3	SCMH1-DT
ENST00000847537.1	ENSG00000235358.3	SCMH1-DT
ENST00000847538.1	ENSG00000235358.3	SCMH1-DT
ENST00000847539.1	ENSG00000235358.3	SCMH1-DT
ENST00000847540.1	ENSG00000235358.3	SCMH1-DT
ENST00000847541.1	ENSG00000235358.3	SCMH1-DT
ENST00000847542.1	ENSG00000235358.3	SCMH1-DT
ENST00000847543.1	ENSG00000235358.3	SCMH1-DT
ENST00000847544.1	ENSG00000235358.3	SCMH1-DT
ENST00000847545.1	ENSG00000235358.3	SCMH1-DT
ENST00000847546.1	ENSG00000235358.3	SCMH1-DT
ENST00000847547.1	ENSG00000235358.3	SCMH1-DT
ENST00000847548.1	ENSG00000235358.3	SCMH1-DT
ENST00000847549.1	ENSG00000235358.3	SCMH1-DT
ENST00000847550.1	ENSG00000235358.3	SCMH1-DT
ENST00000847551.1	ENSG00000235358.3	SCMH1-DT
ENST00000847552.1	ENSG00000235358.3	SCMH1-DT
ENST00000847553.1	ENSG00000235358.3	SCMH1-DT
ENST00000847554.1	ENSG00000235358.3	SCMH1-DT
ENST00000847555.1	ENSG00000235358.3	SCMH1-DT
ENST00000847556.1	ENSG00000235358.3	SCMH1-DT
ENST00000847557.1	ENSG00000235358.3	SCMH1-DT
ENST00000847558.1	ENSG00000235358.3	SCMH1-DT
ENST00000447809.2	ENSG00000236107.12	SCN1A-AS1
ENST00000595268.3	ENSG00000236107.12	SCN1A-AS1
ENST00000597623.4	ENSG00000236107.12	SCN1A-AS1
ENST00000625775.1	ENSG00000236107.12	SCN1A-AS1
ENST00000628608.2	ENSG00000236107.12	SCN1A-AS1
ENST00000629804.2	ENSG00000236107.12	SCN1A-AS1
ENST00000630020.3	ENSG00000236107.12	SCN1A-AS1
ENST00000651013.1	ENSG00000236107.12	SCN1A-AS1
ENST00000651562.1	ENSG00000236107.12	SCN1A-AS1
ENST00000651574.1	ENSG00000236107.12	SCN1A-AS1
ENST00000651673.1	ENSG00000236107.12	SCN1A-AS1
ENST00000651782.1	ENSG00000236107.12	SCN1A-AS1
ENST00000657189.1	ENSG00000236107.12	SCN1A-AS1
ENST00000658447.1	ENSG00000236107.12	SCN1A-AS1
ENST00000660239.1	ENSG00000236107.12	SCN1A-AS1
ENST00000660342.1	ENSG00000236107.12	SCN1A-AS1
ENST00000668514.1	ENSG00000236107.12	SCN1A-AS1
ENST00000668610.1	ENSG00000236107.12	SCN1A-AS1
ENST00000670867.1	ENSG00000236107.12	SCN1A-AS1
ENST00000671220.1	ENSG00000236107.12	SCN1A-AS1
ENST00000671284.1	ENSG00000236107.12	SCN1A-AS1
ENST00000714451.2	ENSG00000236107.12	SCN1A-AS1
ENST00000727524.1	ENSG00000236107.12	SCN1A-AS1
ENST00000834712.1	ENSG00000236107.12	SCN1A-AS1
ENST00000834713.1	ENSG00000236107.12	SCN1A-AS1
ENST00000834714.1	ENSG00000236107.12	SCN1A-AS1
ENST00000413602.1	ENSG00000231013.3	SCTR-AS1
ENST00000457436.2	ENSG00000231013.3	SCTR-AS1
ENST00000457601.1	ENSG00000290763.2	SDHAP1
ENST00000774740.1	ENSG00000290763.2	SDHAP1
ENST00000774744.1	ENSG00000290763.2	SDHAP1
ENST00000774745.1	ENSG00000290763.2	SDHAP1
ENST00000774746.1	ENSG00000290763.2	SDHAP1
ENST00000774773.1	ENSG00000290763.2	SDHAP1
ENST00000774774.1	ENSG00000290763.2	SDHAP1
ENST00000774775.1	ENSG00000290763.2	SDHAP1
ENST00000774776.1	ENSG00000290763.2	SDHAP1
ENST00000502273.8	ENSG00000291079.2	SDHAP3
ENST00000507290.5	ENSG00000291079.2	SDHAP3
ENST00000507505.6	ENSG00000291079.2	SDHAP3
ENST00000507841.5	ENSG00000291079.2	SDHAP3
ENST00000690809.1	ENSG00000291079.2	SDHAP3
ENST00000702044.1	ENSG00000291079.2	SDHAP3
ENST00000721051.1	ENSG00000291079.2	SDHAP3
ENST00000721066.1	ENSG00000291079.2	SDHAP3
ENST00000721067.1	ENSG00000291079.2	SDHAP3
ENST00000721069.1	ENSG00000291079.2	SDHAP3
ENST00000721070.1	ENSG00000291079.2	SDHAP3
ENST00000721071.1	ENSG00000291079.2	SDHAP3
ENST00000721072.1	ENSG00000291079.2	SDHAP3
ENST00000721074.1	ENSG00000291079.2	SDHAP3
ENST00000721077.1	ENSG00000291079.2	SDHAP3
ENST00000721078.1	ENSG00000291079.2	SDHAP3
ENST00000721079.1	ENSG00000291079.2	SDHAP3
ENST00000721099.1	ENSG00000291079.2	SDHAP3
ENST00000721118.1	ENSG00000291079.2	SDHAP3
ENST00000721119.1	ENSG00000291079.2	SDHAP3
ENST00000721120.1	ENSG00000291079.2	SDHAP3
ENST00000721409.1	ENSG00000291079.2	SDHAP3
ENST00000721413.1	ENSG00000291079.2	SDHAP3
ENST00000721426.1	ENSG00000291079.2	SDHAP3
ENST00000721428.1	ENSG00000291079.2	SDHAP3
ENST00000721431.1	ENSG00000291079.2	SDHAP3
ENST00000721432.1	ENSG00000291079.2	SDHAP3
ENST00000721453.1	ENSG00000291079.2	SDHAP3
ENST00000507794.2	ENSG00000281501.1	SEPSECS-AS1
ENST00000772942.1	ENSG00000291056.2	SEPTIN7P9
ENST00000439964.2	ENSG00000226756.2	SERTAD2-AS1
ENST00000796739.1	ENSG00000226756.2	SERTAD2-AS1
ENST00000448208.5	ENSG00000231304.3	SGO1-AS1
ENST00000455626.1	ENSG00000231304.3	SGO1-AS1
ENST00000634837.1	ENSG00000231304.3	SGO1-AS1
ENST00000736217.1	ENSG00000231304.3	SGO1-AS1
ENST00000736218.1	ENSG00000231304.3	SGO1-AS1
ENST00000736220.1	ENSG00000231304.3	SGO1-AS1
ENST00000736221.1	ENSG00000231304.3	SGO1-AS1
ENST00000736222.1	ENSG00000231304.3	SGO1-AS1
ENST00000736223.1	ENSG00000231304.3	SGO1-AS1
ENST00000736224.1	ENSG00000231304.3	SGO1-AS1
ENST00000736225.1	ENSG00000231304.3	SGO1-AS1
ENST00000736226.1	ENSG00000231304.3	SGO1-AS1
ENST00000736227.1	ENSG00000231304.3	SGO1-AS1
ENST00000826894.1	ENSG00000231304.3	SGO1-AS1
ENST00000826895.1	ENSG00000231304.3	SGO1-AS1
ENST00000826896.1	ENSG00000231304.3	SGO1-AS1
ENST00000826897.1	ENSG00000231304.3	SGO1-AS1
ENST00000826898.1	ENSG00000231304.3	SGO1-AS1
ENST00000826899.1	ENSG00000231304.3	SGO1-AS1
ENST00000826900.1	ENSG00000231304.3	SGO1-AS1
ENST00000826901.1	ENSG00000231304.3	SGO1-AS1
ENST00000826902.1	ENSG00000231304.3	SGO1-AS1
ENST00000826903.1	ENSG00000231304.3	SGO1-AS1
ENST00000837212.1	ENSG00000231304.3	SGO1-AS1
ENST00000413977.2	ENSG00000224660.2	SH3BP5-AS1
ENST00000420195.1	ENSG00000224660.2	SH3BP5-AS1
ENST00000436602.2	ENSG00000224660.2	SH3BP5-AS1
ENST00000655760.1	ENSG00000224660.2	SH3BP5-AS1
ENST00000659956.1	ENSG00000224660.2	SH3BP5-AS1
ENST00000668440.1	ENSG00000224660.2	SH3BP5-AS1
ENST00000449007.2	ENSG00000233860.3	SHROOM3-AS1
ENST00000452412.1	ENSG00000233860.3	SHROOM3-AS1
ENST00000660459.1	ENSG00000233860.3	SHROOM3-AS1
ENST00000666047.1	ENSG00000233860.3	SHROOM3-AS1
ENST00000666924.2	ENSG00000233860.3	SHROOM3-AS1
ENST00000668373.1	ENSG00000233860.3	SHROOM3-AS1
ENST00000669577.2	ENSG00000233860.3	SHROOM3-AS1
ENST00000747876.1	ENSG00000233860.3	SHROOM3-AS1
ENST00000747877.1	ENSG00000233860.3	SHROOM3-AS1
ENST00000747878.1	ENSG00000233860.3	SHROOM3-AS1
ENST00000747879.1	ENSG00000233860.3	SHROOM3-AS1
ENST00000747880.1	ENSG00000233860.3	SHROOM3-AS1
ENST00000747881.1	ENSG00000233860.3	SHROOM3-AS1
ENST00000747882.1	ENSG00000233860.3	SHROOM3-AS1
ENST00000747883.1	ENSG00000233860.3	SHROOM3-AS1
ENST00000747884.1	ENSG00000233860.3	SHROOM3-AS1
ENST00000747885.1	ENSG00000233860.3	SHROOM3-AS1
ENST00000747886.1	ENSG00000233860.3	SHROOM3-AS1
ENST00000461943.1	ENSG00000244265.3	SIAH2-AS1
ENST00000465576.1	ENSG00000244265.3	SIAH2-AS1
ENST00000476886.5	ENSG00000244265.3	SIAH2-AS1
ENST00000663257.1	ENSG00000244265.3	SIAH2-AS1
ENST00000693001.2	ENSG00000244265.3	SIAH2-AS1
ENST00000715814.1	ENSG00000244265.3	SIAH2-AS1
ENST00000715815.1	ENSG00000244265.3	SIAH2-AS1
ENST00000715816.1	ENSG00000244265.3	SIAH2-AS1
ENST00000715817.1	ENSG00000244265.3	SIAH2-AS1
ENST00000715818.1	ENSG00000244265.3	SIAH2-AS1
ENST00000715819.1	ENSG00000244265.3	SIAH2-AS1
ENST00000715820.1	ENSG00000244265.3	SIAH2-AS1
ENST00000715821.1	ENSG00000244265.3	SIAH2-AS1
ENST00000715822.1	ENSG00000244265.3	SIAH2-AS1
ENST00000716210.1	ENSG00000244265.3	SIAH2-AS1
ENST00000716211.1	ENSG00000244265.3	SIAH2-AS1
ENST00000391666.3	ENSG00000232044.9	SILC1
ENST00000431182.3	ENSG00000232044.9	SILC1
ENST00000431188.1	ENSG00000232044.9	SILC1
ENST00000444416.2	ENSG00000232044.9	SILC1
ENST00000456327.1	ENSG00000232044.9	SILC1
ENST00000625018.1	ENSG00000232044.9	SILC1
ENST00000654025.1	ENSG00000232044.9	SILC1
ENST00000654672.2	ENSG00000232044.9	SILC1
ENST00000654857.1	ENSG00000232044.9	SILC1
ENST00000658702.1	ENSG00000232044.9	SILC1
ENST00000659164.1	ENSG00000232044.9	SILC1
ENST00000659985.2	ENSG00000232044.9	SILC1
ENST00000663243.1	ENSG00000232044.9	SILC1
ENST00000664097.2	ENSG00000232044.9	SILC1
ENST00000664766.1	ENSG00000232044.9	SILC1
ENST00000665790.1	ENSG00000232044.9	SILC1
ENST00000666985.1	ENSG00000232044.9	SILC1
ENST00000667433.1	ENSG00000232044.9	SILC1
ENST00000668005.1	ENSG00000232044.9	SILC1
ENST00000668795.1	ENSG00000232044.9	SILC1
ENST00000670048.1	ENSG00000232044.9	SILC1
ENST00000670583.1	ENSG00000232044.9	SILC1
ENST00000670914.1	ENSG00000232044.9	SILC1
ENST00000670925.2	ENSG00000232044.9	SILC1
ENST00000687697.2	ENSG00000232044.9	SILC1
ENST00000690744.1	ENSG00000232044.9	SILC1
ENST00000747556.1	ENSG00000232044.9	SILC1
ENST00000747557.1	ENSG00000232044.9	SILC1
ENST00000747558.1	ENSG00000232044.9	SILC1
ENST00000747559.1	ENSG00000232044.9	SILC1
ENST00000747560.1	ENSG00000232044.9	SILC1
ENST00000747566.1	ENSG00000232044.9	SILC1
ENST00000747567.1	ENSG00000232044.9	SILC1
ENST00000747568.1	ENSG00000232044.9	SILC1
ENST00000747569.1	ENSG00000232044.9	SILC1
ENST00000747570.1	ENSG00000232044.9	SILC1
ENST00000747576.1	ENSG00000232044.9	SILC1
ENST00000747577.1	ENSG00000232044.9	SILC1
ENST00000747578.1	ENSG00000232044.9	SILC1
ENST00000747579.1	ENSG00000232044.9	SILC1
ENST00000747581.1	ENSG00000232044.9	SILC1
ENST00000747582.1	ENSG00000232044.9	SILC1
ENST00000826869.1	ENSG00000245937.11	SLC12A2-DT
ENST00000420168.2	ENSG00000226419.10	SLC16A1-AS1
ENST00000428411.6	ENSG00000226419.10	SLC16A1-AS1
ENST00000435800.7	ENSG00000226419.10	SLC16A1-AS1
ENST00000654334.2	ENSG00000226419.10	SLC16A1-AS1
ENST00000659961.1	ENSG00000226419.10	SLC16A1-AS1
ENST00000662852.2	ENSG00000226419.10	SLC16A1-AS1
ENST00000664314.2	ENSG00000226419.10	SLC16A1-AS1
ENST00000665960.1	ENSG00000226419.10	SLC16A1-AS1
ENST00000715663.2	ENSG00000226419.10	SLC16A1-AS1
ENST00000715664.2	ENSG00000226419.10	SLC16A1-AS1
ENST00000715665.1	ENSG00000226419.10	SLC16A1-AS1
ENST00000715666.1	ENSG00000226419.10	SLC16A1-AS1
ENST00000764794.1	ENSG00000226419.10	SLC16A1-AS1
ENST00000764800.1	ENSG00000226419.10	SLC16A1-AS1
ENST00000764802.1	ENSG00000226419.10	SLC16A1-AS1
ENST00000764803.1	ENSG00000226419.10	SLC16A1-AS1
ENST00000764804.1	ENSG00000226419.10	SLC16A1-AS1
ENST00000764805.1	ENSG00000226419.10	SLC16A1-AS1
ENST00000764806.1	ENSG00000226419.10	SLC16A1-AS1
ENST00000764807.1	ENSG00000226419.10	SLC16A1-AS1
ENST00000764808.1	ENSG00000226419.10	SLC16A1-AS1
ENST00000764809.1	ENSG00000226419.10	SLC16A1-AS1
ENST00000764810.1	ENSG00000226419.10	SLC16A1-AS1
ENST00000764811.1	ENSG00000226419.10	SLC16A1-AS1
ENST00000764812.1	ENSG00000226419.10	SLC16A1-AS1
ENST00000764813.1	ENSG00000226419.10	SLC16A1-AS1
ENST00000764814.1	ENSG00000226419.10	SLC16A1-AS1
ENST00000764815.1	ENSG00000226419.10	SLC16A1-AS1
ENST00000764816.1	ENSG00000226419.10	SLC16A1-AS1
ENST00000764817.1	ENSG00000226419.10	SLC16A1-AS1
ENST00000764818.1	ENSG00000226419.10	SLC16A1-AS1
ENST00000764819.1	ENSG00000226419.10	SLC16A1-AS1
ENST00000764821.1	ENSG00000226419.10	SLC16A1-AS1
ENST00000764822.1	ENSG00000226419.10	SLC16A1-AS1
ENST00000764823.1	ENSG00000226419.10	SLC16A1-AS1
ENST00000764824.1	ENSG00000226419.10	SLC16A1-AS1
ENST00000764825.1	ENSG00000226419.10	SLC16A1-AS1
ENST00000764827.1	ENSG00000226419.10	SLC16A1-AS1
ENST00000764828.1	ENSG00000226419.10	SLC16A1-AS1
ENST00000508745.3	ENSG00000250155.4	SLC1A3-AS1
ENST00000510740.2	ENSG00000250155.4	SLC1A3-AS1
ENST00000512329.3	ENSG00000250155.4	SLC1A3-AS1
ENST00000659180.1	ENSG00000250155.4	SLC1A3-AS1
ENST00000750858.1	ENSG00000250155.4	SLC1A3-AS1
ENST00000750859.1	ENSG00000250155.4	SLC1A3-AS1
ENST00000750860.1	ENSG00000250155.4	SLC1A3-AS1
ENST00000750861.1	ENSG00000250155.4	SLC1A3-AS1
ENST00000750863.1	ENSG00000250155.4	SLC1A3-AS1
ENST00000457336.2	ENSG00000237753.3	SLC20A1-DT
ENST00000661604.1	ENSG00000237753.3	SLC20A1-DT
ENST00000667014.1	ENSG00000237753.3	SLC20A1-DT
ENST00000671122.2	ENSG00000237753.3	SLC20A1-DT
ENST00000840903.1	ENSG00000237753.3	SLC20A1-DT
ENST00000840904.1	ENSG00000237753.3	SLC20A1-DT
ENST00000840906.1	ENSG00000237753.3	SLC20A1-DT
ENST00000840907.1	ENSG00000237753.3	SLC20A1-DT
ENST00000840908.1	ENSG00000237753.3	SLC20A1-DT
ENST00000668981.1	ENSG00000233705.10	SLC26A4-AS1
ENST00000416689.3	ENSG00000227533.8	SLC2A1-DT
ENST00000431759.7	ENSG00000227533.8	SLC2A1-DT
ENST00000653200.1	ENSG00000227533.8	SLC2A1-DT
ENST00000664148.1	ENSG00000227533.8	SLC2A1-DT
ENST00000755356.1	ENSG00000227533.8	SLC2A1-DT
ENST00000755357.1	ENSG00000227533.8	SLC2A1-DT
ENST00000755358.1	ENSG00000227533.8	SLC2A1-DT
ENST00000755359.1	ENSG00000227533.8	SLC2A1-DT
ENST00000755360.1	ENSG00000227533.8	SLC2A1-DT
ENST00000755361.1	ENSG00000227533.8	SLC2A1-DT
ENST00000733260.1	ENSG00000250413.2	SLC2A9-AS1
ENST00000733265.1	ENSG00000250413.2	SLC2A9-AS1
ENST00000733268.1	ENSG00000250413.2	SLC2A9-AS1
ENST00000461040.5	ENSG00000293490.2	SLC66A1LP
ENST00000468043.8	ENSG00000293490.2	SLC66A1LP
ENST00000498159.1	ENSG00000293490.2	SLC66A1LP
ENST00000651011.1	ENSG00000293490.2	SLC66A1LP
ENST00000651329.2	ENSG00000293490.2	SLC66A1LP
ENST00000848070.1	ENSG00000293490.2	SLC66A1LP
ENST00000330048.9	ENSG00000290985.1	SLC6A10P
ENST00000561837.1	ENSG00000290985.1	SLC6A10P
ENST00000510066.5	ENSG00000250033.6	SLC7A11-AS1
ENST00000510767.6	ENSG00000250033.6	SLC7A11-AS1
ENST00000512538.1	ENSG00000250033.6	SLC7A11-AS1
ENST00000512786.1	ENSG00000250033.6	SLC7A11-AS1
ENST00000514752.1	ENSG00000250033.6	SLC7A11-AS1
ENST00000732145.1	ENSG00000250033.6	SLC7A11-AS1
ENST00000732146.1	ENSG00000250033.6	SLC7A11-AS1
ENST00000732147.1	ENSG00000250033.6	SLC7A11-AS1
ENST00000732148.1	ENSG00000250033.6	SLC7A11-AS1
ENST00000643719.1	ENSG00000285051.3	SLC7A14-AS1
ENST00000661313.1	ENSG00000285051.3	SLC7A14-AS1
ENST00000663245.1	ENSG00000285051.3	SLC7A14-AS1
ENST00000782741.1	ENSG00000285051.3	SLC7A14-AS1
ENST00000782742.1	ENSG00000285051.3	SLC7A14-AS1
ENST00000782743.1	ENSG00000285051.3	SLC7A14-AS1
ENST00000782744.1	ENSG00000285051.3	SLC7A14-AS1
ENST00000782745.1	ENSG00000285051.3	SLC7A14-AS1
ENST00000782746.1	ENSG00000285051.3	SLC7A14-AS1
ENST00000782747.1	ENSG00000285051.3	SLC7A14-AS1
ENST00000782748.1	ENSG00000285051.3	SLC7A14-AS1
ENST00000593848.5	ENSG00000227028.7	SLC8A1-AS1
ENST00000598247.5	ENSG00000227028.7	SLC8A1-AS1
ENST00000601679.5	ENSG00000227028.7	SLC8A1-AS1
ENST00000610721.1	ENSG00000227028.7	SLC8A1-AS1
ENST00000611583.2	ENSG00000227028.7	SLC8A1-AS1
ENST00000625324.2	ENSG00000227028.7	SLC8A1-AS1
ENST00000627108.2	ENSG00000227028.7	SLC8A1-AS1
ENST00000630783.2	ENSG00000227028.7	SLC8A1-AS1
ENST00000631022.1	ENSG00000227028.7	SLC8A1-AS1
ENST00000803722.1	ENSG00000227028.7	SLC8A1-AS1
ENST00000803723.1	ENSG00000227028.7	SLC8A1-AS1
ENST00000606074.1	ENSG00000225138.8	SLC9A3-AS1
ENST00000606319.1	ENSG00000225138.8	SLC9A3-AS1
ENST00000607005.6	ENSG00000225138.8	SLC9A3-AS1
ENST00000607286.5	ENSG00000225138.8	SLC9A3-AS1
ENST00000658086.1	ENSG00000225138.8	SLC9A3-AS1
ENST00000658225.1	ENSG00000225138.8	SLC9A3-AS1
ENST00000667998.1	ENSG00000225138.8	SLC9A3-AS1
ENST00000490153.1	ENSG00000244493.1	SLC9A9-AS2
ENST00000626479.1	ENSG00000281207.1	SLFNL1-AS1
ENST00000515882.3	ENSG00000248228.3	SLIT2-IT1
ENST00000728680.1	ENSG00000248228.3	SLIT2-IT1
ENST00000728681.1	ENSG00000248228.3	SLIT2-IT1
ENST00000526807.3	ENSG00000255458.10	SMIM14-DT
ENST00000529314.2	ENSG00000255458.10	SMIM14-DT
ENST00000657228.1	ENSG00000255458.10	SMIM14-DT
ENST00000659162.1	ENSG00000255458.10	SMIM14-DT
ENST00000666863.1	ENSG00000255458.10	SMIM14-DT
ENST00000667934.1	ENSG00000255458.10	SMIM14-DT
ENST00000693190.2	ENSG00000255458.10	SMIM14-DT
ENST00000706646.1	ENSG00000255458.10	SMIM14-DT
ENST00000719138.1	ENSG00000255458.10	SMIM14-DT
ENST00000719139.1	ENSG00000255458.10	SMIM14-DT
ENST00000719140.1	ENSG00000255458.10	SMIM14-DT
ENST00000719141.1	ENSG00000255458.10	SMIM14-DT
ENST00000719143.1	ENSG00000255458.10	SMIM14-DT
ENST00000719144.1	ENSG00000255458.10	SMIM14-DT
ENST00000719147.1	ENSG00000255458.10	SMIM14-DT
ENST00000719150.1	ENSG00000255458.10	SMIM14-DT
ENST00000719151.1	ENSG00000255458.10	SMIM14-DT
ENST00000443763.2	ENSG00000226876.4	SMYD3-AS1
ENST00000651181.1	ENSG00000226876.4	SMYD3-AS1
ENST00000501215.1	ENSG00000247775.3	SNCA-AS1
ENST00000513653.1	ENSG00000247775.3	SNCA-AS1
ENST00000777108.1	ENSG00000247775.3	SNCA-AS1
ENST00000777109.1	ENSG00000247775.3	SNCA-AS1
ENST00000777110.1	ENSG00000247775.3	SNCA-AS1
ENST00000508179.4	ENSG00000250786.5	SNHG18
ENST00000509788.4	ENSG00000250786.5	SNHG18
ENST00000655411.1	ENSG00000250786.5	SNHG18
ENST00000702096.2	ENSG00000250786.5	SNHG18
ENST00000815270.1	ENSG00000250786.5	SNHG18
ENST00000815271.1	ENSG00000250786.5	SNHG18
ENST00000815272.1	ENSG00000250786.5	SNHG18
ENST00000815273.1	ENSG00000250786.5	SNHG18
ENST00000815274.1	ENSG00000250786.5	SNHG18
ENST00000815275.1	ENSG00000250786.5	SNHG18
ENST00000815276.1	ENSG00000250786.5	SNHG18
ENST00000815277.1	ENSG00000250786.5	SNHG18
ENST00000815278.1	ENSG00000250786.5	SNHG18
ENST00000815279.1	ENSG00000250786.5	SNHG18
ENST00000815280.1	ENSG00000250786.5	SNHG18
ENST00000815281.1	ENSG00000250786.5	SNHG18
ENST00000815282.1	ENSG00000250786.5	SNHG18
ENST00000815284.1	ENSG00000250786.5	SNHG18
ENST00000815285.1	ENSG00000250786.5	SNHG18
ENST00000815286.1	ENSG00000250786.5	SNHG18
ENST00000815287.1	ENSG00000250786.5	SNHG18
ENST00000815288.1	ENSG00000250786.5	SNHG18
ENST00000815289.1	ENSG00000250786.5	SNHG18
ENST00000437681.1	ENSG00000242125.3	SNHG3
ENST00000447507.1	ENSG00000242125.3	SNHG3
ENST00000420134.1	ENSG00000229267.4	SNHG31
ENST00000607412.2	ENSG00000229267.4	SNHG31
ENST00000655899.1	ENSG00000229267.4	SNHG31
ENST00000664818.2	ENSG00000229267.4	SNHG31
ENST00000670391.2	ENSG00000229267.4	SNHG31
ENST00000797167.1	ENSG00000229267.4	SNHG31
ENST00000797168.1	ENSG00000229267.4	SNHG31
ENST00000797169.1	ENSG00000229267.4	SNHG31
ENST00000797170.1	ENSG00000229267.4	SNHG31
ENST00000797171.1	ENSG00000229267.4	SNHG31
ENST00000797173.1	ENSG00000229267.4	SNHG31
ENST00000797174.1	ENSG00000229267.4	SNHG31
ENST00000797175.1	ENSG00000229267.4	SNHG31
ENST00000797176.1	ENSG00000229267.4	SNHG31
ENST00000797177.1	ENSG00000229267.4	SNHG31
ENST00000797178.1	ENSG00000229267.4	SNHG31
ENST00000797179.1	ENSG00000229267.4	SNHG31
ENST00000797180.1	ENSG00000229267.4	SNHG31
ENST00000797181.1	ENSG00000229267.4	SNHG31
ENST00000797182.1	ENSG00000229267.4	SNHG31
ENST00000797183.1	ENSG00000229267.4	SNHG31
ENST00000797184.1	ENSG00000229267.4	SNHG31
ENST00000797185.1	ENSG00000229267.4	SNHG31
ENST00000797186.1	ENSG00000229267.4	SNHG31
ENST00000468380.3	ENSG00000291106.2	SNHG33
ENST00000471496.8	ENSG00000291106.2	SNHG33
ENST00000482098.1	ENSG00000291106.2	SNHG33
ENST00000686765.2	ENSG00000291106.2	SNHG33
ENST00000782126.1	ENSG00000291106.2	SNHG33
ENST00000782127.1	ENSG00000291106.2	SNHG33
ENST00000782128.1	ENSG00000291106.2	SNHG33
ENST00000782129.1	ENSG00000291106.2	SNHG33
ENST00000782130.1	ENSG00000291106.2	SNHG33
ENST00000782131.1	ENSG00000291106.2	SNHG33
ENST00000782132.1	ENSG00000291106.2	SNHG33
ENST00000782133.1	ENSG00000291106.2	SNHG33
ENST00000782134.1	ENSG00000291106.2	SNHG33
ENST00000782135.1	ENSG00000291106.2	SNHG33
ENST00000782136.1	ENSG00000291106.2	SNHG33
ENST00000602414.7	ENSG00000269893.11	SNHG8
ENST00000602483.7	ENSG00000269893.11	SNHG8
ENST00000602520.8	ENSG00000269893.11	SNHG8
ENST00000602573.1	ENSG00000269893.11	SNHG8
ENST00000602819.8	ENSG00000269893.11	SNHG8
ENST00000652022.3	ENSG00000269893.11	SNHG8
ENST00000654083.3	ENSG00000269893.11	SNHG8
ENST00000665363.4	ENSG00000269893.11	SNHG8
ENST00000685544.2	ENSG00000269893.11	SNHG8
ENST00000685751.2	ENSG00000269893.11	SNHG8
ENST00000688996.2	ENSG00000269893.11	SNHG8
ENST00000689575.2	ENSG00000269893.11	SNHG8
ENST00000689845.2	ENSG00000269893.11	SNHG8
ENST00000693179.2	ENSG00000269893.11	SNHG8
ENST00000693401.2	ENSG00000269893.11	SNHG8
ENST00000729024.1	ENSG00000269893.11	SNHG8
ENST00000729025.1	ENSG00000269893.11	SNHG8
ENST00000729026.1	ENSG00000269893.11	SNHG8
ENST00000729027.1	ENSG00000269893.11	SNHG8
ENST00000729028.1	ENSG00000269893.11	SNHG8
ENST00000729029.1	ENSG00000269893.11	SNHG8
ENST00000729030.1	ENSG00000269893.11	SNHG8
ENST00000729031.1	ENSG00000269893.11	SNHG8
ENST00000729032.1	ENSG00000269893.11	SNHG8
ENST00000729033.1	ENSG00000269893.11	SNHG8
ENST00000729034.1	ENSG00000269893.11	SNHG8
ENST00000729035.1	ENSG00000269893.11	SNHG8
ENST00000729036.1	ENSG00000269893.11	SNHG8
ENST00000729037.1	ENSG00000269893.11	SNHG8
ENST00000729038.1	ENSG00000269893.11	SNHG8
ENST00000729039.1	ENSG00000269893.11	SNHG8
ENST00000729040.1	ENSG00000269893.11	SNHG8
ENST00000729041.1	ENSG00000269893.11	SNHG8
ENST00000411847.1	ENSG00000233110.1	SORBS2-AS1
ENST00000461063.7	ENSG00000242808.13	SOX2-OT
ENST00000466034.7	ENSG00000242808.13	SOX2-OT
ENST00000476125.5	ENSG00000242808.13	SOX2-OT
ENST00000476964.6	ENSG00000242808.13	SOX2-OT
ENST00000477928.1	ENSG00000242808.13	SOX2-OT
ENST00000485035.4	ENSG00000242808.13	SOX2-OT
ENST00000487240.3	ENSG00000242808.13	SOX2-OT
ENST00000490005.3	ENSG00000242808.13	SOX2-OT
ENST00000491282.6	ENSG00000242808.13	SOX2-OT
ENST00000492337.6	ENSG00000242808.13	SOX2-OT
ENST00000497122.5	ENSG00000242808.13	SOX2-OT
ENST00000498226.6	ENSG00000242808.13	SOX2-OT
ENST00000498731.6	ENSG00000242808.13	SOX2-OT
ENST00000593330.2	ENSG00000242808.13	SOX2-OT
ENST00000593549.6	ENSG00000242808.13	SOX2-OT
ENST00000595084.3	ENSG00000242808.13	SOX2-OT
ENST00000595287.1	ENSG00000242808.13	SOX2-OT
ENST00000596250.7	ENSG00000242808.13	SOX2-OT
ENST00000597651.6	ENSG00000242808.13	SOX2-OT
ENST00000597828.5	ENSG00000242808.13	SOX2-OT
ENST00000598474.4	ENSG00000242808.13	SOX2-OT
ENST00000599082.2	ENSG00000242808.13	SOX2-OT
ENST00000600386.6	ENSG00000242808.13	SOX2-OT
ENST00000600778.4	ENSG00000242808.13	SOX2-OT
ENST00000600801.7	ENSG00000242808.13	SOX2-OT
ENST00000600962.6	ENSG00000242808.13	SOX2-OT
ENST00000625581.2	ENSG00000242808.13	SOX2-OT
ENST00000626299.4	ENSG00000242808.13	SOX2-OT
ENST00000626619.2	ENSG00000242808.13	SOX2-OT
ENST00000627501.4	ENSG00000242808.13	SOX2-OT
ENST00000627530.3	ENSG00000242808.13	SOX2-OT
ENST00000627738.1	ENSG00000242808.13	SOX2-OT
ENST00000628343.4	ENSG00000242808.13	SOX2-OT
ENST00000628347.1	ENSG00000242808.13	SOX2-OT
ENST00000628496.3	ENSG00000242808.13	SOX2-OT
ENST00000628810.2	ENSG00000242808.13	SOX2-OT
ENST00000629112.5	ENSG00000242808.13	SOX2-OT
ENST00000629273.3	ENSG00000242808.13	SOX2-OT
ENST00000629552.2	ENSG00000242808.13	SOX2-OT
ENST00000629781.4	ENSG00000242808.13	SOX2-OT
ENST00000629830.4	ENSG00000242808.13	SOX2-OT
ENST00000630553.1	ENSG00000242808.13	SOX2-OT
ENST00000630887.5	ENSG00000242808.13	SOX2-OT
ENST00000631025.2	ENSG00000242808.13	SOX2-OT
ENST00000642218.1	ENSG00000242808.13	SOX2-OT
ENST00000642301.2	ENSG00000242808.13	SOX2-OT
ENST00000642429.1	ENSG00000242808.13	SOX2-OT
ENST00000642652.2	ENSG00000242808.13	SOX2-OT
ENST00000642685.2	ENSG00000242808.13	SOX2-OT
ENST00000642823.1	ENSG00000242808.13	SOX2-OT
ENST00000642922.1	ENSG00000242808.13	SOX2-OT
ENST00000643131.2	ENSG00000242808.13	SOX2-OT
ENST00000643667.1	ENSG00000242808.13	SOX2-OT
ENST00000643769.1	ENSG00000242808.13	SOX2-OT
ENST00000644304.1	ENSG00000242808.13	SOX2-OT
ENST00000644358.1	ENSG00000242808.13	SOX2-OT
ENST00000644732.1	ENSG00000242808.13	SOX2-OT
ENST00000645583.2	ENSG00000242808.13	SOX2-OT
ENST00000645960.2	ENSG00000242808.13	SOX2-OT
ENST00000646296.2	ENSG00000242808.13	SOX2-OT
ENST00000646508.1	ENSG00000242808.13	SOX2-OT
ENST00000646683.1	ENSG00000242808.13	SOX2-OT
ENST00000646698.1	ENSG00000242808.13	SOX2-OT
ENST00000646712.2	ENSG00000242808.13	SOX2-OT
ENST00000647034.2	ENSG00000242808.13	SOX2-OT
ENST00000647055.1	ENSG00000242808.13	SOX2-OT
ENST00000647552.2	ENSG00000242808.13	SOX2-OT
ENST00000654538.1	ENSG00000242808.13	SOX2-OT
ENST00000654649.1	ENSG00000242808.13	SOX2-OT
ENST00000656613.1	ENSG00000242808.13	SOX2-OT
ENST00000657986.1	ENSG00000242808.13	SOX2-OT
ENST00000660576.1	ENSG00000242808.13	SOX2-OT
ENST00000661842.1	ENSG00000242808.13	SOX2-OT
ENST00000665033.1	ENSG00000242808.13	SOX2-OT
ENST00000665112.1	ENSG00000242808.13	SOX2-OT
ENST00000665187.1	ENSG00000242808.13	SOX2-OT
ENST00000665485.1	ENSG00000242808.13	SOX2-OT
ENST00000667332.1	ENSG00000242808.13	SOX2-OT
ENST00000670501.1	ENSG00000242808.13	SOX2-OT
ENST00000671456.1	ENSG00000242808.13	SOX2-OT
ENST00000690586.2	ENSG00000242808.13	SOX2-OT
ENST00000691318.2	ENSG00000242808.13	SOX2-OT
ENST00000693669.2	ENSG00000242808.13	SOX2-OT
ENST00000725556.1	ENSG00000242808.13	SOX2-OT
ENST00000725557.1	ENSG00000242808.13	SOX2-OT
ENST00000725558.1	ENSG00000242808.13	SOX2-OT
ENST00000725559.1	ENSG00000242808.13	SOX2-OT
ENST00000725560.1	ENSG00000242808.13	SOX2-OT
ENST00000725561.1	ENSG00000242808.13	SOX2-OT
ENST00000725562.1	ENSG00000242808.13	SOX2-OT
ENST00000725563.1	ENSG00000242808.13	SOX2-OT
ENST00000725564.1	ENSG00000242808.13	SOX2-OT
ENST00000725565.1	ENSG00000242808.13	SOX2-OT
ENST00000725566.1	ENSG00000242808.13	SOX2-OT
ENST00000725567.1	ENSG00000242808.13	SOX2-OT
ENST00000725572.1	ENSG00000242808.13	SOX2-OT
ENST00000725573.1	ENSG00000242808.13	SOX2-OT
ENST00000725575.1	ENSG00000242808.13	SOX2-OT
ENST00000725576.1	ENSG00000242808.13	SOX2-OT
ENST00000725577.1	ENSG00000242808.13	SOX2-OT
ENST00000725578.1	ENSG00000242808.13	SOX2-OT
ENST00000725581.1	ENSG00000242808.13	SOX2-OT
ENST00000725582.1	ENSG00000242808.13	SOX2-OT
ENST00000725583.1	ENSG00000242808.13	SOX2-OT
ENST00000725584.1	ENSG00000242808.13	SOX2-OT
ENST00000725585.1	ENSG00000242808.13	SOX2-OT
ENST00000725586.1	ENSG00000242808.13	SOX2-OT
ENST00000725587.1	ENSG00000242808.13	SOX2-OT
ENST00000725588.1	ENSG00000242808.13	SOX2-OT
ENST00000725589.1	ENSG00000242808.13	SOX2-OT
ENST00000725590.1	ENSG00000242808.13	SOX2-OT
ENST00000725591.1	ENSG00000242808.13	SOX2-OT
ENST00000725592.1	ENSG00000242808.13	SOX2-OT
ENST00000725593.1	ENSG00000242808.13	SOX2-OT
ENST00000725594.1	ENSG00000242808.13	SOX2-OT
ENST00000725595.1	ENSG00000242808.13	SOX2-OT
ENST00000725596.1	ENSG00000242808.13	SOX2-OT
ENST00000725597.1	ENSG00000242808.13	SOX2-OT
ENST00000725598.1	ENSG00000242808.13	SOX2-OT
ENST00000725599.1	ENSG00000242808.13	SOX2-OT
ENST00000725600.1	ENSG00000242808.13	SOX2-OT
ENST00000725601.1	ENSG00000242808.13	SOX2-OT
ENST00000725602.1	ENSG00000242808.13	SOX2-OT
ENST00000725603.1	ENSG00000242808.13	SOX2-OT
ENST00000736084.1	ENSG00000242808.13	SOX2-OT
ENST00000736085.1	ENSG00000242808.13	SOX2-OT
ENST00000736086.1	ENSG00000242808.13	SOX2-OT
ENST00000736087.1	ENSG00000242808.13	SOX2-OT
ENST00000736088.1	ENSG00000242808.13	SOX2-OT
ENST00000736089.1	ENSG00000242808.13	SOX2-OT
ENST00000736090.1	ENSG00000242808.13	SOX2-OT
ENST00000736091.1	ENSG00000242808.13	SOX2-OT
ENST00000736092.1	ENSG00000242808.13	SOX2-OT
ENST00000736093.1	ENSG00000242808.13	SOX2-OT
ENST00000736094.1	ENSG00000242808.13	SOX2-OT
ENST00000736095.1	ENSG00000242808.13	SOX2-OT
ENST00000736096.1	ENSG00000242808.13	SOX2-OT
ENST00000736097.1	ENSG00000242808.13	SOX2-OT
ENST00000736098.1	ENSG00000242808.13	SOX2-OT
ENST00000736099.1	ENSG00000242808.13	SOX2-OT
ENST00000736100.1	ENSG00000242808.13	SOX2-OT
ENST00000736101.1	ENSG00000242808.13	SOX2-OT
ENST00000736117.1	ENSG00000242808.13	SOX2-OT
ENST00000736118.1	ENSG00000242808.13	SOX2-OT
ENST00000736119.1	ENSG00000242808.13	SOX2-OT
ENST00000736120.1	ENSG00000242808.13	SOX2-OT
ENST00000736121.1	ENSG00000242808.13	SOX2-OT
ENST00000736125.1	ENSG00000242808.13	SOX2-OT
ENST00000736126.1	ENSG00000242808.13	SOX2-OT
ENST00000736127.1	ENSG00000242808.13	SOX2-OT
ENST00000736128.1	ENSG00000242808.13	SOX2-OT
ENST00000736130.1	ENSG00000242808.13	SOX2-OT
ENST00000433175.6	ENSG00000249700.10	SRD5A3-AS1
ENST00000510637.5	ENSG00000249700.10	SRD5A3-AS1
ENST00000591915.6	ENSG00000249700.10	SRD5A3-AS1
ENST00000592823.5	ENSG00000249700.10	SRD5A3-AS1
ENST00000595103.5	ENSG00000249700.10	SRD5A3-AS1
ENST00000595734.5	ENSG00000249700.10	SRD5A3-AS1
ENST00000596289.5	ENSG00000249700.10	SRD5A3-AS1
ENST00000596312.5	ENSG00000249700.10	SRD5A3-AS1
ENST00000598819.1	ENSG00000249700.10	SRD5A3-AS1
ENST00000598906.5	ENSG00000249700.10	SRD5A3-AS1
ENST00000599135.5	ENSG00000249700.10	SRD5A3-AS1
ENST00000608086.5	ENSG00000249700.10	SRD5A3-AS1
ENST00000608136.1	ENSG00000249700.10	SRD5A3-AS1
ENST00000608265.5	ENSG00000249700.10	SRD5A3-AS1
ENST00000608558.5	ENSG00000249700.10	SRD5A3-AS1
ENST00000609051.5	ENSG00000249700.10	SRD5A3-AS1
ENST00000609487.5	ENSG00000249700.10	SRD5A3-AS1
ENST00000609500.5	ENSG00000249700.10	SRD5A3-AS1
ENST00000609573.5	ENSG00000249700.10	SRD5A3-AS1
ENST00000609580.5	ENSG00000249700.10	SRD5A3-AS1
ENST00000609700.5	ENSG00000249700.10	SRD5A3-AS1
ENST00000610396.4	ENSG00000249700.10	SRD5A3-AS1
ENST00000613794.4	ENSG00000249700.10	SRD5A3-AS1
ENST00000619203.4	ENSG00000249700.10	SRD5A3-AS1
ENST00000619685.4	ENSG00000249700.10	SRD5A3-AS1
ENST00000619912.4	ENSG00000249700.10	SRD5A3-AS1
ENST00000666009.1	ENSG00000249700.10	SRD5A3-AS1
ENST00000819835.1	ENSG00000249700.10	SRD5A3-AS1
ENST00000819836.1	ENSG00000249700.10	SRD5A3-AS1
ENST00000819837.1	ENSG00000249700.10	SRD5A3-AS1
ENST00000819838.1	ENSG00000249700.10	SRD5A3-AS1
ENST00000819839.1	ENSG00000249700.10	SRD5A3-AS1
ENST00000819840.1	ENSG00000249700.10	SRD5A3-AS1
ENST00000819841.1	ENSG00000249700.10	SRD5A3-AS1
ENST00000414633.2	ENSG00000224808.2	SRGAP3-AS1
ENST00000817609.1	ENSG00000224808.2	SRGAP3-AS1
ENST00000436032.3	ENSG00000228723.7	SRGAP3-AS2
ENST00000450920.2	ENSG00000228723.7	SRGAP3-AS2
ENST00000600323.3	ENSG00000228723.7	SRGAP3-AS2
ENST00000612302.1	ENSG00000228723.7	SRGAP3-AS2
ENST00000614304.5	ENSG00000228723.7	SRGAP3-AS2
ENST00000449023.3	ENSG00000235830.3	SRGAP3-AS4
ENST00000762419.1	ENSG00000235830.3	SRGAP3-AS4
ENST00000762420.1	ENSG00000235830.3	SRGAP3-AS4
ENST00000762421.1	ENSG00000235830.3	SRGAP3-AS4
ENST00000762422.1	ENSG00000235830.3	SRGAP3-AS4
ENST00000762423.1	ENSG00000235830.3	SRGAP3-AS4
ENST00000455121.3	ENSG00000232504.6	ST3GAL5-AS1
ENST00000608140.1	ENSG00000232504.6	ST3GAL5-AS1
ENST00000665352.1	ENSG00000232504.6	ST3GAL5-AS1
ENST00000718698.1	ENSG00000232504.6	ST3GAL5-AS1
ENST00000564748.1	ENSG00000261758.2	STAG1-DT
ENST00000654446.1	ENSG00000261758.2	STAG1-DT
ENST00000823940.1	ENSG00000261758.2	STAG1-DT
ENST00000823941.1	ENSG00000261758.2	STAG1-DT
ENST00000823942.1	ENSG00000261758.2	STAG1-DT
ENST00000824011.1	ENSG00000261758.2	STAG1-DT
ENST00000824012.1	ENSG00000261758.2	STAG1-DT
ENST00000432267.4	ENSG00000204685.10	STARD7-AS1
ENST00000446816.2	ENSG00000204685.10	STARD7-AS1
ENST00000614453.1	ENSG00000204685.10	STARD7-AS1
ENST00000659123.1	ENSG00000204685.10	STARD7-AS1
ENST00000665242.2	ENSG00000204685.10	STARD7-AS1
ENST00000666290.1	ENSG00000204685.10	STARD7-AS1
ENST00000686512.2	ENSG00000204685.10	STARD7-AS1
ENST00000820124.1	ENSG00000204685.10	STARD7-AS1
ENST00000820125.1	ENSG00000204685.10	STARD7-AS1
ENST00000820126.1	ENSG00000204685.10	STARD7-AS1
ENST00000651895.1	ENSG00000251620.4	STPG2-AS1
ENST00000669093.1	ENSG00000251620.4	STPG2-AS1
ENST00000847996.1	ENSG00000251620.4	STPG2-AS1
ENST00000499430.7	ENSG00000247708.9	STX18-AS1
ENST00000502693.1	ENSG00000247708.9	STX18-AS1
ENST00000507244.6	ENSG00000247708.9	STX18-AS1
ENST00000512438.7	ENSG00000247708.9	STX18-AS1
ENST00000514763.3	ENSG00000247708.9	STX18-AS1
ENST00000608184.2	ENSG00000247708.9	STX18-AS1
ENST00000610009.5	ENSG00000247708.9	STX18-AS1
ENST00000653097.1	ENSG00000247708.9	STX18-AS1
ENST00000655855.1	ENSG00000247708.9	STX18-AS1
ENST00000656969.1	ENSG00000247708.9	STX18-AS1
ENST00000659678.1	ENSG00000247708.9	STX18-AS1
ENST00000663324.1	ENSG00000247708.9	STX18-AS1
ENST00000664283.1	ENSG00000247708.9	STX18-AS1
ENST00000664571.1	ENSG00000247708.9	STX18-AS1
ENST00000665126.1	ENSG00000247708.9	STX18-AS1
ENST00000667824.1	ENSG00000247708.9	STX18-AS1
ENST00000669065.1	ENSG00000247708.9	STX18-AS1
ENST00000670162.1	ENSG00000247708.9	STX18-AS1
ENST00000670249.1	ENSG00000247708.9	STX18-AS1
ENST00000829246.1	ENSG00000247708.9	STX18-AS1
ENST00000829247.1	ENSG00000247708.9	STX18-AS1
ENST00000829248.1	ENSG00000247708.9	STX18-AS1
ENST00000829249.1	ENSG00000247708.9	STX18-AS1
ENST00000829250.1	ENSG00000247708.9	STX18-AS1
ENST00000829255.1	ENSG00000247708.9	STX18-AS1
ENST00000829256.1	ENSG00000247708.9	STX18-AS1
ENST00000829257.1	ENSG00000247708.9	STX18-AS1
ENST00000829258.1	ENSG00000247708.9	STX18-AS1
ENST00000829259.1	ENSG00000247708.9	STX18-AS1
ENST00000829260.1	ENSG00000247708.9	STX18-AS1
ENST00000829261.1	ENSG00000247708.9	STX18-AS1
ENST00000829262.1	ENSG00000247708.9	STX18-AS1
ENST00000829263.1	ENSG00000247708.9	STX18-AS1
ENST00000829264.1	ENSG00000247708.9	STX18-AS1
ENST00000464420.7	ENSG00000241316.9	SUCLG2-DT
ENST00000482677.5	ENSG00000241316.9	SUCLG2-DT
ENST00000496640.3	ENSG00000241316.9	SUCLG2-DT
ENST00000656446.1	ENSG00000241316.9	SUCLG2-DT
ENST00000658269.1	ENSG00000241316.9	SUCLG2-DT
ENST00000659205.2	ENSG00000241316.9	SUCLG2-DT
ENST00000659329.1	ENSG00000241316.9	SUCLG2-DT
ENST00000659899.1	ENSG00000241316.9	SUCLG2-DT
ENST00000662687.2	ENSG00000241316.9	SUCLG2-DT
ENST00000665078.1	ENSG00000241316.9	SUCLG2-DT
ENST00000671174.2	ENSG00000241316.9	SUCLG2-DT
ENST00000756255.1	ENSG00000241316.9	SUCLG2-DT
ENST00000756256.1	ENSG00000241316.9	SUCLG2-DT
ENST00000756257.1	ENSG00000241316.9	SUCLG2-DT
ENST00000756258.1	ENSG00000241316.9	SUCLG2-DT
ENST00000756259.1	ENSG00000241316.9	SUCLG2-DT
ENST00000756260.1	ENSG00000241316.9	SUCLG2-DT
ENST00000756262.1	ENSG00000241316.9	SUCLG2-DT
ENST00000756263.1	ENSG00000241316.9	SUCLG2-DT
ENST00000756266.1	ENSG00000241316.9	SUCLG2-DT
ENST00000503652.2	ENSG00000248127.2	SV2C-AS1
ENST00000826264.1	ENSG00000248127.2	SV2C-AS1
ENST00000826265.1	ENSG00000248127.2	SV2C-AS1
ENST00000826266.1	ENSG00000248127.2	SV2C-AS1
ENST00000826267.1	ENSG00000248127.2	SV2C-AS1
ENST00000826268.1	ENSG00000248127.2	SV2C-AS1
ENST00000826269.1	ENSG00000248127.2	SV2C-AS1
ENST00000784363.1	ENSG00000250348.2	SV2C-AS2
ENST00000428573.1	ENSG00000226862.1	SYT2-AS1
ENST00000604271.2	ENSG00000270571.2	TACR1-AS1
ENST00000420776.2	ENSG00000229388.2	TAF12-DT
ENST00000427804.1	ENSG00000229388.2	TAF12-DT
ENST00000833534.1	ENSG00000229388.2	TAF12-DT
ENST00000833535.1	ENSG00000229388.2	TAF12-DT
ENST00000833536.1	ENSG00000229388.2	TAF12-DT
ENST00000833537.1	ENSG00000229388.2	TAF12-DT
ENST00000413074.1	ENSG00000225265.3	TAF1A-AS1
ENST00000427540.2	ENSG00000225265.3	TAF1A-AS1
ENST00000661918.1	ENSG00000225265.3	TAF1A-AS1
ENST00000664981.1	ENSG00000225265.3	TAF1A-AS1
ENST00000668515.1	ENSG00000225265.3	TAF1A-AS1
ENST00000832690.1	ENSG00000225265.3	TAF1A-AS1
ENST00000570786.1	ENSG00000263327.7	TAPT1-AS1
ENST00000573950.5	ENSG00000263327.7	TAPT1-AS1
ENST00000782842.1	ENSG00000263327.7	TAPT1-AS1
ENST00000782847.1	ENSG00000263327.7	TAPT1-AS1
ENST00000507251.2	ENSG00000249572.4	TARS1-DT
ENST00000688369.3	ENSG00000249572.4	TARS1-DT
ENST00000691449.2	ENSG00000249572.4	TARS1-DT
ENST00000750755.1	ENSG00000249572.4	TARS1-DT
ENST00000750756.1	ENSG00000249572.4	TARS1-DT
ENST00000750757.1	ENSG00000249572.4	TARS1-DT
ENST00000563632.1	ENSG00000261488.1	TBILA
ENST00000642273.1	ENSG00000285293.1	TBILA
ENST00000454723.2	ENSG00000231310.4	TBL1XR1-AS1
ENST00000433581.1	ENSG00000231134.1	TCF7L1-IT1
ENST00000709858.1	ENSG00000292150.1	TCF7L1-IT1
ENST00000389897.3	ENSG00000203288.7	TDRKH-AS1
ENST00000660232.3	ENSG00000203288.7	TDRKH-AS1
ENST00000729139.1	ENSG00000203288.7	TDRKH-AS1
ENST00000729140.1	ENSG00000203288.7	TDRKH-AS1
ENST00000729141.1	ENSG00000203288.7	TDRKH-AS1
ENST00000729142.1	ENSG00000203288.7	TDRKH-AS1
ENST00000729144.1	ENSG00000203288.7	TDRKH-AS1
ENST00000447289.1	ENSG00000223874.4	TESHL
ENST00000451711.1	ENSG00000223874.4	TESHL
ENST00000456163.2	ENSG00000223874.4	TESHL
ENST00000607591.1	ENSG00000223874.4	TESHL
ENST00000655995.2	ENSG00000223874.4	TESHL
ENST00000657418.1	ENSG00000223874.4	TESHL
ENST00000657920.1	ENSG00000223874.4	TESHL
ENST00000666326.1	ENSG00000223874.4	TESHL
ENST00000695933.1	ENSG00000223874.4	TESHL
ENST00000695935.2	ENSG00000223874.4	TESHL
ENST00000695937.1	ENSG00000223874.4	TESHL
ENST00000695938.1	ENSG00000223874.4	TESHL
ENST00000695940.1	ENSG00000223874.4	TESHL
ENST00000695941.1	ENSG00000223874.4	TESHL
ENST00000702642.1	ENSG00000223874.4	TESHL
ENST00000715604.1	ENSG00000223874.4	TESHL
ENST00000745093.1	ENSG00000223874.4	TESHL
ENST00000745094.1	ENSG00000223874.4	TESHL
ENST00000745095.1	ENSG00000223874.4	TESHL
ENST00000745096.1	ENSG00000223874.4	TESHL
ENST00000745097.1	ENSG00000223874.4	TESHL
ENST00000745098.1	ENSG00000223874.4	TESHL
ENST00000745100.1	ENSG00000223874.4	TESHL
ENST00000745101.1	ENSG00000223874.4	TESHL
ENST00000772330.1	ENSG00000223874.4	TESHL
ENST00000772331.1	ENSG00000223874.4	TESHL
ENST00000772332.1	ENSG00000223874.4	TESHL
ENST00000772333.1	ENSG00000223874.4	TESHL
ENST00000772334.1	ENSG00000223874.4	TESHL
ENST00000772335.1	ENSG00000223874.4	TESHL
ENST00000838359.1	ENSG00000223874.4	TESHL
ENST00000838360.1	ENSG00000223874.4	TESHL
ENST00000838363.1	ENSG00000223874.4	TESHL
ENST00000838364.1	ENSG00000223874.4	TESHL
ENST00000838365.1	ENSG00000223874.4	TESHL
ENST00000838366.1	ENSG00000223874.4	TESHL
ENST00000838367.1	ENSG00000223874.4	TESHL
ENST00000838368.1	ENSG00000223874.4	TESHL
ENST00000838370.1	ENSG00000223874.4	TESHL
ENST00000838372.1	ENSG00000223874.4	TESHL
ENST00000838373.1	ENSG00000223874.4	TESHL
ENST00000838374.1	ENSG00000223874.4	TESHL
ENST00000838375.1	ENSG00000223874.4	TESHL
ENST00000838376.1	ENSG00000223874.4	TESHL
ENST00000838377.1	ENSG00000223874.4	TESHL
ENST00000838378.1	ENSG00000223874.4	TESHL
ENST00000838379.1	ENSG00000223874.4	TESHL
ENST00000838380.1	ENSG00000223874.4	TESHL
ENST00000838381.1	ENSG00000223874.4	TESHL
ENST00000838382.1	ENSG00000223874.4	TESHL
ENST00000414195.7	ENSG00000226674.12	TEX41
ENST00000414256.5	ENSG00000226674.12	TEX41
ENST00000420472.1	ENSG00000226674.12	TEX41
ENST00000431734.5	ENSG00000226674.12	TEX41
ENST00000432608.6	ENSG00000226674.12	TEX41
ENST00000445791.5	ENSG00000226674.12	TEX41
ENST00000451478.7	ENSG00000226674.12	TEX41
ENST00000451774.5	ENSG00000226674.12	TEX41
ENST00000594837.3	ENSG00000226674.12	TEX41
ENST00000596034.7	ENSG00000226674.12	TEX41
ENST00000596747.7	ENSG00000226674.12	TEX41
ENST00000596970.5	ENSG00000226674.12	TEX41
ENST00000597173.6	ENSG00000226674.12	TEX41
ENST00000599358.6	ENSG00000226674.12	TEX41
ENST00000600679.5	ENSG00000226674.12	TEX41
ENST00000601578.5	ENSG00000226674.12	TEX41
ENST00000602041.5	ENSG00000226674.12	TEX41
ENST00000602108.5	ENSG00000226674.12	TEX41
ENST00000604253.5	ENSG00000226674.12	TEX41
ENST00000605238.3	ENSG00000226674.12	TEX41
ENST00000608432.5	ENSG00000226674.12	TEX41
ENST00000608652.5	ENSG00000226674.12	TEX41
ENST00000609705.5	ENSG00000226674.12	TEX41
ENST00000625557.1	ENSG00000226674.12	TEX41
ENST00000626239.2	ENSG00000226674.12	TEX41
ENST00000626363.2	ENSG00000226674.12	TEX41
ENST00000626394.2	ENSG00000226674.12	TEX41
ENST00000626404.1	ENSG00000226674.12	TEX41
ENST00000627051.2	ENSG00000226674.12	TEX41
ENST00000627419.2	ENSG00000226674.12	TEX41
ENST00000627545.2	ENSG00000226674.12	TEX41
ENST00000627785.2	ENSG00000226674.12	TEX41
ENST00000628057.2	ENSG00000226674.12	TEX41
ENST00000628180.2	ENSG00000226674.12	TEX41
ENST00000628237.2	ENSG00000226674.12	TEX41
ENST00000628611.3	ENSG00000226674.12	TEX41
ENST00000628775.3	ENSG00000226674.12	TEX41
ENST00000628794.2	ENSG00000226674.12	TEX41
ENST00000629149.1	ENSG00000226674.12	TEX41
ENST00000629185.2	ENSG00000226674.12	TEX41
ENST00000629218.2	ENSG00000226674.12	TEX41
ENST00000629460.2	ENSG00000226674.12	TEX41
ENST00000629585.2	ENSG00000226674.12	TEX41
ENST00000629997.2	ENSG00000226674.12	TEX41
ENST00000630029.3	ENSG00000226674.12	TEX41
ENST00000630139.2	ENSG00000226674.12	TEX41
ENST00000630451.2	ENSG00000226674.12	TEX41
ENST00000630732.2	ENSG00000226674.12	TEX41
ENST00000630959.2	ENSG00000226674.12	TEX41
ENST00000631075.2	ENSG00000226674.12	TEX41
ENST00000650896.1	ENSG00000226674.12	TEX41
ENST00000652981.1	ENSG00000226674.12	TEX41
ENST00000653910.1	ENSG00000226674.12	TEX41
ENST00000653941.1	ENSG00000226674.12	TEX41
ENST00000653959.2	ENSG00000226674.12	TEX41
ENST00000654442.1	ENSG00000226674.12	TEX41
ENST00000655165.2	ENSG00000226674.12	TEX41
ENST00000655187.1	ENSG00000226674.12	TEX41
ENST00000657526.1	ENSG00000226674.12	TEX41
ENST00000657732.1	ENSG00000226674.12	TEX41
ENST00000658019.1	ENSG00000226674.12	TEX41
ENST00000658898.1	ENSG00000226674.12	TEX41
ENST00000659777.1	ENSG00000226674.12	TEX41
ENST00000659810.1	ENSG00000226674.12	TEX41
ENST00000660169.1	ENSG00000226674.12	TEX41
ENST00000660660.1	ENSG00000226674.12	TEX41
ENST00000660827.1	ENSG00000226674.12	TEX41
ENST00000660904.1	ENSG00000226674.12	TEX41
ENST00000661094.1	ENSG00000226674.12	TEX41
ENST00000661398.2	ENSG00000226674.12	TEX41
ENST00000661482.1	ENSG00000226674.12	TEX41
ENST00000661697.1	ENSG00000226674.12	TEX41
ENST00000662233.1	ENSG00000226674.12	TEX41
ENST00000662271.1	ENSG00000226674.12	TEX41
ENST00000663303.1	ENSG00000226674.12	TEX41
ENST00000663323.1	ENSG00000226674.12	TEX41
ENST00000664055.1	ENSG00000226674.12	TEX41
ENST00000664611.1	ENSG00000226674.12	TEX41
ENST00000664649.2	ENSG00000226674.12	TEX41
ENST00000665244.1	ENSG00000226674.12	TEX41
ENST00000665824.1	ENSG00000226674.12	TEX41
ENST00000666826.1	ENSG00000226674.12	TEX41
ENST00000666890.1	ENSG00000226674.12	TEX41
ENST00000666949.1	ENSG00000226674.12	TEX41
ENST00000667423.1	ENSG00000226674.12	TEX41
ENST00000667704.1	ENSG00000226674.12	TEX41
ENST00000667984.1	ENSG00000226674.12	TEX41
ENST00000668319.1	ENSG00000226674.12	TEX41
ENST00000669793.1	ENSG00000226674.12	TEX41
ENST00000670125.1	ENSG00000226674.12	TEX41
ENST00000671502.2	ENSG00000226674.12	TEX41
ENST00000671649.1	ENSG00000226674.12	TEX41
ENST00000747450.1	ENSG00000226674.12	TEX41
ENST00000758932.1	ENSG00000226674.12	TEX41
ENST00000758933.1	ENSG00000226674.12	TEX41
ENST00000758934.1	ENSG00000226674.12	TEX41
ENST00000758935.1	ENSG00000226674.12	TEX41
ENST00000758936.1	ENSG00000226674.12	TEX41
ENST00000758937.1	ENSG00000226674.12	TEX41
ENST00000758939.1	ENSG00000226674.12	TEX41
ENST00000758940.1	ENSG00000226674.12	TEX41
ENST00000758941.1	ENSG00000226674.12	TEX41
ENST00000758942.1	ENSG00000226674.12	TEX41
ENST00000762897.1	ENSG00000226674.12	TEX41
ENST00000762898.1	ENSG00000226674.12	TEX41
ENST00000762899.1	ENSG00000226674.12	TEX41
ENST00000762900.1	ENSG00000226674.12	TEX41
ENST00000762901.1	ENSG00000226674.12	TEX41
ENST00000762902.1	ENSG00000226674.12	TEX41
ENST00000762903.1	ENSG00000226674.12	TEX41
ENST00000762904.1	ENSG00000226674.12	TEX41
ENST00000762905.1	ENSG00000226674.12	TEX41
ENST00000762906.1	ENSG00000226674.12	TEX41
ENST00000762907.1	ENSG00000226674.12	TEX41
ENST00000762908.1	ENSG00000226674.12	TEX41
ENST00000762909.1	ENSG00000226674.12	TEX41
ENST00000762910.1	ENSG00000226674.12	TEX41
ENST00000625474.1	ENSG00000281453.1	TGFB2-OT1
ENST00000418362.1	ENSG00000293061.2	THAP3P1
ENST00000634580.1	ENSG00000293061.2	THAP3P1
ENST00000634888.1	ENSG00000293061.2	THAP3P1
ENST00000634997.1	ENSG00000293061.2	THAP3P1
ENST00000721221.1	ENSG00000293061.2	THAP3P1
ENST00000721222.1	ENSG00000293061.2	THAP3P1
ENST00000503704.1	ENSG00000251022.6	THAP9-AS1
ENST00000504520.6	ENSG00000251022.6	THAP9-AS1
ENST00000504718.5	ENSG00000251022.6	THAP9-AS1
ENST00000504792.6	ENSG00000251022.6	THAP9-AS1
ENST00000504869.1	ENSG00000251022.6	THAP9-AS1
ENST00000505028.5	ENSG00000251022.6	THAP9-AS1
ENST00000507660.5	ENSG00000251022.6	THAP9-AS1
ENST00000508772.5	ENSG00000251022.6	THAP9-AS1
ENST00000509007.1	ENSG00000251022.6	THAP9-AS1
ENST00000511271.5	ENSG00000251022.6	THAP9-AS1
ENST00000512932.5	ENSG00000251022.6	THAP9-AS1
ENST00000513581.5	ENSG00000251022.6	THAP9-AS1
ENST00000422665.2	ENSG00000231064.10	THBS3-AS1
ENST00000430312.1	ENSG00000231064.10	THBS3-AS1
ENST00000436772.3	ENSG00000231064.10	THBS3-AS1
ENST00000447623.4	ENSG00000231064.10	THBS3-AS1
ENST00000453136.6	ENSG00000231064.10	THBS3-AS1
ENST00000454348.2	ENSG00000231064.10	THBS3-AS1
ENST00000685687.1	ENSG00000231064.10	THBS3-AS1
ENST00000686282.1	ENSG00000231064.10	THBS3-AS1
ENST00000687157.2	ENSG00000231064.10	THBS3-AS1
ENST00000690090.1	ENSG00000231064.10	THBS3-AS1
ENST00000701341.2	ENSG00000231064.10	THBS3-AS1
ENST00000701421.2	ENSG00000231064.10	THBS3-AS1
ENST00000702000.1	ENSG00000231064.10	THBS3-AS1
ENST00000702269.1	ENSG00000231064.10	THBS3-AS1
ENST00000702355.1	ENSG00000231064.10	THBS3-AS1
ENST00000702425.1	ENSG00000231064.10	THBS3-AS1
ENST00000702560.1	ENSG00000231064.10	THBS3-AS1
ENST00000702699.2	ENSG00000231064.10	THBS3-AS1
ENST00000702879.1	ENSG00000231064.10	THBS3-AS1
ENST00000702887.1	ENSG00000231064.10	THBS3-AS1
ENST00000702905.2	ENSG00000231064.10	THBS3-AS1
ENST00000730286.1	ENSG00000231064.10	THBS3-AS1
ENST00000730287.1	ENSG00000231064.10	THBS3-AS1
ENST00000730288.1	ENSG00000231064.10	THBS3-AS1
ENST00000730289.1	ENSG00000231064.10	THBS3-AS1
ENST00000730290.1	ENSG00000231064.10	THBS3-AS1
ENST00000730291.1	ENSG00000231064.10	THBS3-AS1
ENST00000730292.1	ENSG00000231064.10	THBS3-AS1
ENST00000730293.1	ENSG00000231064.10	THBS3-AS1
ENST00000730294.1	ENSG00000231064.10	THBS3-AS1
ENST00000730295.1	ENSG00000231064.10	THBS3-AS1
ENST00000730296.1	ENSG00000231064.10	THBS3-AS1
ENST00000730297.1	ENSG00000231064.10	THBS3-AS1
ENST00000730298.1	ENSG00000231064.10	THBS3-AS1
ENST00000730299.1	ENSG00000231064.10	THBS3-AS1
ENST00000730300.1	ENSG00000231064.10	THBS3-AS1
ENST00000730301.1	ENSG00000231064.10	THBS3-AS1
ENST00000730302.1	ENSG00000231064.10	THBS3-AS1
ENST00000730303.1	ENSG00000231064.10	THBS3-AS1
ENST00000730304.1	ENSG00000231064.10	THBS3-AS1
ENST00000730305.1	ENSG00000231064.10	THBS3-AS1
ENST00000730306.1	ENSG00000231064.10	THBS3-AS1
ENST00000730307.1	ENSG00000231064.10	THBS3-AS1
ENST00000730308.1	ENSG00000231064.10	THBS3-AS1
ENST00000730309.1	ENSG00000231064.10	THBS3-AS1
ENST00000730310.1	ENSG00000231064.10	THBS3-AS1
ENST00000730311.1	ENSG00000231064.10	THBS3-AS1
ENST00000730312.1	ENSG00000231064.10	THBS3-AS1
ENST00000730313.1	ENSG00000231064.10	THBS3-AS1
ENST00000730314.1	ENSG00000231064.10	THBS3-AS1
ENST00000730315.1	ENSG00000231064.10	THBS3-AS1
ENST00000730316.1	ENSG00000231064.10	THBS3-AS1
ENST00000730317.1	ENSG00000231064.10	THBS3-AS1
ENST00000730318.1	ENSG00000231064.10	THBS3-AS1
ENST00000730319.1	ENSG00000231064.10	THBS3-AS1
ENST00000514042.1	ENSG00000249825.7	THBS4-AS1
ENST00000661210.1	ENSG00000249825.7	THBS4-AS1
ENST00000468961.2	ENSG00000240549.2	THOC7-AS1
ENST00000432368.2	ENSG00000228791.9	THRB-AS1
ENST00000438096.1	ENSG00000228791.9	THRB-AS1
ENST00000594183.1	ENSG00000228791.9	THRB-AS1
ENST00000608893.6	ENSG00000228791.9	THRB-AS1
ENST00000609230.5	ENSG00000228791.9	THRB-AS1
ENST00000610876.4	ENSG00000228791.9	THRB-AS1
ENST00000620754.5	ENSG00000228791.9	THRB-AS1
ENST00000627154.2	ENSG00000228791.9	THRB-AS1
ENST00000628911.1	ENSG00000228791.9	THRB-AS1
ENST00000629562.3	ENSG00000228791.9	THRB-AS1
ENST00000630391.1	ENSG00000228791.9	THRB-AS1
ENST00000807236.1	ENSG00000228791.9	THRB-AS1
ENST00000807237.1	ENSG00000228791.9	THRB-AS1
ENST00000807238.1	ENSG00000228791.9	THRB-AS1
ENST00000807239.1	ENSG00000228791.9	THRB-AS1
ENST00000685715.2	ENSG00000289130.3	THRB-AS2
ENST00000702841.1	ENSG00000289130.3	THRB-AS2
ENST00000806988.1	ENSG00000289130.3	THRB-AS2
ENST00000806989.1	ENSG00000289130.3	THRB-AS2
ENST00000806990.1	ENSG00000289130.3	THRB-AS2
ENST00000806991.1	ENSG00000289130.3	THRB-AS2
ENST00000806992.1	ENSG00000289130.3	THRB-AS2
ENST00000806994.1	ENSG00000289130.3	THRB-AS2
ENST00000806995.1	ENSG00000289130.3	THRB-AS2
ENST00000806997.1	ENSG00000289130.3	THRB-AS2
ENST00000806998.1	ENSG00000289130.3	THRB-AS2
ENST00000806999.1	ENSG00000289130.3	THRB-AS2
ENST00000807000.1	ENSG00000289130.3	THRB-AS2
ENST00000807001.1	ENSG00000289130.3	THRB-AS2
ENST00000807002.1	ENSG00000289130.3	THRB-AS2
ENST00000807003.1	ENSG00000289130.3	THRB-AS2
ENST00000807004.1	ENSG00000289130.3	THRB-AS2
ENST00000807005.1	ENSG00000289130.3	THRB-AS2
ENST00000807006.1	ENSG00000289130.3	THRB-AS2
ENST00000484046.2	ENSG00000240541.4	TM4SF1-AS1
ENST00000496491.2	ENSG00000240541.4	TM4SF1-AS1
ENST00000665408.1	ENSG00000240541.4	TM4SF1-AS1
ENST00000781305.1	ENSG00000240541.4	TM4SF1-AS1
ENST00000781307.1	ENSG00000240541.4	TM4SF1-AS1
ENST00000781308.1	ENSG00000240541.4	TM4SF1-AS1
ENST00000781309.1	ENSG00000240541.4	TM4SF1-AS1
ENST00000781310.1	ENSG00000240541.4	TM4SF1-AS1
ENST00000781311.1	ENSG00000240541.4	TM4SF1-AS1
ENST00000781312.1	ENSG00000240541.4	TM4SF1-AS1
ENST00000781313.1	ENSG00000240541.4	TM4SF1-AS1
ENST00000781315.1	ENSG00000240541.4	TM4SF1-AS1
ENST00000781316.1	ENSG00000240541.4	TM4SF1-AS1
ENST00000420226.2	ENSG00000235897.2	TM4SF19-AS1
ENST00000444939.2	ENSG00000235897.2	TM4SF19-AS1
ENST00000452051.2	ENSG00000235897.2	TM4SF19-AS1
ENST00000603884.5	ENSG00000271270.9	TMCC1-DT
ENST00000605698.2	ENSG00000271270.9	TMCC1-DT
ENST00000605830.6	ENSG00000271270.9	TMCC1-DT
ENST00000653304.1	ENSG00000271270.9	TMCC1-DT
ENST00000671446.2	ENSG00000271270.9	TMCC1-DT
ENST00000840964.1	ENSG00000271270.9	TMCC1-DT
ENST00000840965.1	ENSG00000271270.9	TMCC1-DT
ENST00000840966.1	ENSG00000271270.9	TMCC1-DT
ENST00000840967.1	ENSG00000271270.9	TMCC1-DT
ENST00000423121.1	ENSG00000224358.1	TMCO1-AS1
ENST00000445418.1	ENSG00000233296.3	TMEM18-DT
ENST00000668697.1	ENSG00000233296.3	TMEM18-DT
ENST00000456146.1	ENSG00000235943.1	TMEM212-IT1
ENST00000489487.2	ENSG00000293379.2	TMEM30CP
ENST00000651456.1	ENSG00000286086.2	TMEM41A-DT
ENST00000419571.1	ENSG00000231770.9	TMEM44-AS1
ENST00000693189.3	ENSG00000231770.9	TMEM44-AS1
ENST00000737518.1	ENSG00000231770.9	TMEM44-AS1
ENST00000737521.1	ENSG00000231770.9	TMEM44-AS1
ENST00000447139.3	ENSG00000229334.3	TMEM44-AS2
ENST00000323223.2	ENSG00000177800.2	TMEM78
ENST00000424819.2	ENSG00000224614.3	TNK2-AS1
ENST00000448113.1	ENSG00000224614.3	TNK2-AS1
ENST00000458180.1	ENSG00000224614.3	TNK2-AS1
ENST00000727118.1	ENSG00000224614.3	TNK2-AS1
ENST00000506250.1	ENSG00000249085.3	TNPO1-DT
ENST00000507957.2	ENSG00000249085.3	TNPO1-DT
ENST00000513767.3	ENSG00000249085.3	TNPO1-DT
ENST00000659888.1	ENSG00000249085.3	TNPO1-DT
ENST00000662691.1	ENSG00000249085.3	TNPO1-DT
ENST00000663630.1	ENSG00000249085.3	TNPO1-DT
ENST00000800006.1	ENSG00000249085.3	TNPO1-DT
ENST00000800007.1	ENSG00000249085.3	TNPO1-DT
ENST00000800008.1	ENSG00000249085.3	TNPO1-DT
ENST00000800009.1	ENSG00000249085.3	TNPO1-DT
ENST00000800010.1	ENSG00000249085.3	TNPO1-DT
ENST00000800011.1	ENSG00000249085.3	TNPO1-DT
ENST00000800012.1	ENSG00000249085.3	TNPO1-DT
ENST00000800013.1	ENSG00000249085.3	TNPO1-DT
ENST00000800014.1	ENSG00000249085.3	TNPO1-DT
ENST00000800018.1	ENSG00000249085.3	TNPO1-DT
ENST00000800019.1	ENSG00000249085.3	TNPO1-DT
ENST00000450996.1	ENSG00000223923.3	TNS1-AS1
ENST00000654642.1	ENSG00000223923.3	TNS1-AS1
ENST00000728390.1	ENSG00000223923.3	TNS1-AS1
ENST00000728391.1	ENSG00000223923.3	TNS1-AS1
ENST00000728392.1	ENSG00000223923.3	TNS1-AS1
ENST00000424053.5	ENSG00000292995.2	TPRXL
ENST00000429201.6	ENSG00000292995.2	TPRXL
ENST00000524375.5	ENSG00000292995.2	TPRXL
ENST00000528040.1	ENSG00000292995.2	TPRXL
ENST00000528067.2	ENSG00000292995.2	TPRXL
ENST00000528312.5	ENSG00000292995.2	TPRXL
ENST00000529129.6	ENSG00000292995.2	TPRXL
ENST00000530586.5	ENSG00000292995.2	TPRXL
ENST00000532753.5	ENSG00000292995.2	TPRXL
ENST00000532880.6	ENSG00000292995.2	TPRXL
ENST00000637756.1	ENSG00000292995.2	TPRXL
ENST00000772637.1	ENSG00000292995.2	TPRXL
ENST00000772638.1	ENSG00000292995.2	TPRXL
ENST00000772639.1	ENSG00000292995.2	TPRXL
ENST00000772640.1	ENSG00000292995.2	TPRXL
ENST00000772641.1	ENSG00000292995.2	TPRXL
ENST00000772642.1	ENSG00000292995.2	TPRXL
ENST00000772643.1	ENSG00000292995.2	TPRXL
ENST00000772644.1	ENSG00000292995.2	TPRXL
ENST00000772645.1	ENSG00000292995.2	TPRXL
ENST00000772646.1	ENSG00000292995.2	TPRXL
ENST00000772647.1	ENSG00000292995.2	TPRXL
ENST00000772648.1	ENSG00000292995.2	TPRXL
ENST00000772649.1	ENSG00000292995.2	TPRXL
ENST00000772653.1	ENSG00000292995.2	TPRXL
ENST00000772654.1	ENSG00000292995.2	TPRXL
ENST00000772655.1	ENSG00000292995.2	TPRXL
ENST00000839927.1	ENSG00000270094.2	TRIM11-AS1
ENST00000569927.3	ENSG00000260641.3	TSPAN5-DT
ENST00000802021.1	ENSG00000260641.3	TSPAN5-DT
ENST00000802022.1	ENSG00000260641.3	TSPAN5-DT
ENST00000802023.1	ENSG00000260641.3	TSPAN5-DT
ENST00000802024.1	ENSG00000260641.3	TSPAN5-DT
ENST00000802025.1	ENSG00000260641.3	TSPAN5-DT
ENST00000802026.1	ENSG00000260641.3	TSPAN5-DT
ENST00000440322.5	ENSG00000224490.6	TTC21B-AS1
ENST00000443032.1	ENSG00000224490.6	TTC21B-AS1
ENST00000446624.1	ENSG00000224490.6	TTC21B-AS1
ENST00000606401.2	ENSG00000272323.2	TTC23L-AS1
ENST00000607190.3	ENSG00000271991.4	TTC32-DT
ENST00000731642.1	ENSG00000271991.4	TTC32-DT
ENST00000731643.1	ENSG00000271991.4	TTC32-DT
ENST00000731644.1	ENSG00000271991.4	TTC32-DT
ENST00000564479.5	ENSG00000261664.6	TTC39A-AS1
ENST00000568425.1	ENSG00000261664.6	TTC39A-AS1
ENST00000723822.1	ENSG00000261664.6	TTC39A-AS1
ENST00000723823.1	ENSG00000261664.6	TTC39A-AS1
ENST00000415561.1	ENSG00000237298.12	TTN-AS1
ENST00000418062.1	ENSG00000237298.12	TTN-AS1
ENST00000419746.5	ENSG00000237298.12	TTN-AS1
ENST00000431259.6	ENSG00000237298.12	TTN-AS1
ENST00000431752.1	ENSG00000237298.12	TTN-AS1
ENST00000438095.1	ENSG00000237298.12	TTN-AS1
ENST00000442329.8	ENSG00000237298.12	TTN-AS1
ENST00000450692.6	ENSG00000237298.12	TTN-AS1
ENST00000456053.5	ENSG00000237298.12	TTN-AS1
ENST00000578746.1	ENSG00000237298.12	TTN-AS1
ENST00000582038.2	ENSG00000237298.12	TTN-AS1
ENST00000582847.6	ENSG00000237298.12	TTN-AS1
ENST00000584485.1	ENSG00000237298.12	TTN-AS1
ENST00000585358.5	ENSG00000237298.12	TTN-AS1
ENST00000585487.7	ENSG00000237298.12	TTN-AS1
ENST00000585625.5	ENSG00000237298.12	TTN-AS1
ENST00000586452.5	ENSG00000237298.12	TTN-AS1
ENST00000586707.6	ENSG00000237298.12	TTN-AS1
ENST00000586831.5	ENSG00000237298.12	TTN-AS1
ENST00000587568.5	ENSG00000237298.12	TTN-AS1
ENST00000587576.1	ENSG00000237298.12	TTN-AS1
ENST00000587944.5	ENSG00000237298.12	TTN-AS1
ENST00000588244.5	ENSG00000237298.12	TTN-AS1
ENST00000588257.5	ENSG00000237298.12	TTN-AS1
ENST00000588716.5	ENSG00000237298.12	TTN-AS1
ENST00000588804.5	ENSG00000237298.12	TTN-AS1
ENST00000589234.5	ENSG00000237298.12	TTN-AS1
ENST00000589355.1	ENSG00000237298.12	TTN-AS1
ENST00000589391.5	ENSG00000237298.12	TTN-AS1
ENST00000589434.6	ENSG00000237298.12	TTN-AS1
ENST00000589487.5	ENSG00000237298.12	TTN-AS1
ENST00000589830.1	ENSG00000237298.12	TTN-AS1
ENST00000589842.5	ENSG00000237298.12	TTN-AS1
ENST00000589907.5	ENSG00000237298.12	TTN-AS1
ENST00000590040.5	ENSG00000237298.12	TTN-AS1
ENST00000590743.1	ENSG00000237298.12	TTN-AS1
ENST00000590773.6	ENSG00000237298.12	TTN-AS1
ENST00000590807.5	ENSG00000237298.12	TTN-AS1
ENST00000590932.5	ENSG00000237298.12	TTN-AS1
ENST00000591332.5	ENSG00000237298.12	TTN-AS1
ENST00000591466.6	ENSG00000237298.12	TTN-AS1
ENST00000591867.5	ENSG00000237298.12	TTN-AS1
ENST00000592161.2	ENSG00000237298.12	TTN-AS1
ENST00000592182.5	ENSG00000237298.12	TTN-AS1
ENST00000592600.6	ENSG00000237298.12	TTN-AS1
ENST00000592630.5	ENSG00000237298.12	TTN-AS1
ENST00000592689.5	ENSG00000237298.12	TTN-AS1
ENST00000592750.5	ENSG00000237298.12	TTN-AS1
ENST00000592836.5	ENSG00000237298.12	TTN-AS1
ENST00000604571.1	ENSG00000237298.12	TTN-AS1
ENST00000604956.1	ENSG00000237298.12	TTN-AS1
ENST00000610005.1	ENSG00000237298.12	TTN-AS1
ENST00000610290.4	ENSG00000237298.12	TTN-AS1
ENST00000614124.1	ENSG00000237298.12	TTN-AS1
ENST00000620591.4	ENSG00000237298.12	TTN-AS1
ENST00000625480.2	ENSG00000237298.12	TTN-AS1
ENST00000625536.2	ENSG00000237298.12	TTN-AS1
ENST00000626117.2	ENSG00000237298.12	TTN-AS1
ENST00000626138.2	ENSG00000237298.12	TTN-AS1
ENST00000626517.2	ENSG00000237298.12	TTN-AS1
ENST00000626954.2	ENSG00000237298.12	TTN-AS1
ENST00000627527.1	ENSG00000237298.12	TTN-AS1
ENST00000627564.2	ENSG00000237298.12	TTN-AS1
ENST00000627661.2	ENSG00000237298.12	TTN-AS1
ENST00000628296.2	ENSG00000237298.12	TTN-AS1
ENST00000628826.2	ENSG00000237298.12	TTN-AS1
ENST00000629094.2	ENSG00000237298.12	TTN-AS1
ENST00000629117.2	ENSG00000237298.12	TTN-AS1
ENST00000630096.2	ENSG00000237298.12	TTN-AS1
ENST00000631319.1	ENSG00000237298.12	TTN-AS1
ENST00000653807.1	ENSG00000237298.12	TTN-AS1
ENST00000657023.1	ENSG00000237298.12	TTN-AS1
ENST00000657210.1	ENSG00000237298.12	TTN-AS1
ENST00000657818.1	ENSG00000237298.12	TTN-AS1
ENST00000659121.1	ENSG00000237298.12	TTN-AS1
ENST00000663178.1	ENSG00000237298.12	TTN-AS1
ENST00000664161.2	ENSG00000237298.12	TTN-AS1
ENST00000664776.1	ENSG00000237298.12	TTN-AS1
ENST00000671355.1	ENSG00000237298.12	TTN-AS1
ENST00000702938.2	ENSG00000237298.12	TTN-AS1
ENST00000768381.1	ENSG00000237298.12	TTN-AS1
ENST00000768382.1	ENSG00000237298.12	TTN-AS1
ENST00000768383.1	ENSG00000237298.12	TTN-AS1
ENST00000768384.1	ENSG00000237298.12	TTN-AS1
ENST00000768385.1	ENSG00000237298.12	TTN-AS1
ENST00000768386.1	ENSG00000237298.12	TTN-AS1
ENST00000768387.1	ENSG00000237298.12	TTN-AS1
ENST00000768388.1	ENSG00000237298.12	TTN-AS1
ENST00000768389.1	ENSG00000237298.12	TTN-AS1
ENST00000768390.1	ENSG00000237298.12	TTN-AS1
ENST00000768391.1	ENSG00000237298.12	TTN-AS1
ENST00000768392.1	ENSG00000237298.12	TTN-AS1
ENST00000466156.1	ENSG00000243197.8	TUSC7
ENST00000466856.5	ENSG00000243197.8	TUSC7
ENST00000477539.6	ENSG00000243197.8	TUSC7
ENST00000477805.1	ENSG00000243197.8	TUSC7
ENST00000496154.2	ENSG00000243197.8	TUSC7
ENST00000496242.7	ENSG00000243197.8	TUSC7
ENST00000609361.5	ENSG00000243197.8	TUSC7
ENST00000660554.1	ENSG00000243197.8	TUSC7
ENST00000665622.1	ENSG00000243197.8	TUSC7
ENST00000464958.3	ENSG00000243224.3	TWF2-DT
ENST00000483834.2	ENSG00000243224.3	TWF2-DT
ENST00000816612.1	ENSG00000243224.3	TWF2-DT
ENST00000428794.1	ENSG00000228369.2	TXNDC12-AS1
ENST00000501133.4	ENSG00000246560.4	UBE2D3-AS1
ENST00000686558.3	ENSG00000246560.4	UBE2D3-AS1
ENST00000723676.1	ENSG00000246560.4	UBE2D3-AS1
ENST00000723677.1	ENSG00000246560.4	UBE2D3-AS1
ENST00000723678.1	ENSG00000246560.4	UBE2D3-AS1
ENST00000723679.1	ENSG00000246560.4	UBE2D3-AS1
ENST00000723680.1	ENSG00000246560.4	UBE2D3-AS1
ENST00000441613.2	ENSG00000229780.2	UBE2Q1-AS1
ENST00000442941.2	ENSG00000225822.5	UBXN7-AS1
ENST00000504032.1	ENSG00000249348.3	UGDH-AS1
ENST00000685788.3	ENSG00000249348.3	UGDH-AS1
ENST00000718929.1	ENSG00000249348.3	UGDH-AS1
ENST00000718930.1	ENSG00000249348.3	UGDH-AS1
ENST00000718931.1	ENSG00000249348.3	UGDH-AS1
ENST00000718932.1	ENSG00000249348.3	UGDH-AS1
ENST00000605849.2	ENSG00000271474.2	UNC5C-AS1
ENST00000778702.1	ENSG00000271474.2	UNC5C-AS1
ENST00000420867.1	ENSG00000236292.2	USH2A-AS1
ENST00000430890.5	ENSG00000233620.6	USH2A-AS2
ENST00000442606.1	ENSG00000233620.6	USH2A-AS2
ENST00000445619.5	ENSG00000233620.6	USH2A-AS2
ENST00000446411.6	ENSG00000233620.6	USH2A-AS2
ENST00000796399.1	ENSG00000233620.6	USH2A-AS2
ENST00000578974.3	ENSG00000270820.9	USP34-DT
ENST00000603028.6	ENSG00000270820.9	USP34-DT
ENST00000603199.4	ENSG00000270820.9	USP34-DT
ENST00000603652.3	ENSG00000270820.9	USP34-DT
ENST00000605437.2	ENSG00000270820.9	USP34-DT
ENST00000664869.3	ENSG00000270820.9	USP34-DT
ENST00000692738.2	ENSG00000270820.9	USP34-DT
ENST00000702649.2	ENSG00000270820.9	USP34-DT
ENST00000703027.1	ENSG00000270820.9	USP34-DT
ENST00000805155.1	ENSG00000270820.9	USP34-DT
ENST00000805156.1	ENSG00000270820.9	USP34-DT
ENST00000805157.1	ENSG00000270820.9	USP34-DT
ENST00000805158.1	ENSG00000270820.9	USP34-DT
ENST00000805159.1	ENSG00000270820.9	USP34-DT
ENST00000805160.1	ENSG00000270820.9	USP34-DT
ENST00000805161.1	ENSG00000270820.9	USP34-DT
ENST00000805162.1	ENSG00000270820.9	USP34-DT
ENST00000805163.1	ENSG00000270820.9	USP34-DT
ENST00000805164.1	ENSG00000270820.9	USP34-DT
ENST00000805165.1	ENSG00000270820.9	USP34-DT
ENST00000805166.1	ENSG00000270820.9	USP34-DT
ENST00000805167.1	ENSG00000270820.9	USP34-DT
ENST00000805168.1	ENSG00000270820.9	USP34-DT
ENST00000805169.1	ENSG00000270820.9	USP34-DT
ENST00000805170.1	ENSG00000270820.9	USP34-DT
ENST00000805171.1	ENSG00000270820.9	USP34-DT
ENST00000805172.1	ENSG00000270820.9	USP34-DT
ENST00000805173.1	ENSG00000270820.9	USP34-DT
ENST00000805174.1	ENSG00000270820.9	USP34-DT
ENST00000805175.1	ENSG00000270820.9	USP34-DT
ENST00000805176.1	ENSG00000270820.9	USP34-DT
ENST00000805177.1	ENSG00000270820.9	USP34-DT
ENST00000805178.1	ENSG00000270820.9	USP34-DT
ENST00000805179.1	ENSG00000270820.9	USP34-DT
ENST00000805180.1	ENSG00000270820.9	USP34-DT
ENST00000805181.1	ENSG00000270820.9	USP34-DT
ENST00000805182.1	ENSG00000270820.9	USP34-DT
ENST00000805183.1	ENSG00000270820.9	USP34-DT
ENST00000805184.1	ENSG00000270820.9	USP34-DT
ENST00000805185.1	ENSG00000270820.9	USP34-DT
ENST00000805186.1	ENSG00000270820.9	USP34-DT
ENST00000805187.1	ENSG00000270820.9	USP34-DT
ENST00000805188.1	ENSG00000270820.9	USP34-DT
ENST00000805189.1	ENSG00000270820.9	USP34-DT
ENST00000805190.1	ENSG00000270820.9	USP34-DT
ENST00000805191.1	ENSG00000270820.9	USP34-DT
ENST00000805192.1	ENSG00000270820.9	USP34-DT
ENST00000805193.1	ENSG00000270820.9	USP34-DT
ENST00000805194.1	ENSG00000270820.9	USP34-DT
ENST00000805195.1	ENSG00000270820.9	USP34-DT
ENST00000805196.1	ENSG00000270820.9	USP34-DT
ENST00000805197.1	ENSG00000270820.9	USP34-DT
ENST00000805198.1	ENSG00000270820.9	USP34-DT
ENST00000805199.1	ENSG00000270820.9	USP34-DT
ENST00000805200.1	ENSG00000270820.9	USP34-DT
ENST00000805201.1	ENSG00000270820.9	USP34-DT
ENST00000805202.1	ENSG00000270820.9	USP34-DT
ENST00000638586.1	ENSG00000284338.2	VAV3-AS1
ENST00000639685.2	ENSG00000284338.2	VAV3-AS1
ENST00000640155.1	ENSG00000284338.2	VAV3-AS1
ENST00000640493.1	ENSG00000284338.2	VAV3-AS1
ENST00000657699.1	ENSG00000284338.2	VAV3-AS1
ENST00000715655.1	ENSG00000230489.3	VAV3-AS1
ENST00000715656.1	ENSG00000230489.3	VAV3-AS1
ENST00000715657.1	ENSG00000230489.3	VAV3-AS1
ENST00000715658.2	ENSG00000230489.3	VAV3-AS1
ENST00000715659.1	ENSG00000230489.3	VAV3-AS1
ENST00000715660.2	ENSG00000230489.3	VAV3-AS1
ENST00000820014.1	ENSG00000230489.3	VAV3-AS1
ENST00000820015.1	ENSG00000230489.3	VAV3-AS1
ENST00000820016.1	ENSG00000230489.3	VAV3-AS1
ENST00000820017.1	ENSG00000230489.3	VAV3-AS1
ENST00000512090.1	ENSG00000249835.2	VCAN-AS1
ENST00000513899.1	ENSG00000249835.2	VCAN-AS1
ENST00000416430.1	ENSG00000224257.1	VWC2L-IT1
ENST00000425884.7	ENSG00000231365.8	WARS2-AS1
ENST00000440150.5	ENSG00000231365.8	WARS2-AS1
ENST00000667936.1	ENSG00000231365.8	WARS2-AS1
ENST00000670000.1	ENSG00000231365.8	WARS2-AS1
ENST00000685192.2	ENSG00000231365.8	WARS2-AS1
ENST00000688395.2	ENSG00000231365.8	WARS2-AS1
ENST00000715919.1	ENSG00000231365.8	WARS2-AS1
ENST00000423984.2	ENSG00000224238.2	WARS2-IT1
ENST00000416575.3	ENSG00000227210.3	WDR35-DT
ENST00000658200.1	ENSG00000227210.3	WDR35-DT
ENST00000737626.1	ENSG00000227210.3	WDR35-DT
ENST00000737629.1	ENSG00000227210.3	WDR35-DT
ENST00000737631.1	ENSG00000227210.3	WDR35-DT
ENST00000608015.1	ENSG00000272758.8	WDR5B-DT
ENST00000608346.2	ENSG00000272758.8	WDR5B-DT
ENST00000608465.6	ENSG00000272758.8	WDR5B-DT
ENST00000608756.6	ENSG00000272758.8	WDR5B-DT
ENST00000667395.3	ENSG00000272758.8	WDR5B-DT
ENST00000686885.2	ENSG00000272758.8	WDR5B-DT
ENST00000831938.1	ENSG00000272758.8	WDR5B-DT
ENST00000831939.1	ENSG00000272758.8	WDR5B-DT
ENST00000831940.1	ENSG00000272758.8	WDR5B-DT
ENST00000831941.1	ENSG00000272758.8	WDR5B-DT
ENST00000831942.1	ENSG00000272758.8	WDR5B-DT
ENST00000831943.1	ENSG00000272758.8	WDR5B-DT
ENST00000831945.1	ENSG00000272758.8	WDR5B-DT
ENST00000831946.1	ENSG00000272758.8	WDR5B-DT
ENST00000513652.1	ENSG00000293167.1	WDR5CP
ENST00000597991.1	ENSG00000293167.1	WDR5CP
ENST00000454203.1	ENSG00000237798.1	WIPF1-AS1
ENST00000469484.1	ENSG00000244586.1	WNT5A-AS1
ENST00000466836.1	ENSG00000241313.3	WWTR1-AS1
ENST00000479752.1	ENSG00000241313.3	WWTR1-AS1
ENST00000495094.1	ENSG00000241313.3	WWTR1-AS1
ENST00000663001.1	ENSG00000241313.3	WWTR1-AS1
ENST00000420253.3	ENSG00000228242.6	XPC-AS1
ENST00000428681.3	ENSG00000228242.6	XPC-AS1
ENST00000626655.2	ENSG00000228242.6	XPC-AS1
ENST00000627116.2	ENSG00000228242.6	XPC-AS1
ENST00000627385.1	ENSG00000228242.6	XPC-AS1
ENST00000627997.2	ENSG00000228242.6	XPC-AS1
ENST00000628412.1	ENSG00000228242.6	XPC-AS1
ENST00000628446.2	ENSG00000228242.6	XPC-AS1
ENST00000628760.2	ENSG00000228242.6	XPC-AS1
ENST00000628785.2	ENSG00000228242.6	XPC-AS1
ENST00000628791.1	ENSG00000228242.6	XPC-AS1
ENST00000628978.1	ENSG00000228242.6	XPC-AS1
ENST00000629301.2	ENSG00000228242.6	XPC-AS1
ENST00000629708.2	ENSG00000228242.6	XPC-AS1
ENST00000629796.2	ENSG00000228242.6	XPC-AS1
ENST00000630173.2	ENSG00000228242.6	XPC-AS1
ENST00000630772.2	ENSG00000228242.6	XPC-AS1
ENST00000458531.1	ENSG00000233303.1	XXYLT1-AS1
ENST00000426468.3	ENSG00000230266.3	XXYLT1-AS2
ENST00000447975.1	ENSG00000230266.3	XXYLT1-AS2
ENST00000609682.3	ENSG00000256628.6	ZBTB11-AS1
ENST00000851071.1	ENSG00000256628.6	ZBTB11-AS1
ENST00000460210.1	ENSG00000241560.8	ZBTB20-AS1
ENST00000467304.2	ENSG00000241560.8	ZBTB20-AS1
ENST00000475939.5	ENSG00000241560.8	ZBTB20-AS1
ENST00000487814.1	ENSG00000241560.8	ZBTB20-AS1
ENST00000496219.5	ENSG00000241560.8	ZBTB20-AS1
ENST00000651682.1	ENSG00000241560.8	ZBTB20-AS1
ENST00000654216.1	ENSG00000241560.8	ZBTB20-AS1
ENST00000657013.1	ENSG00000241560.8	ZBTB20-AS1
ENST00000657808.1	ENSG00000241560.8	ZBTB20-AS1
ENST00000659395.1	ENSG00000241560.8	ZBTB20-AS1
ENST00000659927.1	ENSG00000241560.8	ZBTB20-AS1
ENST00000801098.1	ENSG00000241560.8	ZBTB20-AS1
ENST00000801099.1	ENSG00000241560.8	ZBTB20-AS1
ENST00000478301.1	ENSG00000241295.1	ZBTB20-AS2
ENST00000498630.1	ENSG00000239946.1	ZBTB20-AS3
ENST00000472323.1	ENSG00000242767.1	ZBTB20-AS4
ENST00000465249.1	ENSG00000242290.2	ZBTB20-AS5
ENST00000627586.1	ENSG00000242290.2	ZBTB20-AS5
ENST00000628886.1	ENSG00000242290.2	ZBTB20-AS5
ENST00000421083.2	ENSG00000238057.11	ZEB2-AS1
ENST00000427278.8	ENSG00000238057.11	ZEB2-AS1
ENST00000428623.5	ENSG00000238057.11	ZEB2-AS1
ENST00000595109.5	ENSG00000238057.11	ZEB2-AS1
ENST00000595449.3	ENSG00000238057.11	ZEB2-AS1
ENST00000602006.6	ENSG00000238057.11	ZEB2-AS1
ENST00000608361.5	ENSG00000238057.11	ZEB2-AS1
ENST00000609376.5	ENSG00000238057.11	ZEB2-AS1
ENST00000609819.5	ENSG00000238057.11	ZEB2-AS1
ENST00000609842.5	ENSG00000238057.11	ZEB2-AS1
ENST00000610265.1	ENSG00000238057.11	ZEB2-AS1
ENST00000610937.1	ENSG00000238057.11	ZEB2-AS1
ENST00000647603.1	ENSG00000238057.11	ZEB2-AS1
ENST00000648698.1	ENSG00000238057.11	ZEB2-AS1
ENST00000648781.1	ENSG00000238057.11	ZEB2-AS1
ENST00000649923.1	ENSG00000238057.11	ZEB2-AS1
ENST00000650024.1	ENSG00000238057.11	ZEB2-AS1
ENST00000823977.1	ENSG00000238057.11	ZEB2-AS1
ENST00000823978.1	ENSG00000238057.11	ZEB2-AS1
ENST00000462168.2	ENSG00000241202.2	ZIC4-AS1
ENST00000830430.1	ENSG00000264278.2	ZNF236-DT
ENST00000335648.3	ENSG00000249087.10	ZNF436-AS1
ENST00000437367.6	ENSG00000249087.10	ZNF436-AS1
ENST00000454117.2	ENSG00000249087.10	ZNF436-AS1
ENST00000518600.4	ENSG00000249087.10	ZNF436-AS1
ENST00000518821.1	ENSG00000249087.10	ZNF436-AS1
ENST00000634598.2	ENSG00000283106.3	ZNF436-AS1
ENST00000634806.1	ENSG00000283106.3	ZNF436-AS1
ENST00000635067.2	ENSG00000283106.3	ZNF436-AS1
ENST00000635212.2	ENSG00000283106.3	ZNF436-AS1
ENST00000635393.2	ENSG00000283106.3	ZNF436-AS1
ENST00000659230.1	ENSG00000283106.3	ZNF436-AS1
ENST00000671509.3	ENSG00000249087.10	ZNF436-AS1
ENST00000689840.2	ENSG00000249087.10	ZNF436-AS1
ENST00000690463.3	ENSG00000249087.10	ZNF436-AS1
ENST00000703050.2	ENSG00000249087.10	ZNF436-AS1
ENST00000703051.1	ENSG00000249087.10	ZNF436-AS1
ENST00000711399.1	ENSG00000283106.3	ZNF436-AS1
ENST00000711400.1	ENSG00000283106.3	ZNF436-AS1
ENST00000711401.1	ENSG00000283106.3	ZNF436-AS1
ENST00000711402.1	ENSG00000283106.3	ZNF436-AS1
ENST00000724025.1	ENSG00000249087.10	ZNF436-AS1
ENST00000724029.1	ENSG00000249087.10	ZNF436-AS1
ENST00000689922.1	ENSG00000289234.3	ZNF496-DT
ENST00000697393.1	ENSG00000289234.3	ZNF496-DT
ENST00000697394.1	ENSG00000289234.3	ZNF496-DT
ENST00000697395.1	ENSG00000289234.3	ZNF496-DT
ENST00000697396.1	ENSG00000289234.3	ZNF496-DT
ENST00000697397.1	ENSG00000289234.3	ZNF496-DT
ENST00000697398.1	ENSG00000289234.3	ZNF496-DT
ENST00000697399.1	ENSG00000289234.3	ZNF496-DT
ENST00000697400.1	ENSG00000289234.3	ZNF496-DT
ENST00000697401.1	ENSG00000289234.3	ZNF496-DT
ENST00000697402.1	ENSG00000289234.3	ZNF496-DT
ENST00000697404.1	ENSG00000289234.3	ZNF496-DT
ENST00000697405.1	ENSG00000289234.3	ZNF496-DT
ENST00000697406.1	ENSG00000289234.3	ZNF496-DT
ENST00000697407.1	ENSG00000289234.3	ZNF496-DT
ENST00000709068.1	ENSG00000291885.1	ZNF496-DT
ENST00000709069.1	ENSG00000291885.1	ZNF496-DT
ENST00000709070.1	ENSG00000291885.1	ZNF496-DT
ENST00000709071.1	ENSG00000291885.1	ZNF496-DT
ENST00000709072.1	ENSG00000291885.1	ZNF496-DT
ENST00000709073.1	ENSG00000291885.1	ZNF496-DT
ENST00000709074.1	ENSG00000291885.1	ZNF496-DT
ENST00000709075.1	ENSG00000291885.1	ZNF496-DT
ENST00000709076.1	ENSG00000291885.1	ZNF496-DT
ENST00000709077.1	ENSG00000291885.1	ZNF496-DT
ENST00000709078.1	ENSG00000291885.1	ZNF496-DT
ENST00000709080.1	ENSG00000291885.1	ZNF496-DT
ENST00000709081.1	ENSG00000291885.1	ZNF496-DT
ENST00000709082.1	ENSG00000291885.1	ZNF496-DT
ENST00000709083.1	ENSG00000291885.1	ZNF496-DT
ENST00000709084.1	ENSG00000291885.1	ZNF496-DT
ENST00000813247.1	ENSG00000289234.3	ZNF496-DT
ENST00000813248.1	ENSG00000289234.3	ZNF496-DT
ENST00000813250.1	ENSG00000289234.3	ZNF496-DT
ENST00000417047.2	ENSG00000227237.2	ZNF692-DT
ENST00000816677.1	ENSG00000227237.2	ZNF692-DT
ENST00000451482.4	ENSG00000293494.3	ZPLD2P
ENST00000686909.2	ENSG00000293494.3	ZPLD2P
ENST00000688339.3	ENSG00000293494.3	ZPLD2P
ENST00000692018.2	ENSG00000293494.3	ZPLD2P
ENST00000702541.2	ENSG00000293494.3	ZPLD2P
ENST00000713592.1	ENSG00000293494.3	ZPLD2P
ENST00000821486.1	ENSG00000293494.3	ZPLD2P
ENST00000821487.1	ENSG00000293494.3	ZPLD2P
ENST00000821488.1	ENSG00000293494.3	ZPLD2P
ENST00000821489.1	ENSG00000293494.3	ZPLD2P
ENST00000821490.1	ENSG00000293494.3	ZPLD2P
ENST00000821491.1	ENSG00000293494.3	ZPLD2P
ENST00000821492.1	ENSG00000293494.3	ZPLD2P
ENST00000821493.1	ENSG00000293494.3	ZPLD2P
ENST00000426999.1	ENSG00000235079.2	ZRANB2-AS1
ENST00000450461.2	ENSG00000235079.2	ZRANB2-AS1
ENST00000789021.1	ENSG00000235079.2	ZRANB2-AS1
ENST00000789022.1	ENSG00000235079.2	ZRANB2-AS1
ENST00000411721.1	ENSG00000229956.12	ZRANB2-DT
ENST00000413421.5	ENSG00000229956.12	ZRANB2-DT
ENST00000415780.1	ENSG00000229956.12	ZRANB2-DT
ENST00000455406.6	ENSG00000229956.12	ZRANB2-DT
ENST00000583678.6	ENSG00000229956.12	ZRANB2-DT
ENST00000585499.5	ENSG00000229956.12	ZRANB2-DT
ENST00000586006.5	ENSG00000229956.12	ZRANB2-DT
ENST00000587066.5	ENSG00000229956.12	ZRANB2-DT
ENST00000587306.5	ENSG00000229956.12	ZRANB2-DT
ENST00000590186.5	ENSG00000229956.12	ZRANB2-DT
ENST00000591654.5	ENSG00000229956.12	ZRANB2-DT
ENST00000594152.5	ENSG00000229956.12	ZRANB2-DT
ENST00000596952.5	ENSG00000229956.12	ZRANB2-DT
ENST00000600103.1	ENSG00000229956.12	ZRANB2-DT
ENST00000608360.1	ENSG00000229956.12	ZRANB2-DT
ENST00000623721.3	ENSG00000229956.12	ZRANB2-DT
ENST00000625045.2	ENSG00000229956.12	ZRANB2-DT
ENST00000627902.2	ENSG00000229956.12	ZRANB2-DT
ENST00000628797.2	ENSG00000229956.12	ZRANB2-DT
ENST00000630350.2	ENSG00000229956.12	ZRANB2-DT
ENST00000630994.2	ENSG00000229956.12	ZRANB2-DT
ENST00000634641.2	ENSG00000229956.12	ZRANB2-DT
ENST00000654734.1	ENSG00000229956.12	ZRANB2-DT
ENST00000663294.1	ENSG00000229956.12	ZRANB2-DT
ENST00000670550.1	ENSG00000229956.12	ZRANB2-DT
ENST00000828816.1	ENSG00000229956.12	ZRANB2-DT
ENST00000828819.1	ENSG00000229956.12	ZRANB2-DT
ENST00000828820.1	ENSG00000229956.12	ZRANB2-DT
ENST00000828821.1	ENSG00000229956.12	ZRANB2-DT
ENST00000828822.1	ENSG00000229956.12	ZRANB2-DT
ENST00000828823.1	ENSG00000229956.12	ZRANB2-DT
ENST00000828824.1	ENSG00000229956.12	ZRANB2-DT
ENST00000828825.1	ENSG00000229956.12	ZRANB2-DT
ENST00000828826.1	ENSG00000229956.12	ZRANB2-DT
