id	chromosome	start	end	length	total_kmers	matched_kmer_positions	match_count	match_fraction
negative_0	CM142247.1 Homo sapiens isolate H9_T2T chromosome 1, whole genome shotgun sequence	160001392	160002356	964	940	166	185	0.176596
negative_1	CM142247.1 Homo sapiens isolate H9_T2T chromosome 1, whole genome shotgun sequence	47203351	47204275	924	900	163	190	0.181111
negative_2	CM142247.1 Homo sapiens isolate H9_T2T chromosome 1, whole genome shotgun sequence	79911352	79912219	867	843	154	189	0.182681
negative_3	CM142247.1 Homo sapiens isolate H9_T2T chromosome 1, whole genome shotgun sequence	93629968	93630968	1000	976	189	212	0.193648
negative_4	CM142247.1 Homo sapiens isolate H9_T2T chromosome 1, whole genome shotgun sequence	174588561	174589444	883	859	158	182	0.183935
negative_5	CM142247.1 Homo sapiens isolate H9_T2T chromosome 1, whole genome shotgun sequence	219793945	219794896	951	927	179	215	0.193096
negative_6	CM142247.1 Homo sapiens isolate H9_T2T chromosome 1, whole genome shotgun sequence	104731824	104732819	995	971	174	192	0.179197
negative_7	CM142247.1 Homo sapiens isolate H9_T2T chromosome 1, whole genome shotgun sequence	159162524	159163501	977	953	186	213	0.195173
negative_8	CM142247.1 Homo sapiens isolate H9_T2T chromosome 1, whole genome shotgun sequence	151704867	151705855	988	964	171	178	0.177386
negative_9	CM142247.1 Homo sapiens isolate H9_T2T chromosome 1, whole genome shotgun sequence	98709930	98710841	911	887	175	197	0.197294
negative_10	CM142247.1 Homo sapiens isolate H9_T2T chromosome 1, whole genome shotgun sequence	206940884	206941799	915	891	146	161	0.163861
negative_11	CM142247.1 Homo sapiens isolate H9_T2T chromosome 1, whole genome shotgun sequence	23383547	23384444	897	873	143	161	0.163803
negative_12	CM142247.1 Homo sapiens isolate H9_T2T chromosome 1, whole genome shotgun sequence	89615741	89616712	971	947	161	181	0.170011
negative_13	CM142247.1 Homo sapiens isolate H9_T2T chromosome 1, whole genome shotgun sequence	146028302	146029280	978	954	178	197	0.186583
negative_14	CM142247.1 Homo sapiens isolate H9_T2T chromosome 1, whole genome shotgun sequence	140071421	140072373	952	928	174	197	0.187500
negative_15	CM142247.1 Homo sapiens isolate H9_T2T chromosome 1, whole genome shotgun sequence	97606760	97607709	949	925	163	178	0.176216
negative_16	CM142247.1 Homo sapiens isolate H9_T2T chromosome 1, whole genome shotgun sequence	236092607	236093588	981	957	165	179	0.172414
negative_17	CM142247.1 Homo sapiens isolate H9_T2T chromosome 1, whole genome shotgun sequence	31854873	31855733	860	836	147	158	0.175837
negative_18	CM142247.1 Homo sapiens isolate H9_T2T chromosome 1, whole genome shotgun sequence	177482575	177483523	948	924	182	197	0.196970
negative_19	CM142247.1 Homo sapiens isolate H9_T2T chromosome 1, whole genome shotgun sequence	46873937	46874827	890	866	151	173	0.174365
negative_20	CM142247.1 Homo sapiens isolate H9_T2T chromosome 1, whole genome shotgun sequence	42245485	42246410	925	901	192	223	0.213097
negative_21	CM142247.1 Homo sapiens isolate H9_T2T chromosome 1, whole genome shotgun sequence	117324605	117325584	979	955	176	197	0.184293
negative_22	CM142247.1 Homo sapiens isolate H9_T2T chromosome 1, whole genome shotgun sequence	158208749	158209666	917	893	152	167	0.170213
negative_23	CM142247.1 Homo sapiens isolate H9_T2T chromosome 1, whole genome shotgun sequence	150163981	150164975	994	970	173	191	0.178351
negative_24	CM142247.1 Homo sapiens isolate H9_T2T chromosome 1, whole genome shotgun sequence	96943935	96944888	953	929	167	187	0.179763
negative_25	CM142247.1 Homo sapiens isolate H9_T2T chromosome 1, whole genome shotgun sequence	132163065	132164050	985	961	211	242	0.219563
negative_26	CM142247.1 Homo sapiens isolate H9_T2T chromosome 1, whole genome shotgun sequence	127337425	127338355	930	906	162	179	0.178808
negative_27	CM142247.1 Homo sapiens isolate H9_T2T chromosome 1, whole genome shotgun sequence	166668036	166668979	943	919	153	177	0.166485
negative_28	CM142247.1 Homo sapiens isolate H9_T2T chromosome 1, whole genome shotgun sequence	23697951	23698912	961	937	184	208	0.196371
negative_29	CM142247.1 Homo sapiens isolate H9_T2T chromosome 1, whole genome shotgun sequence	89454794	89455763	969	945	179	193	0.189418
negative_30	CM142247.1 Homo sapiens isolate H9_T2T chromosome 1, whole genome shotgun sequence	64561736	64562711	975	951	186	217	0.195584
negative_31	CM142247.1 Homo sapiens isolate H9_T2T chromosome 1, whole genome shotgun sequence	101923152	101924016	864	840	153	173	0.182143
negative_32	CM142247.1 Homo sapiens isolate H9_T2T chromosome 1, whole genome shotgun sequence	12847649	12848561	912	888	162	185	0.182432
negative_33	CM142247.1 Homo sapiens isolate H9_T2T chromosome 1, whole genome shotgun sequence	223841617	223842498	881	857	163	181	0.190198
negative_34	CM142247.1 Homo sapiens isolate H9_T2T chromosome 1, whole genome shotgun sequence	179696763	179697656	893	869	163	180	0.187572
negative_35	CM142247.1 Homo sapiens isolate H9_T2T chromosome 1, whole genome shotgun sequence	64241821	64242675	854	830	146	166	0.175904
negative_36	CM142247.1 Homo sapiens isolate H9_T2T chromosome 1, whole genome shotgun sequence	95846885	95847843	958	934	169	189	0.180942
negative_37	CM142247.1 Homo sapiens isolate H9_T2T chromosome 1, whole genome shotgun sequence	239415531	239416436	905	881	185	207	0.209989
negative_38	CM142247.1 Homo sapiens isolate H9_T2T chromosome 1, whole genome shotgun sequence	204692730	204693711	981	957	175	194	0.182863
negative_39	CM142247.1 Homo sapiens isolate H9_T2T chromosome 1, whole genome shotgun sequence	9422520	9423466	946	922	172	192	0.186551
negative_40	CM142247.1 Homo sapiens isolate H9_T2T chromosome 1, whole genome shotgun sequence	232292890	232293832	942	918	175	194	0.190632
negative_41	CM142247.1 Homo sapiens isolate H9_T2T chromosome 1, whole genome shotgun sequence	49390096	49390970	874	850	146	167	0.171765
negative_42	CM142247.1 Homo sapiens isolate H9_T2T chromosome 1, whole genome shotgun sequence	142998110	142999083	973	949	171	197	0.180190
negative_43	CM142247.1 Homo sapiens isolate H9_T2T chromosome 1, whole genome shotgun sequence	107319121	107320020	899	875	170	198	0.194286
negative_44	CM142247.1 Homo sapiens isolate H9_T2T chromosome 1, whole genome shotgun sequence	44389222	44390137	915	891	161	180	0.180696
negative_45	CM142247.1 Homo sapiens isolate H9_T2T chromosome 1, whole genome shotgun sequence	230967807	230968765	958	934	177	205	0.189507
negative_46	CM142247.1 Homo sapiens isolate H9_T2T chromosome 1, whole genome shotgun sequence	224611893	224612759	866	842	170	189	0.201900
negative_47	CM142247.1 Homo sapiens isolate H9_T2T chromosome 1, whole genome shotgun sequence	212250149	212251048	899	875	167	180	0.190857
negative_48	CM142247.1 Homo sapiens isolate H9_T2T chromosome 1, whole genome shotgun sequence	111106853	111107716	863	839	146	164	0.174017
negative_49	CM142247.1 Homo sapiens isolate H9_T2T chromosome 1, whole genome shotgun sequence	107774342	107775260	918	894	169	188	0.189038
negative_50	CM142247.1 Homo sapiens isolate H9_T2T chromosome 1, whole genome shotgun sequence	102403419	102404352	933	909	157	179	0.172717
negative_51	CM142247.1 Homo sapiens isolate H9_T2T chromosome 1, whole genome shotgun sequence	64779662	64780637	975	951	187	215	0.196635
negative_52	CM142247.1 Homo sapiens isolate H9_T2T chromosome 1, whole genome shotgun sequence	215759757	215760668	911	887	169	192	0.190530
negative_53	CM142247.1 Homo sapiens isolate H9_T2T chromosome 1, whole genome shotgun sequence	90073625	90074478	853	829	154	183	0.185766
negative_54	CM142247.1 Homo sapiens isolate H9_T2T chromosome 1, whole genome shotgun sequence	65325887	65326874	987	963	168	182	0.174455
negative_55	CM142247.1 Homo sapiens isolate H9_T2T chromosome 1, whole genome shotgun sequence	180937108	180938027	919	895	139	157	0.155307
negative_56	CM142247.1 Homo sapiens isolate H9_T2T chromosome 1, whole genome shotgun sequence	135365203	135366112	909	885	170	192	0.192090
negative_57	CM142247.1 Homo sapiens isolate H9_T2T chromosome 1, whole genome shotgun sequence	169747817	169748816	999	975	186	201	0.190769
negative_58	CM142247.1 Homo sapiens isolate H9_T2T chromosome 1, whole genome shotgun sequence	41395715	41396695	980	956	174	199	0.182008
negative_59	CM142247.1 Homo sapiens isolate H9_T2T chromosome 1, whole genome shotgun sequence	81527128	81528004	876	852	151	178	0.177230
negative_60	CM142247.1 Homo sapiens isolate H9_T2T chromosome 1, whole genome shotgun sequence	121734907	121735788	881	857	151	164	0.176196
negative_61	CM142247.1 Homo sapiens isolate H9_T2T chromosome 1, whole genome shotgun sequence	30601145	30602110	965	941	182	200	0.193411
negative_62	CM142247.1 Homo sapiens isolate H9_T2T chromosome 1, whole genome shotgun sequence	15829004	15829978	974	950	161	181	0.169474
negative_63	CM142247.1 Homo sapiens isolate H9_T2T chromosome 1, whole genome shotgun sequence	30034740	30035627	887	863	149	173	0.172654
negative_64	CM142247.1 Homo sapiens isolate H9_T2T chromosome 1, whole genome shotgun sequence	140135373	140136337	964	940	167	196	0.177660
negative_65	CM142247.1 Homo sapiens isolate H9_T2T chromosome 1, whole genome shotgun sequence	228361619	228362564	945	921	177	188	0.192182
negative_66	CM142247.1 Homo sapiens isolate H9_T2T chromosome 1, whole genome shotgun sequence	115298958	115299911	953	929	152	176	0.163617
negative_67	CM142247.1 Homo sapiens isolate H9_T2T chromosome 1, whole genome shotgun sequence	187217006	187217977	971	947	177	199	0.186906
negative_68	CM142247.1 Homo sapiens isolate H9_T2T chromosome 1, whole genome shotgun sequence	136174591	136175512	921	897	159	180	0.177258
negative_69	CM142247.1 Homo sapiens isolate H9_T2T chromosome 1, whole genome shotgun sequence	208422925	208423846	921	897	180	217	0.200669
negative_70	CM142247.1 Homo sapiens isolate H9_T2T chromosome 1, whole genome shotgun sequence	249115426	249116365	939	915	167	186	0.182514
negative_71	CM142247.1 Homo sapiens isolate H9_T2T chromosome 1, whole genome shotgun sequence	47776586	47777501	915	891	175	196	0.196409
negative_72	CM142247.1 Homo sapiens isolate H9_T2T chromosome 1, whole genome shotgun sequence	87681801	87682693	892	868	148	167	0.170507
negative_73	CM142247.1 Homo sapiens isolate H9_T2T chromosome 1, whole genome shotgun sequence	218257226	218258226	1000	976	199	224	0.203893
negative_74	CM142247.1 Homo sapiens isolate H9_T2T chromosome 1, whole genome shotgun sequence	181905967	181906829	862	838	133	156	0.158711
negative_75	CM142247.1 Homo sapiens isolate H9_T2T chromosome 1, whole genome shotgun sequence	135733150	135734069	919	895	168	196	0.187709
negative_76	CM142247.1 Homo sapiens isolate H9_T2T chromosome 1, whole genome shotgun sequence	120808124	120809113	989	965	173	201	0.179275
negative_77	CM142247.1 Homo sapiens isolate H9_T2T chromosome 1, whole genome shotgun sequence	36860358	36861305	947	923	158	176	0.171181
negative_78	CM142247.1 Homo sapiens isolate H9_T2T chromosome 1, whole genome shotgun sequence	67833509	67834416	907	883	154	174	0.174405
negative_79	CM142247.1 Homo sapiens isolate H9_T2T chromosome 1, whole genome shotgun sequence	141525376	141526349	973	949	158	174	0.166491
negative_80	CM142247.1 Homo sapiens isolate H9_T2T chromosome 1, whole genome shotgun sequence	114238256	114239176	920	896	130	144	0.145089
negative_81	CM142247.1 Homo sapiens isolate H9_T2T chromosome 1, whole genome shotgun sequence	211442913	211443883	970	946	174	194	0.183932
negative_82	CM142247.1 Homo sapiens isolate H9_T2T chromosome 1, whole genome shotgun sequence	31408322	31409240	918	894	151	169	0.168904
negative_83	CM142247.1 Homo sapiens isolate H9_T2T chromosome 1, whole genome shotgun sequence	193853952	193854867	915	891	153	165	0.171717
negative_84	CM142247.1 Homo sapiens isolate H9_T2T chromosome 1, whole genome shotgun sequence	83231708	83232569	861	837	149	160	0.178017
negative_85	CM142247.1 Homo sapiens isolate H9_T2T chromosome 1, whole genome shotgun sequence	238262909	238263854	945	921	160	181	0.173724
negative_86	CM142247.1 Homo sapiens isolate H9_T2T chromosome 1, whole genome shotgun sequence	240652964	240653869	905	881	163	183	0.185017
negative_87	CM142247.1 Homo sapiens isolate H9_T2T chromosome 1, whole genome shotgun sequence	216358149	216359148	999	975	189	213	0.193846
negative_88	CM142247.1 Homo sapiens isolate H9_T2T chromosome 1, whole genome shotgun sequence	77122051	77122928	877	853	166	188	0.194607
negative_89	CM142247.1 Homo sapiens isolate H9_T2T chromosome 1, whole genome shotgun sequence	42731897	42732894	997	973	174	190	0.178828
negative_90	CM142247.1 Homo sapiens isolate H9_T2T chromosome 1, whole genome shotgun sequence	178087143	178088110	967	943	158	170	0.167550
negative_91	CM142247.1 Homo sapiens isolate H9_T2T chromosome 1, whole genome shotgun sequence	4661320	4662199	879	855	157	174	0.183626
negative_92	CM142247.1 Homo sapiens isolate H9_T2T chromosome 1, whole genome shotgun sequence	25111625	25112551	926	902	162	182	0.179601
negative_93	CM142247.1 Homo sapiens isolate H9_T2T chromosome 1, whole genome shotgun sequence	111335672	111336668	996	972	191	217	0.196502
negative_94	CM142247.1 Homo sapiens isolate H9_T2T chromosome 1, whole genome shotgun sequence	141723198	141724152	954	930	200	218	0.215054
negative_95	CM142247.1 Homo sapiens isolate H9_T2T chromosome 1, whole genome shotgun sequence	45837943	45838881	938	914	161	178	0.176149
negative_96	CM142247.1 Homo sapiens isolate H9_T2T chromosome 1, whole genome shotgun sequence	151299688	151300547	859	835	133	148	0.159281
negative_97	CM142247.1 Homo sapiens isolate H9_T2T chromosome 1, whole genome shotgun sequence	117235376	117236294	918	894	159	179	0.177852
negative_98	CM142247.1 Homo sapiens isolate H9_T2T chromosome 1, whole genome shotgun sequence	144219053	144219926	873	849	137	153	0.161366
negative_99	CM142247.1 Homo sapiens isolate H9_T2T chromosome 1, whole genome shotgun sequence	24751942	24752887	945	921	152	165	0.165038
negative_100	CM142247.1 Homo sapiens isolate H9_T2T chromosome 1, whole genome shotgun sequence	110323306	110324239	933	909	189	201	0.207921
negative_101	CM142247.1 Homo sapiens isolate H9_T2T chromosome 1, whole genome shotgun sequence	212981945	212982835	890	866	174	196	0.200924
negative_102	CM142247.1 Homo sapiens isolate H9_T2T chromosome 1, whole genome shotgun sequence	202430547	202431526	979	955	182	201	0.190576
negative_103	CM142247.1 Homo sapiens isolate H9_T2T chromosome 1, whole genome shotgun sequence	29062618	29063554	936	912	164	184	0.179825
negative_104	CM142247.1 Homo sapiens isolate H9_T2T chromosome 1, whole genome shotgun sequence	144582488	144583400	912	888	152	170	0.171171
negative_105	CM142247.1 Homo sapiens isolate H9_T2T chromosome 1, whole genome shotgun sequence	202998944	202999936	992	968	182	206	0.188017
negative_106	CM142247.1 Homo sapiens isolate H9_T2T chromosome 1, whole genome shotgun sequence	223804814	223805767	953	929	167	189	0.179763
negative_107	CM142247.1 Homo sapiens isolate H9_T2T chromosome 1, whole genome shotgun sequence	11755677	11756547	870	846	157	182	0.185579
negative_108	CM142247.1 Homo sapiens isolate H9_T2T chromosome 1, whole genome shotgun sequence	62404328	62405317	989	965	178	200	0.184456
negative_109	CM142247.1 Homo sapiens isolate H9_T2T chromosome 1, whole genome shotgun sequence	63737204	63738064	860	836	135	157	0.161483
negative_110	CM142247.1 Homo sapiens isolate H9_T2T chromosome 1, whole genome shotgun sequence	53060269	53061181	912	888	179	191	0.201577
negative_111	CM142247.1 Homo sapiens isolate H9_T2T chromosome 1, whole genome shotgun sequence	228051960	228052917	957	933	178	200	0.190782
negative_112	CM142247.1 Homo sapiens isolate H9_T2T chromosome 1, whole genome shotgun sequence	97063108	97063995	887	863	195	213	0.225956
negative_113	CM142247.1 Homo sapiens isolate H9_T2T chromosome 1, whole genome shotgun sequence	5808919	5809898	979	955	177	207	0.185340
negative_114	CM142247.1 Homo sapiens isolate H9_T2T chromosome 1, whole genome shotgun sequence	227131228	227132094	866	842	163	184	0.193587
negative_115	CM142247.1 Homo sapiens isolate H9_T2T chromosome 1, whole genome shotgun sequence	152722152	152723104	952	928	173	195	0.186422
negative_116	CM142247.1 Homo sapiens isolate H9_T2T chromosome 1, whole genome shotgun sequence	26664826	26665725	899	875	180	201	0.205714
negative_117	CM142247.1 Homo sapiens isolate H9_T2T chromosome 1, whole genome shotgun sequence	234853620	234854519	899	875	187	215	0.213714
negative_118	CM142247.1 Homo sapiens isolate H9_T2T chromosome 1, whole genome shotgun sequence	56496539	56497508	969	945	159	181	0.168254
negative_119	CM142247.1 Homo sapiens isolate H9_T2T chromosome 1, whole genome shotgun sequence	154550735	154551607	872	848	149	168	0.175708
negative_120	CM142247.1 Homo sapiens isolate H9_T2T chromosome 1, whole genome shotgun sequence	222141195	222142079	884	860	156	170	0.181395
negative_121	CM142247.1 Homo sapiens isolate H9_T2T chromosome 1, whole genome shotgun sequence	226746105	226747006	901	877	157	169	0.179019
negative_122	CM142247.1 Homo sapiens isolate H9_T2T chromosome 1, whole genome shotgun sequence	233205443	233206392	949	925	171	186	0.184865
negative_123	CM142247.1 Homo sapiens isolate H9_T2T chromosome 1, whole genome shotgun sequence	163538901	163539882	981	957	159	175	0.166144
negative_124	CM142247.1 Homo sapiens isolate H9_T2T chromosome 1, whole genome shotgun sequence	43615914	43616797	883	859	130	148	0.151339
negative_125	CM142247.1 Homo sapiens isolate H9_T2T chromosome 1, whole genome shotgun sequence	94588951	94589837	886	862	165	184	0.191415
negative_126	CM142247.1 Homo sapiens isolate H9_T2T chromosome 1, whole genome shotgun sequence	68388249	68389203	954	930	183	207	0.196774
negative_127	CM142247.1 Homo sapiens isolate H9_T2T chromosome 1, whole genome shotgun sequence	164975326	164976239	913	889	161	184	0.181102
negative_128	CM142247.1 Homo sapiens isolate H9_T2T chromosome 1, whole genome shotgun sequence	245182551	245183436	885	861	146	158	0.169570
negative_129	CM142247.1 Homo sapiens isolate H9_T2T chromosome 1, whole genome shotgun sequence	177501941	177502906	965	941	166	183	0.176408
negative_130	CM142247.1 Homo sapiens isolate H9_T2T chromosome 1, whole genome shotgun sequence	171459823	171460722	899	875	163	178	0.186286
negative_131	CM142247.1 Homo sapiens isolate H9_T2T chromosome 1, whole genome shotgun sequence	38359268	38360136	868	844	162	171	0.191943
negative_132	CM142247.1 Homo sapiens isolate H9_T2T chromosome 1, whole genome shotgun sequence	49653910	49654859	949	925	159	175	0.171892
negative_133	CM142247.1 Homo sapiens isolate H9_T2T chromosome 1, whole genome shotgun sequence	76657570	76658515	945	921	172	193	0.186754
negative_134	CM142247.1 Homo sapiens isolate H9_T2T chromosome 1, whole genome shotgun sequence	135353306	135354275	969	945	173	193	0.183069
negative_135	CM142247.1 Homo sapiens isolate H9_T2T chromosome 1, whole genome shotgun sequence	14530632	14531549	917	893	178	202	0.199328
negative_136	CM142247.1 Homo sapiens isolate H9_T2T chromosome 1, whole genome shotgun sequence	177765916	177766782	866	842	163	184	0.193587
negative_137	CM142247.1 Homo sapiens isolate H9_T2T chromosome 1, whole genome shotgun sequence	153320887	153321807	920	896	164	181	0.183036
negative_138	CM142247.1 Homo sapiens isolate H9_T2T chromosome 1, whole genome shotgun sequence	31349052	31349987	935	911	169	196	0.185510
negative_139	CM142247.1 Homo sapiens isolate H9_T2T chromosome 1, whole genome shotgun sequence	52192046	52193040	994	970	186	224	0.191753
negative_140	CM142247.1 Homo sapiens isolate H9_T2T chromosome 1, whole genome shotgun sequence	173155585	173156545	960	936	184	206	0.196581
negative_141	CM142247.1 Homo sapiens isolate H9_T2T chromosome 1, whole genome shotgun sequence	148380780	148381760	980	956	185	199	0.193515
negative_142	CM142247.1 Homo sapiens isolate H9_T2T chromosome 1, whole genome shotgun sequence	163115038	163115967	929	905	167	178	0.184530
negative_143	CM142247.1 Homo sapiens isolate H9_T2T chromosome 1, whole genome shotgun sequence	92809147	92810041	894	870	154	173	0.177011
negative_144	CM142247.1 Homo sapiens isolate H9_T2T chromosome 1, whole genome shotgun sequence	154572669	154573601	932	908	160	173	0.176211
negative_145	CM142247.1 Homo sapiens isolate H9_T2T chromosome 1, whole genome shotgun sequence	123926658	123927556	898	874	154	171	0.176201
negative_146	CM142247.1 Homo sapiens isolate H9_T2T chromosome 1, whole genome shotgun sequence	106515665	106516561	896	872	161	181	0.184633
negative_147	CM142247.1 Homo sapiens isolate H9_T2T chromosome 1, whole genome shotgun sequence	183459635	183460496	861	837	143	160	0.170848
negative_148	CM142247.1 Homo sapiens isolate H9_T2T chromosome 1, whole genome shotgun sequence	87623287	87624140	853	829	156	166	0.188179
negative_149	CM142247.1 Homo sapiens isolate H9_T2T chromosome 1, whole genome shotgun sequence	88411321	88412247	926	902	146	170	0.161863
negative_150	CM142247.1 Homo sapiens isolate H9_T2T chromosome 1, whole genome shotgun sequence	14274759	14275612	853	829	155	172	0.186972
negative_151	CM142247.1 Homo sapiens isolate H9_T2T chromosome 1, whole genome shotgun sequence	174288867	174289842	975	951	166	186	0.174553
negative_152	CM142247.1 Homo sapiens isolate H9_T2T chromosome 1, whole genome shotgun sequence	207845497	207846482	985	961	175	194	0.182102
negative_153	CM142247.1 Homo sapiens isolate H9_T2T chromosome 1, whole genome shotgun sequence	10248615	10249471	856	832	162	184	0.194712
negative_154	CM142247.1 Homo sapiens isolate H9_T2T chromosome 1, whole genome shotgun sequence	1003831	1004820	989	965	179	203	0.185492
negative_155	CM142247.1 Homo sapiens isolate H9_T2T chromosome 1, whole genome shotgun sequence	74722616	74723510	894	870	173	194	0.198851
negative_156	CM142247.1 Homo sapiens isolate H9_T2T chromosome 1, whole genome shotgun sequence	130471160	130472146	986	962	168	189	0.174636
negative_157	CM142247.1 Homo sapiens isolate H9_T2T chromosome 1, whole genome shotgun sequence	234027754	234028619	865	841	153	174	0.181926
negative_158	CM142247.1 Homo sapiens isolate H9_T2T chromosome 1, whole genome shotgun sequence	66260537	66261387	850	826	139	148	0.168281
negative_159	CM142247.1 Homo sapiens isolate H9_T2T chromosome 1, whole genome shotgun sequence	100233782	100234650	868	844	148	169	0.175355
negative_160	CM142247.1 Homo sapiens isolate H9_T2T chromosome 1, whole genome shotgun sequence	109517591	109518573	982	958	169	201	0.176409
negative_161	CM142247.1 Homo sapiens isolate H9_T2T chromosome 1, whole genome shotgun sequence	156904186	156905176	990	966	173	199	0.179089
negative_162	CM142247.1 Homo sapiens isolate H9_T2T chromosome 1, whole genome shotgun sequence	202379635	202380514	879	855	171	199	0.200000
negative_163	CM142247.1 Homo sapiens isolate H9_T2T chromosome 1, whole genome shotgun sequence	6963470	6964433	963	939	169	186	0.179979
negative_164	CM142247.1 Homo sapiens isolate H9_T2T chromosome 1, whole genome shotgun sequence	51494827	51495786	959	935	192	206	0.205348
negative_165	CM142247.1 Homo sapiens isolate H9_T2T chromosome 1, whole genome shotgun sequence	92698820	92699810	990	966	174	196	0.180124
negative_166	CM142247.1 Homo sapiens isolate H9_T2T chromosome 1, whole genome shotgun sequence	159703498	159704426	928	904	161	179	0.178097
negative_167	CM142247.1 Homo sapiens isolate H9_T2T chromosome 1, whole genome shotgun sequence	16899940	16900867	927	903	166	179	0.183832
negative_168	CM142247.1 Homo sapiens isolate H9_T2T chromosome 1, whole genome shotgun sequence	44279384	44280369	985	961	165	185	0.171696
negative_169	CM142247.1 Homo sapiens isolate H9_T2T chromosome 1, whole genome shotgun sequence	151777647	151778554	907	883	163	183	0.184598
negative_170	CM142247.1 Homo sapiens isolate H9_T2T chromosome 1, whole genome shotgun sequence	167459158	167460138	980	956	173	199	0.180962
negative_171	CM142247.1 Homo sapiens isolate H9_T2T chromosome 1, whole genome shotgun sequence	247947675	247948572	897	873	157	169	0.179840
negative_172	CM142247.1 Homo sapiens isolate H9_T2T chromosome 1, whole genome shotgun sequence	173242603	173243548	945	921	189	214	0.205212
negative_173	CM142247.1 Homo sapiens isolate H9_T2T chromosome 1, whole genome shotgun sequence	146112439	146113385	946	922	170	195	0.184382
negative_174	CM142247.1 Homo sapiens isolate H9_T2T chromosome 1, whole genome shotgun sequence	202114567	202115450	883	859	182	210	0.211874
negative_175	CM142247.1 Homo sapiens isolate H9_T2T chromosome 1, whole genome shotgun sequence	123306161	123307028	867	843	152	172	0.180308
negative_176	CM142247.1 Homo sapiens isolate H9_T2T chromosome 1, whole genome shotgun sequence	177224640	177225549	909	885	152	173	0.171751
negative_177	CM142247.1 Homo sapiens isolate H9_T2T chromosome 1, whole genome shotgun sequence	83146553	83147440	887	863	151	177	0.174971
negative_178	CM142247.1 Homo sapiens isolate H9_T2T chromosome 1, whole genome shotgun sequence	138620661	138621655	994	970	180	202	0.185567
negative_179	CM142247.1 Homo sapiens isolate H9_T2T chromosome 1, whole genome shotgun sequence	157816283	157817215	932	908	181	204	0.199339
negative_180	CM142247.1 Homo sapiens isolate H9_T2T chromosome 1, whole genome shotgun sequence	37243874	37244775	901	877	176	205	0.200684
negative_181	CM142247.1 Homo sapiens isolate H9_T2T chromosome 1, whole genome shotgun sequence	243293009	243293902	893	869	145	167	0.166858
negative_182	CM142247.1 Homo sapiens isolate H9_T2T chromosome 1, whole genome shotgun sequence	181428725	181429673	948	924	160	177	0.173160
negative_183	CM142247.1 Homo sapiens isolate H9_T2T chromosome 1, whole genome shotgun sequence	177020646	177021531	885	861	173	200	0.200929
negative_184	CM142247.1 Homo sapiens isolate H9_T2T chromosome 1, whole genome shotgun sequence	7699707	7700632	925	901	159	180	0.176471
negative_185	CM142247.1 Homo sapiens isolate H9_T2T chromosome 1, whole genome shotgun sequence	217862126	217863062	936	912	174	204	0.190789
negative_186	CM142247.1 Homo sapiens isolate H9_T2T chromosome 1, whole genome shotgun sequence	13793998	13794918	920	896	172	196	0.191964
negative_187	CM142247.1 Homo sapiens isolate H9_T2T chromosome 1, whole genome shotgun sequence	19338016	19338971	955	931	175	196	0.187970
negative_188	CM142247.1 Homo sapiens isolate H9_T2T chromosome 1, whole genome shotgun sequence	142779057	142780041	984	960	182	205	0.189583
negative_189	CM142247.1 Homo sapiens isolate H9_T2T chromosome 1, whole genome shotgun sequence	175792395	175793280	885	861	166	184	0.192799
negative_190	CM142247.1 Homo sapiens isolate H9_T2T chromosome 1, whole genome shotgun sequence	124252789	124253653	864	840	166	180	0.197619
negative_191	CM142247.1 Homo sapiens isolate H9_T2T chromosome 1, whole genome shotgun sequence	109501318	109502293	975	951	182	213	0.191377
negative_192	CM142247.1 Homo sapiens isolate H9_T2T chromosome 1, whole genome shotgun sequence	220730927	220731906	979	955	196	217	0.205236
negative_193	CM142247.1 Homo sapiens isolate H9_T2T chromosome 1, whole genome shotgun sequence	146257188	146258167	979	955	162	180	0.169634
negative_194	CM142247.1 Homo sapiens isolate H9_T2T chromosome 1, whole genome shotgun sequence	167298013	167298896	883	859	158	173	0.183935
negative_195	CM142247.1 Homo sapiens isolate H9_T2T chromosome 1, whole genome shotgun sequence	6057039	6057995	956	932	161	184	0.172747
negative_196	CM142247.1 Homo sapiens isolate H9_T2T chromosome 1, whole genome shotgun sequence	189266891	189267793	902	878	142	159	0.161731
negative_197	CM142247.1 Homo sapiens isolate H9_T2T chromosome 1, whole genome shotgun sequence	51595814	51596782	968	944	175	192	0.185381
negative_198	CM142247.1 Homo sapiens isolate H9_T2T chromosome 1, whole genome shotgun sequence	197118947	197119934	987	963	196	216	0.203531
negative_199	CM142247.1 Homo sapiens isolate H9_T2T chromosome 1, whole genome shotgun sequence	202358144	202359132	988	964	192	210	0.199170
negative_200	CM142247.1 Homo sapiens isolate H9_T2T chromosome 1, whole genome shotgun sequence	197977555	197978552	997	973	198	222	0.203494
negative_201	CM142247.1 Homo sapiens isolate H9_T2T chromosome 1, whole genome shotgun sequence	206225479	206226340	861	837	150	164	0.179211
negative_202	CM142247.1 Homo sapiens isolate H9_T2T chromosome 1, whole genome shotgun sequence	216672866	216673762	896	872	166	180	0.190367
negative_203	CM142247.1 Homo sapiens isolate H9_T2T chromosome 1, whole genome shotgun sequence	32854893	32855883	990	966	168	186	0.173913
negative_204	CM142247.1 Homo sapiens isolate H9_T2T chromosome 1, whole genome shotgun sequence	231342305	231343207	902	878	170	187	0.193622
negative_205	CM142247.1 Homo sapiens isolate H9_T2T chromosome 1, whole genome shotgun sequence	109186879	109187793	914	890	169	194	0.189888
negative_206	CM142247.1 Homo sapiens isolate H9_T2T chromosome 1, whole genome shotgun sequence	184648227	184649181	954	930	159	176	0.170968
negative_207	CM142247.1 Homo sapiens isolate H9_T2T chromosome 1, whole genome shotgun sequence	179535198	179536065	867	843	161	182	0.190985
negative_208	CM142247.1 Homo sapiens isolate H9_T2T chromosome 1, whole genome shotgun sequence	8531186	8532171	985	961	165	193	0.171696
negative_209	CM142247.1 Homo sapiens isolate H9_T2T chromosome 1, whole genome shotgun sequence	230121095	230122023	928	904	161	181	0.178097
negative_210	CM142247.1 Homo sapiens isolate H9_T2T chromosome 1, whole genome shotgun sequence	78818255	78819136	881	857	163	182	0.190198
negative_211	CM142247.1 Homo sapiens isolate H9_T2T chromosome 1, whole genome shotgun sequence	229609505	229610472	967	943	167	182	0.177094
negative_212	CM142247.1 Homo sapiens isolate H9_T2T chromosome 1, whole genome shotgun sequence	209255026	209255931	905	881	148	166	0.167991
negative_213	CM142247.1 Homo sapiens isolate H9_T2T chromosome 1, whole genome shotgun sequence	89295736	89296619	883	859	152	173	0.176950
negative_214	CM142247.1 Homo sapiens isolate H9_T2T chromosome 1, whole genome shotgun sequence	147111727	147112692	965	941	181	203	0.192349
negative_215	CM142247.1 Homo sapiens isolate H9_T2T chromosome 1, whole genome shotgun sequence	42729515	42730448	933	909	172	197	0.189219
negative_216	CM142247.1 Homo sapiens isolate H9_T2T chromosome 1, whole genome shotgun sequence	21692782	21693716	934	910	149	168	0.163736
negative_217	CM142247.1 Homo sapiens isolate H9_T2T chromosome 1, whole genome shotgun sequence	11222734	11223716	982	958	180	199	0.187891
negative_218	CM142247.1 Homo sapiens isolate H9_T2T chromosome 1, whole genome shotgun sequence	245408098	245409002	904	880	162	185	0.184091
negative_219	CM142247.1 Homo sapiens isolate H9_T2T chromosome 1, whole genome shotgun sequence	171146146	171147003	857	833	168	196	0.201681
negative_220	CM142247.1 Homo sapiens isolate H9_T2T chromosome 1, whole genome shotgun sequence	136533721	136534673	952	928	169	184	0.182112
negative_221	CM142247.1 Homo sapiens isolate H9_T2T chromosome 1, whole genome shotgun sequence	143271358	143272320	962	938	193	212	0.205757
negative_222	CM142247.1 Homo sapiens isolate H9_T2T chromosome 1, whole genome shotgun sequence	64928902	64929861	959	935	163	179	0.174332
negative_223	CM142247.1 Homo sapiens isolate H9_T2T chromosome 1, whole genome shotgun sequence	95401755	95402653	898	874	163	179	0.186499
negative_224	CM142247.1 Homo sapiens isolate H9_T2T chromosome 1, whole genome shotgun sequence	202897987	202898977	990	966	179	207	0.185300
negative_225	CM142247.1 Homo sapiens isolate H9_T2T chromosome 1, whole genome shotgun sequence	247983586	247984523	937	913	143	164	0.156627
negative_226	CM142247.1 Homo sapiens isolate H9_T2T chromosome 1, whole genome shotgun sequence	75824398	75825368	970	946	173	193	0.182875
negative_227	CM142247.1 Homo sapiens isolate H9_T2T chromosome 1, whole genome shotgun sequence	169040913	169041823	910	886	163	173	0.183973
negative_228	CM142247.1 Homo sapiens isolate H9_T2T chromosome 1, whole genome shotgun sequence	10822577	10823539	962	938	153	169	0.163113
negative_229	CM142247.1 Homo sapiens isolate H9_T2T chromosome 1, whole genome shotgun sequence	144988195	144989136	941	917	174	197	0.189749
negative_230	CM142247.1 Homo sapiens isolate H9_T2T chromosome 1, whole genome shotgun sequence	87359451	87360440	989	965	174	193	0.180311
negative_231	CM142247.1 Homo sapiens isolate H9_T2T chromosome 1, whole genome shotgun sequence	69242340	69243322	982	958	191	212	0.199374
negative_232	CM142247.1 Homo sapiens isolate H9_T2T chromosome 1, whole genome shotgun sequence	105708753	105709690	937	913	141	160	0.154436
negative_233	CM142247.1 Homo sapiens isolate H9_T2T chromosome 1, whole genome shotgun sequence	40546009	40546944	935	911	185	215	0.203074
negative_234	CM142247.1 Homo sapiens isolate H9_T2T chromosome 1, whole genome shotgun sequence	209689831	209690800	969	945	161	179	0.170370
negative_235	CM142247.1 Homo sapiens isolate H9_T2T chromosome 1, whole genome shotgun sequence	187890390	187891390	1000	976	203	231	0.207992
negative_236	CM142247.1 Homo sapiens isolate H9_T2T chromosome 1, whole genome shotgun sequence	59809891	59810741	850	826	147	171	0.177966
negative_237	CM142247.1 Homo sapiens isolate H9_T2T chromosome 1, whole genome shotgun sequence	137237459	137238324	865	841	165	188	0.196195
negative_238	CM142247.1 Homo sapiens isolate H9_T2T chromosome 1, whole genome shotgun sequence	120015277	120016141	864	840	162	176	0.192857
negative_239	CM142247.1 Homo sapiens isolate H9_T2T chromosome 1, whole genome shotgun sequence	161762875	161763728	853	829	151	167	0.182147
negative_240	CM142247.1 Homo sapiens isolate H9_T2T chromosome 1, whole genome shotgun sequence	39200959	39201898	939	915	168	199	0.183607
negative_241	CM142247.1 Homo sapiens isolate H9_T2T chromosome 1, whole genome shotgun sequence	183253703	183254660	957	933	179	204	0.191854
negative_242	CM142247.1 Homo sapiens isolate H9_T2T chromosome 1, whole genome shotgun sequence	136911523	136912490	967	943	165	179	0.174973
negative_243	CM142247.1 Homo sapiens isolate H9_T2T chromosome 1, whole genome shotgun sequence	85455323	85456318	995	971	196	232	0.201854
negative_244	CM142247.1 Homo sapiens isolate H9_T2T chromosome 1, whole genome shotgun sequence	68961141	68962093	952	928	186	205	0.200431
negative_245	CM142247.1 Homo sapiens isolate H9_T2T chromosome 1, whole genome shotgun sequence	95254613	95255568	955	931	155	179	0.166488
negative_246	CM142247.1 Homo sapiens isolate H9_T2T chromosome 1, whole genome shotgun sequence	188429528	188430471	943	919	174	190	0.189336
negative_247	CM142247.1 Homo sapiens isolate H9_T2T chromosome 1, whole genome shotgun sequence	50126673	50127625	952	928	179	204	0.192888
negative_248	CM142247.1 Homo sapiens isolate H9_T2T chromosome 1, whole genome shotgun sequence	150617374	150618233	859	835	151	168	0.180838
negative_249	CM142247.1 Homo sapiens isolate H9_T2T chromosome 1, whole genome shotgun sequence	103477647	103478601	954	930	165	178	0.177419
negative_250	CM142247.1 Homo sapiens isolate H9_T2T chromosome 1, whole genome shotgun sequence	176664151	176665064	913	889	167	184	0.187852
negative_251	CM142247.1 Homo sapiens isolate H9_T2T chromosome 1, whole genome shotgun sequence	62816490	62817376	886	862	178	196	0.206497
negative_252	CM142247.1 Homo sapiens isolate H9_T2T chromosome 1, whole genome shotgun sequence	130652908	130653858	950	926	182	198	0.196544
negative_253	CM142247.1 Homo sapiens isolate H9_T2T chromosome 1, whole genome shotgun sequence	188531521	188532503	982	958	183	201	0.191023
negative_254	CM142247.1 Homo sapiens isolate H9_T2T chromosome 1, whole genome shotgun sequence	164043053	164043930	877	853	139	150	0.162954
negative_255	CM142247.1 Homo sapiens isolate H9_T2T chromosome 1, whole genome shotgun sequence	20946306	20947240	934	910	170	190	0.186813
negative_256	CM142247.1 Homo sapiens isolate H9_T2T chromosome 1, whole genome shotgun sequence	158729425	158730374	949	925	168	189	0.181622
negative_257	CM142247.1 Homo sapiens isolate H9_T2T chromosome 1, whole genome shotgun sequence	129624818	129625677	859	835	159	169	0.190419
negative_258	CM142247.1 Homo sapiens isolate H9_T2T chromosome 1, whole genome shotgun sequence	118454944	118455816	872	848	158	180	0.186321
negative_259	CM142247.1 Homo sapiens isolate H9_T2T chromosome 1, whole genome shotgun sequence	101865682	101866676	994	970	180	201	0.185567
negative_260	CM142247.1 Homo sapiens isolate H9_T2T chromosome 1, whole genome shotgun sequence	105585376	105586269	893	869	153	170	0.176064
negative_261	CM142247.1 Homo sapiens isolate H9_T2T chromosome 1, whole genome shotgun sequence	67219526	67220464	938	914	160	175	0.175055
negative_262	CM142247.1 Homo sapiens isolate H9_T2T chromosome 1, whole genome shotgun sequence	38850545	38851510	965	941	156	174	0.165781
negative_263	CM142247.1 Homo sapiens isolate H9_T2T chromosome 1, whole genome shotgun sequence	127501198	127502087	889	865	176	198	0.203468
negative_264	CM142247.1 Homo sapiens isolate H9_T2T chromosome 1, whole genome shotgun sequence	72253757	72254621	864	840	170	194	0.202381
negative_265	CM142247.1 Homo sapiens isolate H9_T2T chromosome 1, whole genome shotgun sequence	101917092	101918016	924	900	163	180	0.181111
negative_266	CM142247.1 Homo sapiens isolate H9_T2T chromosome 1, whole genome shotgun sequence	184705729	184706714	985	961	157	172	0.163371
negative_267	CM142247.1 Homo sapiens isolate H9_T2T chromosome 1, whole genome shotgun sequence	15876027	15876938	911	887	164	184	0.184893
negative_268	CM142247.1 Homo sapiens isolate H9_T2T chromosome 1, whole genome shotgun sequence	15124886	15125840	954	930	170	189	0.182796
negative_269	CM142247.1 Homo sapiens isolate H9_T2T chromosome 1, whole genome shotgun sequence	211082183	211083085	902	878	143	158	0.162870
negative_270	CM142247.1 Homo sapiens isolate H9_T2T chromosome 1, whole genome shotgun sequence	102564298	102565216	918	894	176	198	0.196868
negative_271	CM142247.1 Homo sapiens isolate H9_T2T chromosome 1, whole genome shotgun sequence	183138137	183139106	969	945	190	216	0.201058
negative_272	CM142247.1 Homo sapiens isolate H9_T2T chromosome 1, whole genome shotgun sequence	207099708	207100669	961	937	177	201	0.188901
negative_273	CM142247.1 Homo sapiens isolate H9_T2T chromosome 1, whole genome shotgun sequence	85990380	85991324	944	920	166	194	0.180435
negative_274	CM142247.1 Homo sapiens isolate H9_T2T chromosome 1, whole genome shotgun sequence	55006773	55007760	987	963	179	194	0.185877
negative_275	CM142247.1 Homo sapiens isolate H9_T2T chromosome 1, whole genome shotgun sequence	20337588	20338468	880	856	152	159	0.177570
negative_276	CM142247.1 Homo sapiens isolate H9_T2T chromosome 1, whole genome shotgun sequence	175291676	175292630	954	930	169	195	0.181720
negative_277	CM142247.1 Homo sapiens isolate H9_T2T chromosome 1, whole genome shotgun sequence	245402802	245403669	867	843	140	154	0.166074
negative_278	CM142247.1 Homo sapiens isolate H9_T2T chromosome 1, whole genome shotgun sequence	238535995	238536962	967	943	165	197	0.174973
negative_279	CM142247.1 Homo sapiens isolate H9_T2T chromosome 1, whole genome shotgun sequence	66801696	66802649	953	929	198	222	0.213132
negative_280	CM142247.1 Homo sapiens isolate H9_T2T chromosome 1, whole genome shotgun sequence	28751776	28752701	925	901	166	188	0.184240
negative_281	CM142247.1 Homo sapiens isolate H9_T2T chromosome 1, whole genome shotgun sequence	231444399	231445295	896	872	155	179	0.177752
negative_282	CM142247.1 Homo sapiens isolate H9_T2T chromosome 1, whole genome shotgun sequence	215234299	215235232	933	909	170	185	0.187019
negative_283	CM142247.1 Homo sapiens isolate H9_T2T chromosome 1, whole genome shotgun sequence	172865442	172866326	884	860	165	176	0.191860
negative_284	CM142247.1 Homo sapiens isolate H9_T2T chromosome 1, whole genome shotgun sequence	163281709	163282640	931	907	159	171	0.175303
negative_285	CM142247.1 Homo sapiens isolate H9_T2T chromosome 1, whole genome shotgun sequence	135532939	135533923	984	960	184	210	0.191667
negative_286	CM142247.1 Homo sapiens isolate H9_T2T chromosome 1, whole genome shotgun sequence	133470317	133471292	975	951	184	204	0.193481
negative_287	CM142247.1 Homo sapiens isolate H9_T2T chromosome 1, whole genome shotgun sequence	25820020	25820958	938	914	143	161	0.156455
negative_288	CM142247.1 Homo sapiens isolate H9_T2T chromosome 1, whole genome shotgun sequence	114666877	114667863	986	962	182	211	0.189189
negative_289	CM142247.1 Homo sapiens isolate H9_T2T chromosome 1, whole genome shotgun sequence	32212567	32213446	879	855	177	199	0.207018
negative_290	CM142247.1 Homo sapiens isolate H9_T2T chromosome 1, whole genome shotgun sequence	103340031	103340926	895	871	174	195	0.199770
negative_291	CM142247.1 Homo sapiens isolate H9_T2T chromosome 1, whole genome shotgun sequence	116160131	116161109	978	954	173	189	0.181342
negative_292	CM142247.1 Homo sapiens isolate H9_T2T chromosome 1, whole genome shotgun sequence	209115165	209116063	898	874	168	193	0.192220
negative_293	CM142247.1 Homo sapiens isolate H9_T2T chromosome 1, whole genome shotgun sequence	27400266	27401135	869	845	167	184	0.197633
negative_294	CM142247.1 Homo sapiens isolate H9_T2T chromosome 1, whole genome shotgun sequence	227141988	227142927	939	915	183	206	0.200000
negative_295	CM142247.1 Homo sapiens isolate H9_T2T chromosome 1, whole genome shotgun sequence	20884399	20885366	967	943	180	206	0.190880
negative_296	CM142247.1 Homo sapiens isolate H9_T2T chromosome 1, whole genome shotgun sequence	121437950	121438944	994	970	180	212	0.185567
negative_297	CM142247.1 Homo sapiens isolate H9_T2T chromosome 1, whole genome shotgun sequence	247855998	247856905	907	883	140	155	0.158550
negative_298	CM142247.1 Homo sapiens isolate H9_T2T chromosome 1, whole genome shotgun sequence	51859264	51860135	871	847	168	188	0.198347
negative_299	CM142247.1 Homo sapiens isolate H9_T2T chromosome 1, whole genome shotgun sequence	155313488	155314369	881	857	164	195	0.191365
negative_300	CM142247.1 Homo sapiens isolate H9_T2T chromosome 1, whole genome shotgun sequence	132836001	132836913	912	888	158	185	0.177928
negative_301	CM142247.1 Homo sapiens isolate H9_T2T chromosome 1, whole genome shotgun sequence	172486068	172487008	940	916	179	205	0.195415
negative_302	CM142247.1 Homo sapiens isolate H9_T2T chromosome 1, whole genome shotgun sequence	2009120	2010003	883	859	158	183	0.183935
negative_303	CM142247.1 Homo sapiens isolate H9_T2T chromosome 1, whole genome shotgun sequence	225586182	225587071	889	865	154	175	0.178035
negative_304	CM142247.1 Homo sapiens isolate H9_T2T chromosome 1, whole genome shotgun sequence	1558216	1559185	969	945	196	227	0.207407
negative_305	CM142247.1 Homo sapiens isolate H9_T2T chromosome 1, whole genome shotgun sequence	48702511	48703372	861	837	145	165	0.173238
negative_306	CM142247.1 Homo sapiens isolate H9_T2T chromosome 1, whole genome shotgun sequence	114038481	114039414	933	909	156	174	0.171617
negative_307	CM142247.1 Homo sapiens isolate H9_T2T chromosome 1, whole genome shotgun sequence	128759393	128760328	935	911	164	186	0.180022
negative_308	CM142247.1 Homo sapiens isolate H9_T2T chromosome 1, whole genome shotgun sequence	242469410	242470328	918	894	175	200	0.195749
negative_309	CM142247.1 Homo sapiens isolate H9_T2T chromosome 1, whole genome shotgun sequence	13498758	13499647	889	865	159	178	0.183815
negative_310	CM142247.1 Homo sapiens isolate H9_T2T chromosome 1, whole genome shotgun sequence	43550444	43551352	908	884	159	173	0.179864
negative_311	CM142247.1 Homo sapiens isolate H9_T2T chromosome 1, whole genome shotgun sequence	78938428	78939395	967	943	185	207	0.196182
negative_312	CM142247.1 Homo sapiens isolate H9_T2T chromosome 1, whole genome shotgun sequence	75252634	75253514	880	856	168	190	0.196262
negative_313	CM142247.1 Homo sapiens isolate H9_T2T chromosome 1, whole genome shotgun sequence	239834011	239834878	867	843	140	152	0.166074
negative_314	CM142247.1 Homo sapiens isolate H9_T2T chromosome 1, whole genome shotgun sequence	79756358	79757303	945	921	183	210	0.198697
negative_315	CM142247.1 Homo sapiens isolate H9_T2T chromosome 1, whole genome shotgun sequence	143993750	143994747	997	973	194	216	0.199383
negative_316	CM142247.1 Homo sapiens isolate H9_T2T chromosome 1, whole genome shotgun sequence	195910123	195911060	937	913	171	188	0.187295
negative_317	CM142247.1 Homo sapiens isolate H9_T2T chromosome 1, whole genome shotgun sequence	27770195	27771191	996	972	177	197	0.182099
negative_318	CM142247.1 Homo sapiens isolate H9_T2T chromosome 1, whole genome shotgun sequence	239281392	239282367	975	951	148	174	0.155626
negative_319	CM142247.1 Homo sapiens isolate H9_T2T chromosome 1, whole genome shotgun sequence	96575264	96576127	863	839	158	181	0.188319
negative_320	CM142247.1 Homo sapiens isolate H9_T2T chromosome 1, whole genome shotgun sequence	122794411	122795351	940	916	161	178	0.175764
negative_321	CM142247.1 Homo sapiens isolate H9_T2T chromosome 1, whole genome shotgun sequence	149193492	149194342	850	826	136	154	0.164649
negative_322	CM142247.1 Homo sapiens isolate H9_T2T chromosome 1, whole genome shotgun sequence	211423699	211424583	884	860	148	165	0.172093
negative_323	CM142247.1 Homo sapiens isolate H9_T2T chromosome 1, whole genome shotgun sequence	143277647	143278640	993	969	170	189	0.175439
negative_324	CM142247.1 Homo sapiens isolate H9_T2T chromosome 1, whole genome shotgun sequence	57770479	57771384	905	881	162	184	0.183882
negative_325	CM142247.1 Homo sapiens isolate H9_T2T chromosome 1, whole genome shotgun sequence	50194156	50195118	962	938	173	200	0.184435
negative_326	CM142247.1 Homo sapiens isolate H9_T2T chromosome 1, whole genome shotgun sequence	102067641	102068599	958	934	195	214	0.208779
negative_327	CM142247.1 Homo sapiens isolate H9_T2T chromosome 1, whole genome shotgun sequence	199647014	199648013	999	975	191	214	0.195897
negative_328	CM142247.1 Homo sapiens isolate H9_T2T chromosome 1, whole genome shotgun sequence	246768910	246769868	958	934	154	178	0.164882
negative_329	CM142247.1 Homo sapiens isolate H9_T2T chromosome 1, whole genome shotgun sequence	180850866	180851767	901	877	170	188	0.193843
negative_330	CM142247.1 Homo sapiens isolate H9_T2T chromosome 1, whole genome shotgun sequence	63250595	63251561	966	942	180	203	0.191083
negative_331	CM142247.1 Homo sapiens isolate H9_T2T chromosome 1, whole genome shotgun sequence	246797656	246798632	976	952	170	200	0.178571
negative_332	CM142247.1 Homo sapiens isolate H9_T2T chromosome 1, whole genome shotgun sequence	186146821	186147764	943	919	161	182	0.175190
negative_333	CM142247.1 Homo sapiens isolate H9_T2T chromosome 1, whole genome shotgun sequence	11420652	11421617	965	941	190	207	0.201913
negative_334	CM142247.1 Homo sapiens isolate H9_T2T chromosome 1, whole genome shotgun sequence	154274240	154275103	863	839	162	179	0.193087
negative_335	CM142247.1 Homo sapiens isolate H9_T2T chromosome 1, whole genome shotgun sequence	210329148	210330070	922	898	165	191	0.183742
negative_336	CM142247.1 Homo sapiens isolate H9_T2T chromosome 1, whole genome shotgun sequence	114253341	114254294	953	929	161	178	0.173305
negative_337	CM142247.1 Homo sapiens isolate H9_T2T chromosome 1, whole genome shotgun sequence	118871363	118872248	885	861	153	159	0.177700
negative_338	CM142247.1 Homo sapiens isolate H9_T2T chromosome 1, whole genome shotgun sequence	219715423	219716339	916	892	157	172	0.176009
negative_339	CM142247.1 Homo sapiens isolate H9_T2T chromosome 1, whole genome shotgun sequence	3841569	3842477	908	884	168	182	0.190045
negative_340	CM142247.1 Homo sapiens isolate H9_T2T chromosome 1, whole genome shotgun sequence	95316053	95317009	956	932	168	189	0.180258
negative_341	CM142247.1 Homo sapiens isolate H9_T2T chromosome 1, whole genome shotgun sequence	158714042	158714936	894	870	169	181	0.194253
negative_342	CM142247.1 Homo sapiens isolate H9_T2T chromosome 1, whole genome shotgun sequence	173757788	173758703	915	891	164	186	0.184063
negative_343	CM142247.1 Homo sapiens isolate H9_T2T chromosome 1, whole genome shotgun sequence	89871707	89872691	984	960	169	188	0.176042
negative_344	CM142247.1 Homo sapiens isolate H9_T2T chromosome 1, whole genome shotgun sequence	178070419	178071385	966	942	175	200	0.185775
negative_345	CM142247.1 Homo sapiens isolate H9_T2T chromosome 1, whole genome shotgun sequence	213007739	213008590	851	827	126	143	0.152358
negative_346	CM142247.1 Homo sapiens isolate H9_T2T chromosome 1, whole genome shotgun sequence	187859971	187860832	861	837	141	162	0.168459
negative_347	CM142247.1 Homo sapiens isolate H9_T2T chromosome 1, whole genome shotgun sequence	44768506	44769479	973	949	175	193	0.184405
negative_348	CM142247.1 Homo sapiens isolate H9_T2T chromosome 1, whole genome shotgun sequence	124690675	124691555	880	856	147	167	0.171729
negative_349	CM142247.1 Homo sapiens isolate H9_T2T chromosome 1, whole genome shotgun sequence	177889823	177890787	964	940	163	183	0.173404
negative_350	CM142247.1 Homo sapiens isolate H9_T2T chromosome 1, whole genome shotgun sequence	178941392	178942310	918	894	170	184	0.190157
negative_351	CM142247.1 Homo sapiens isolate H9_T2T chromosome 1, whole genome shotgun sequence	46953559	46954439	880	856	161	186	0.188084
negative_352	CM142247.1 Homo sapiens isolate H9_T2T chromosome 1, whole genome shotgun sequence	167708640	167709620	980	956	186	204	0.194561
negative_353	CM142247.1 Homo sapiens isolate H9_T2T chromosome 1, whole genome shotgun sequence	136077329	136078191	862	838	137	156	0.163484
negative_354	CM142247.1 Homo sapiens isolate H9_T2T chromosome 1, whole genome shotgun sequence	52203387	52204245	858	834	166	197	0.199041
negative_355	CM142247.1 Homo sapiens isolate H9_T2T chromosome 1, whole genome shotgun sequence	248927512	248928425	913	889	163	181	0.183352
negative_356	CM142247.1 Homo sapiens isolate H9_T2T chromosome 1, whole genome shotgun sequence	25642509	25643460	951	927	163	183	0.175836
negative_357	CM142247.1 Homo sapiens isolate H9_T2T chromosome 1, whole genome shotgun sequence	194208250	194209113	863	839	149	162	0.177592
negative_358	CM142247.1 Homo sapiens isolate H9_T2T chromosome 1, whole genome shotgun sequence	36347572	36348476	904	880	172	202	0.195455
negative_359	CM142247.1 Homo sapiens isolate H9_T2T chromosome 1, whole genome shotgun sequence	191941478	191942470	992	968	171	195	0.176653
negative_360	CM142247.1 Homo sapiens isolate H9_T2T chromosome 1, whole genome shotgun sequence	202015170	202016154	984	960	172	191	0.179167
negative_361	CM142247.1 Homo sapiens isolate H9_T2T chromosome 1, whole genome shotgun sequence	90062875	90063864	989	965	195	219	0.202073
negative_362	CM142247.1 Homo sapiens isolate H9_T2T chromosome 1, whole genome shotgun sequence	166597744	166598603	859	835	146	171	0.174850
negative_363	CM142247.1 Homo sapiens isolate H9_T2T chromosome 1, whole genome shotgun sequence	80586832	80587687	855	831	160	178	0.192539
negative_364	CM142247.1 Homo sapiens isolate H9_T2T chromosome 1, whole genome shotgun sequence	222285019	222285995	976	952	184	204	0.193277
negative_365	CM142247.1 Homo sapiens isolate H9_T2T chromosome 1, whole genome shotgun sequence	123525015	123525896	881	857	149	167	0.173862
negative_366	CM142247.1 Homo sapiens isolate H9_T2T chromosome 1, whole genome shotgun sequence	174981834	174982795	961	937	170	192	0.181430
negative_367	CM142247.1 Homo sapiens isolate H9_T2T chromosome 1, whole genome shotgun sequence	221173428	221174375	947	923	167	188	0.180932
negative_368	CM142247.1 Homo sapiens isolate H9_T2T chromosome 1, whole genome shotgun sequence	234670536	234671387	851	827	138	161	0.166868
negative_369	CM142247.1 Homo sapiens isolate H9_T2T chromosome 1, whole genome shotgun sequence	200381447	200382344	897	873	169	189	0.193585
negative_370	CM142247.1 Homo sapiens isolate H9_T2T chromosome 1, whole genome shotgun sequence	17405842	17406831	989	965	178	197	0.184456
negative_371	CM142247.1 Homo sapiens isolate H9_T2T chromosome 1, whole genome shotgun sequence	115228662	115229524	862	838	163	184	0.194511
negative_372	CM142247.1 Homo sapiens isolate H9_T2T chromosome 1, whole genome shotgun sequence	230509871	230510740	869	845	134	150	0.158580
negative_373	CM142247.1 Homo sapiens isolate H9_T2T chromosome 1, whole genome shotgun sequence	140796026	140796988	962	938	185	211	0.197228
negative_374	CM142247.1 Homo sapiens isolate H9_T2T chromosome 1, whole genome shotgun sequence	155894509	155895396	887	863	139	156	0.161066
negative_375	CM142247.1 Homo sapiens isolate H9_T2T chromosome 1, whole genome shotgun sequence	33231173	33232152	979	955	192	218	0.201047
negative_376	CM142247.1 Homo sapiens isolate H9_T2T chromosome 1, whole genome shotgun sequence	24722507	24723475	968	944	164	192	0.173729
negative_377	CM142247.1 Homo sapiens isolate H9_T2T chromosome 1, whole genome shotgun sequence	29671196	29672150	954	930	170	187	0.182796
negative_378	CM142247.1 Homo sapiens isolate H9_T2T chromosome 1, whole genome shotgun sequence	116389471	116390460	989	965	168	193	0.174093
negative_379	CM142247.1 Homo sapiens isolate H9_T2T chromosome 1, whole genome shotgun sequence	140491744	140492658	914	890	167	184	0.187640
negative_380	CM142247.1 Homo sapiens isolate H9_T2T chromosome 1, whole genome shotgun sequence	201147697	201148651	954	930	184	203	0.197849
negative_381	CM142247.1 Homo sapiens isolate H9_T2T chromosome 1, whole genome shotgun sequence	217028148	217029016	868	844	156	183	0.184834
negative_382	CM142247.1 Homo sapiens isolate H9_T2T chromosome 1, whole genome shotgun sequence	27120596	27121499	903	879	156	173	0.177474
negative_383	CM142247.1 Homo sapiens isolate H9_T2T chromosome 1, whole genome shotgun sequence	224292573	224293497	924	900	139	156	0.154444
negative_384	CM142247.1 Homo sapiens isolate H9_T2T chromosome 1, whole genome shotgun sequence	179138875	179139748	873	849	152	170	0.179034
negative_385	CM142247.1 Homo sapiens isolate H9_T2T chromosome 1, whole genome shotgun sequence	158657542	158658426	884	860	153	171	0.177907
negative_386	CM142247.1 Homo sapiens isolate H9_T2T chromosome 1, whole genome shotgun sequence	113585721	113586633	912	888	161	182	0.181306
negative_387	CM142247.1 Homo sapiens isolate H9_T2T chromosome 1, whole genome shotgun sequence	235948523	235949418	895	871	146	160	0.167623
negative_388	CM142247.1 Homo sapiens isolate H9_T2T chromosome 1, whole genome shotgun sequence	144485721	144486642	921	897	154	170	0.171683
negative_389	CM142247.1 Homo sapiens isolate H9_T2T chromosome 1, whole genome shotgun sequence	48013220	48014073	853	829	136	142	0.164053
negative_390	CM142247.1 Homo sapiens isolate H9_T2T chromosome 1, whole genome shotgun sequence	242378463	242379383	920	896	161	180	0.179688
negative_391	CM142247.1 Homo sapiens isolate H9_T2T chromosome 1, whole genome shotgun sequence	162651206	162652133	927	903	165	192	0.182724
negative_392	CM142247.1 Homo sapiens isolate H9_T2T chromosome 1, whole genome shotgun sequence	183816592	183817511	919	895	177	203	0.197765
negative_393	CM142247.1 Homo sapiens isolate H9_T2T chromosome 1, whole genome shotgun sequence	12958973	12959895	922	898	144	156	0.160356
negative_394	CM142247.1 Homo sapiens isolate H9_T2T chromosome 1, whole genome shotgun sequence	91657746	91658619	873	849	149	165	0.175501
negative_395	CM142247.1 Homo sapiens isolate H9_T2T chromosome 1, whole genome shotgun sequence	149034198	149035098	900	876	159	172	0.181507
negative_396	CM142247.1 Homo sapiens isolate H9_T2T chromosome 1, whole genome shotgun sequence	19189831	19190737	906	882	150	169	0.170068
negative_397	CM142247.1 Homo sapiens isolate H9_T2T chromosome 1, whole genome shotgun sequence	176526614	176527542	928	904	180	201	0.199115
negative_398	CM142247.1 Homo sapiens isolate H9_T2T chromosome 1, whole genome shotgun sequence	185137894	185138800	906	882	161	188	0.182540
negative_399	CM142247.1 Homo sapiens isolate H9_T2T chromosome 1, whole genome shotgun sequence	164529281	164530237	956	932	163	191	0.174893
negative_400	CM142247.1 Homo sapiens isolate H9_T2T chromosome 1, whole genome shotgun sequence	28430568	28431511	943	919	161	175	0.175190
negative_401	CM142247.1 Homo sapiens isolate H9_T2T chromosome 1, whole genome shotgun sequence	79599638	79600508	870	846	166	185	0.196217
negative_402	CM142247.1 Homo sapiens isolate H9_T2T chromosome 1, whole genome shotgun sequence	88402400	88403355	955	931	165	183	0.177229
negative_403	CM142247.1 Homo sapiens isolate H9_T2T chromosome 1, whole genome shotgun sequence	30187733	30188653	920	896	164	182	0.183036
negative_404	CM142247.1 Homo sapiens isolate H9_T2T chromosome 1, whole genome shotgun sequence	231180780	231181679	899	875	137	153	0.156571
negative_405	CM142247.1 Homo sapiens isolate H9_T2T chromosome 1, whole genome shotgun sequence	126026375	126027274	899	875	154	166	0.176000
negative_406	CM142247.1 Homo sapiens isolate H9_T2T chromosome 1, whole genome shotgun sequence	95266801	95267750	949	925	163	194	0.176216
negative_407	CM142247.1 Homo sapiens isolate H9_T2T chromosome 1, whole genome shotgun sequence	208775830	208776778	948	924	197	216	0.213203
negative_408	CM142247.1 Homo sapiens isolate H9_T2T chromosome 1, whole genome shotgun sequence	175928195	175929180	985	961	189	225	0.196670
negative_409	CM142247.1 Homo sapiens isolate H9_T2T chromosome 1, whole genome shotgun sequence	65844697	65845607	910	886	156	181	0.176072
negative_410	CM142247.1 Homo sapiens isolate H9_T2T chromosome 1, whole genome shotgun sequence	197306397	197307298	901	877	168	185	0.191562
negative_411	CM142247.1 Homo sapiens isolate H9_T2T chromosome 1, whole genome shotgun sequence	156459819	156460682	863	839	153	172	0.182360
negative_412	CM142247.1 Homo sapiens isolate H9_T2T chromosome 1, whole genome shotgun sequence	114181786	114182642	856	832	168	195	0.201923
negative_413	CM142247.1 Homo sapiens isolate H9_T2T chromosome 1, whole genome shotgun sequence	194330083	194331026	943	919	154	171	0.167573
negative_414	CM142247.1 Homo sapiens isolate H9_T2T chromosome 1, whole genome shotgun sequence	99983473	99984342	869	845	172	192	0.203550
negative_415	CM142247.1 Homo sapiens isolate H9_T2T chromosome 1, whole genome shotgun sequence	210713629	210714607	978	954	180	195	0.188679
negative_416	CM142247.1 Homo sapiens isolate H9_T2T chromosome 1, whole genome shotgun sequence	138992235	138993121	886	862	161	180	0.186775
negative_417	CM142247.1 Homo sapiens isolate H9_T2T chromosome 1, whole genome shotgun sequence	38645867	38646766	899	875	169	186	0.193143
negative_418	CM142247.1 Homo sapiens isolate H9_T2T chromosome 1, whole genome shotgun sequence	57776429	57777366	937	913	164	184	0.179628
negative_419	CM142247.1 Homo sapiens isolate H9_T2T chromosome 1, whole genome shotgun sequence	246515420	246516295	875	851	157	174	0.184489
negative_420	CM142247.1 Homo sapiens isolate H9_T2T chromosome 1, whole genome shotgun sequence	82264278	82265222	944	920	167	198	0.181522
negative_421	CM142247.1 Homo sapiens isolate H9_T2T chromosome 1, whole genome shotgun sequence	245029218	245030138	920	896	153	172	0.170759
negative_422	CM142247.1 Homo sapiens isolate H9_T2T chromosome 1, whole genome shotgun sequence	218020293	218021144	851	827	148	161	0.178960
negative_423	CM142247.1 Homo sapiens isolate H9_T2T chromosome 1, whole genome shotgun sequence	105949006	105949900	894	870	166	194	0.190805
negative_424	CM142247.1 Homo sapiens isolate H9_T2T chromosome 1, whole genome shotgun sequence	228136022	228136880	858	834	139	161	0.166667
negative_425	CM142247.1 Homo sapiens isolate H9_T2T chromosome 1, whole genome shotgun sequence	169575941	169576935	994	970	167	187	0.172165
negative_426	CM142247.1 Homo sapiens isolate H9_T2T chromosome 1, whole genome shotgun sequence	233379095	233380020	925	901	163	179	0.180910
negative_427	CM142247.1 Homo sapiens isolate H9_T2T chromosome 1, whole genome shotgun sequence	24173079	24173999	920	896	185	201	0.206473
negative_428	CM142247.1 Homo sapiens isolate H9_T2T chromosome 1, whole genome shotgun sequence	228357570	228358555	985	961	158	189	0.164412
negative_429	CM142247.1 Homo sapiens isolate H9_T2T chromosome 1, whole genome shotgun sequence	124241765	124242664	899	875	166	188	0.189714
negative_430	CM142247.1 Homo sapiens isolate H9_T2T chromosome 1, whole genome shotgun sequence	18551860	18552741	881	857	158	184	0.184364
negative_431	CM142247.1 Homo sapiens isolate H9_T2T chromosome 1, whole genome shotgun sequence	160683497	160684354	857	833	134	148	0.160864
negative_432	CM142247.1 Homo sapiens isolate H9_T2T chromosome 1, whole genome shotgun sequence	206265295	206266168	873	849	164	183	0.193168
negative_433	CM142247.1 Homo sapiens isolate H9_T2T chromosome 1, whole genome shotgun sequence	7766189	7767148	959	935	159	178	0.170053
negative_434	CM142247.1 Homo sapiens isolate H9_T2T chromosome 1, whole genome shotgun sequence	36605272	36606258	986	962	200	220	0.207900
negative_435	CM142247.1 Homo sapiens isolate H9_T2T chromosome 1, whole genome shotgun sequence	65182035	65182890	855	831	164	185	0.197353
negative_436	CM142247.1 Homo sapiens isolate H9_T2T chromosome 1, whole genome shotgun sequence	26277593	26278457	864	840	176	198	0.209524
negative_437	CM142247.1 Homo sapiens isolate H9_T2T chromosome 1, whole genome shotgun sequence	73277740	73278612	872	848	143	159	0.168632
negative_438	CM142247.1 Homo sapiens isolate H9_T2T chromosome 1, whole genome shotgun sequence	109195243	109196235	992	968	174	202	0.179752
negative_439	CM142247.1 Homo sapiens isolate H9_T2T chromosome 1, whole genome shotgun sequence	165511660	165512613	953	929	187	207	0.201292
negative_440	CM142247.1 Homo sapiens isolate H9_T2T chromosome 1, whole genome shotgun sequence	203233722	203234592	870	846	140	151	0.165485
negative_441	CM142247.1 Homo sapiens isolate H9_T2T chromosome 1, whole genome shotgun sequence	199035896	199036787	891	867	148	170	0.170704
negative_442	CM142247.1 Homo sapiens isolate H9_T2T chromosome 1, whole genome shotgun sequence	13227148	13228029	881	857	154	167	0.179697
negative_443	CM142247.1 Homo sapiens isolate H9_T2T chromosome 1, whole genome shotgun sequence	93183970	93184953	983	959	175	187	0.182482
negative_444	CM142247.1 Homo sapiens isolate H9_T2T chromosome 1, whole genome shotgun sequence	203818364	203819291	927	903	159	172	0.176080
negative_445	CM142247.1 Homo sapiens isolate H9_T2T chromosome 1, whole genome shotgun sequence	131435307	131436245	938	914	170	192	0.185996
negative_446	CM142247.1 Homo sapiens isolate H9_T2T chromosome 1, whole genome shotgun sequence	15862785	15863726	941	917	179	199	0.195202
negative_447	CM142247.1 Homo sapiens isolate H9_T2T chromosome 1, whole genome shotgun sequence	97108815	97109698	883	859	150	168	0.174622
negative_448	CM142247.1 Homo sapiens isolate H9_T2T chromosome 1, whole genome shotgun sequence	163020420	163021281	861	837	146	168	0.174432
negative_449	CM142247.1 Homo sapiens isolate H9_T2T chromosome 1, whole genome shotgun sequence	18627416	18628364	948	924	165	191	0.178571
negative_450	CM142247.1 Homo sapiens isolate H9_T2T chromosome 1, whole genome shotgun sequence	72720085	72721009	924	900	181	195	0.201111
negative_451	CM142247.1 Homo sapiens isolate H9_T2T chromosome 1, whole genome shotgun sequence	183807882	183808865	983	959	175	193	0.182482
negative_452	CM142247.1 Homo sapiens isolate H9_T2T chromosome 1, whole genome shotgun sequence	9478036	9478891	855	831	149	166	0.179302
negative_453	CM142247.1 Homo sapiens isolate H9_T2T chromosome 1, whole genome shotgun sequence	58838078	58839018	940	916	153	178	0.167031
negative_454	CM142247.1 Homo sapiens isolate H9_T2T chromosome 1, whole genome shotgun sequence	204887681	204888630	949	925	173	185	0.187027
negative_455	CM142247.1 Homo sapiens isolate H9_T2T chromosome 1, whole genome shotgun sequence	162766207	162767099	892	868	176	198	0.202765
negative_456	CM142247.1 Homo sapiens isolate H9_T2T chromosome 1, whole genome shotgun sequence	94068920	94069821	901	877	144	167	0.164196
negative_457	CM142247.1 Homo sapiens isolate H9_T2T chromosome 1, whole genome shotgun sequence	224096502	224097384	882	858	141	154	0.164336
negative_458	CM142247.1 Homo sapiens isolate H9_T2T chromosome 1, whole genome shotgun sequence	226791127	226792122	995	971	200	219	0.205973
negative_459	CM142247.1 Homo sapiens isolate H9_T2T chromosome 1, whole genome shotgun sequence	125979036	125979911	875	851	172	181	0.202115
negative_460	CM142247.1 Homo sapiens isolate H9_T2T chromosome 1, whole genome shotgun sequence	22271523	22272483	960	936	173	195	0.184829
negative_461	CM142247.1 Homo sapiens isolate H9_T2T chromosome 1, whole genome shotgun sequence	71013101	71014046	945	921	181	201	0.196526
negative_462	CM142247.1 Homo sapiens isolate H9_T2T chromosome 1, whole genome shotgun sequence	91660984	91661940	956	932	178	194	0.190987
negative_463	CM142247.1 Homo sapiens isolate H9_T2T chromosome 1, whole genome shotgun sequence	20928551	20929546	995	971	179	202	0.184346
negative_464	CM142247.1 Homo sapiens isolate H9_T2T chromosome 1, whole genome shotgun sequence	172082776	172083763	987	963	192	210	0.199377
negative_465	CM142247.1 Homo sapiens isolate H9_T2T chromosome 1, whole genome shotgun sequence	172505057	172505910	853	829	154	174	0.185766
negative_466	CM142247.1 Homo sapiens isolate H9_T2T chromosome 1, whole genome shotgun sequence	219516875	219517753	878	854	156	170	0.182670
negative_467	CM142247.1 Homo sapiens isolate H9_T2T chromosome 1, whole genome shotgun sequence	77882133	77882997	864	840	164	178	0.195238
negative_468	CM142247.1 Homo sapiens isolate H9_T2T chromosome 1, whole genome shotgun sequence	155439917	155440917	1000	976	197	221	0.201844
negative_469	CM142247.1 Homo sapiens isolate H9_T2T chromosome 1, whole genome shotgun sequence	239450030	239450931	901	877	167	190	0.190422
negative_470	CM142247.1 Homo sapiens isolate H9_T2T chromosome 1, whole genome shotgun sequence	194211780	194212715	935	911	167	192	0.183315
negative_471	CM142247.1 Homo sapiens isolate H9_T2T chromosome 1, whole genome shotgun sequence	77115172	77116149	977	953	167	189	0.175236
negative_472	CM142247.1 Homo sapiens isolate H9_T2T chromosome 1, whole genome shotgun sequence	21222407	21223337	930	906	181	199	0.199779
negative_473	CM142247.1 Homo sapiens isolate H9_T2T chromosome 1, whole genome shotgun sequence	211477887	211478850	963	939	157	172	0.167199
negative_474	CM142247.1 Homo sapiens isolate H9_T2T chromosome 1, whole genome shotgun sequence	5167516	5168445	929	905	182	200	0.201105
negative_475	CM142247.1 Homo sapiens isolate H9_T2T chromosome 1, whole genome shotgun sequence	92590198	92591099	901	877	159	172	0.181300
negative_476	CM142247.1 Homo sapiens isolate H9_T2T chromosome 1, whole genome shotgun sequence	17768936	17769908	972	948	193	209	0.203586
negative_477	CM142247.1 Homo sapiens isolate H9_T2T chromosome 1, whole genome shotgun sequence	165727744	165728738	994	970	164	191	0.169072
negative_478	CM142247.1 Homo sapiens isolate H9_T2T chromosome 1, whole genome shotgun sequence	123419691	123420568	877	853	151	167	0.177022
negative_479	CM142247.1 Homo sapiens isolate H9_T2T chromosome 1, whole genome shotgun sequence	92307215	92308149	934	910	164	187	0.180220
negative_480	CM142247.1 Homo sapiens isolate H9_T2T chromosome 1, whole genome shotgun sequence	92264319	92265171	852	828	149	168	0.179952
negative_481	CM142247.1 Homo sapiens isolate H9_T2T chromosome 1, whole genome shotgun sequence	21084131	21085060	929	905	152	167	0.167956
negative_482	CM142247.1 Homo sapiens isolate H9_T2T chromosome 1, whole genome shotgun sequence	64857032	64857983	951	927	164	184	0.176915
negative_483	CM142247.1 Homo sapiens isolate H9_T2T chromosome 1, whole genome shotgun sequence	212851375	212852365	990	966	160	175	0.165631
negative_484	CM142247.1 Homo sapiens isolate H9_T2T chromosome 1, whole genome shotgun sequence	233770653	233771596	943	919	172	198	0.187160
negative_485	CM142247.1 Homo sapiens isolate H9_T2T chromosome 1, whole genome shotgun sequence	94902960	94903949	989	965	189	213	0.195855
negative_486	CM142247.1 Homo sapiens isolate H9_T2T chromosome 1, whole genome shotgun sequence	134412327	134413292	965	941	185	215	0.196599
negative_487	CM142247.1 Homo sapiens isolate H9_T2T chromosome 1, whole genome shotgun sequence	189465248	189466175	927	903	182	204	0.201550
negative_488	CM142247.1 Homo sapiens isolate H9_T2T chromosome 1, whole genome shotgun sequence	250264631	250265547	916	892	146	158	0.163677
negative_489	CM142247.1 Homo sapiens isolate H9_T2T chromosome 1, whole genome shotgun sequence	20365377	20366282	905	881	173	191	0.196368
negative_490	CM142247.1 Homo sapiens isolate H9_T2T chromosome 1, whole genome shotgun sequence	37576591	37577524	933	909	167	184	0.183718
negative_491	CM142247.1 Homo sapiens isolate H9_T2T chromosome 1, whole genome shotgun sequence	46141540	46142508	968	944	174	195	0.184322
negative_492	CM142247.1 Homo sapiens isolate H9_T2T chromosome 1, whole genome shotgun sequence	165772739	165773698	959	935	156	171	0.166845
negative_493	CM142247.1 Homo sapiens isolate H9_T2T chromosome 1, whole genome shotgun sequence	134646346	134647328	982	958	176	190	0.183716
negative_494	CM142247.1 Homo sapiens isolate H9_T2T chromosome 1, whole genome shotgun sequence	67694371	67695293	922	898	187	211	0.208241
negative_495	CM142247.1 Homo sapiens isolate H9_T2T chromosome 1, whole genome shotgun sequence	235203632	235204544	912	888	133	144	0.149775
negative_496	CM142247.1 Homo sapiens isolate H9_T2T chromosome 1, whole genome shotgun sequence	239192293	239193184	891	867	190	211	0.219146
negative_497	CM142247.1 Homo sapiens isolate H9_T2T chromosome 1, whole genome shotgun sequence	149918887	149919770	883	859	164	198	0.190920
negative_498	CM142247.1 Homo sapiens isolate H9_T2T chromosome 1, whole genome shotgun sequence	63931452	63932425	973	949	170	180	0.179136
negative_499	CM142247.1 Homo sapiens isolate H9_T2T chromosome 1, whole genome shotgun sequence	111923035	111923932	897	873	160	177	0.183276
negative_500	CM142247.1 Homo sapiens isolate H9_T2T chromosome 1, whole genome shotgun sequence	120584222	120585208	986	962	164	179	0.170478
negative_501	CM142247.1 Homo sapiens isolate H9_T2T chromosome 1, whole genome shotgun sequence	203805272	203806140	868	844	162	185	0.191943
negative_502	CM142247.1 Homo sapiens isolate H9_T2T chromosome 1, whole genome shotgun sequence	243548610	243549505	895	871	142	154	0.163031
negative_503	CM142247.1 Homo sapiens isolate H9_T2T chromosome 1, whole genome shotgun sequence	49589891	49590847	956	932	177	195	0.189914
negative_504	CM142247.1 Homo sapiens isolate H9_T2T chromosome 1, whole genome shotgun sequence	205395116	205396045	929	905	150	165	0.165746
negative_505	CM142247.1 Homo sapiens isolate H9_T2T chromosome 1, whole genome shotgun sequence	56839056	56840039	983	959	173	193	0.180396
negative_506	CM142247.1 Homo sapiens isolate H9_T2T chromosome 1, whole genome shotgun sequence	249829234	249830084	850	826	147	162	0.177966
negative_507	CM142247.1 Homo sapiens isolate H9_T2T chromosome 1, whole genome shotgun sequence	88099500	88100391	891	867	153	166	0.176471
negative_508	CM142247.1 Homo sapiens isolate H9_T2T chromosome 1, whole genome shotgun sequence	79284807	79285657	850	826	143	157	0.173123
negative_509	CM142247.1 Homo sapiens isolate H9_T2T chromosome 1, whole genome shotgun sequence	97077775	97078649	874	850	138	145	0.162353
negative_510	CM142247.1 Homo sapiens isolate H9_T2T chromosome 1, whole genome shotgun sequence	233953802	233954768	966	942	165	182	0.175159
negative_511	CM142247.1 Homo sapiens isolate H9_T2T chromosome 1, whole genome shotgun sequence	150833532	150834514	982	958	173	205	0.180585
negative_512	CM142247.1 Homo sapiens isolate H9_T2T chromosome 1, whole genome shotgun sequence	114564064	114565011	947	923	161	183	0.174431
negative_513	CM142247.1 Homo sapiens isolate H9_T2T chromosome 1, whole genome shotgun sequence	212736860	212737776	916	892	167	190	0.187220
negative_514	CM142247.1 Homo sapiens isolate H9_T2T chromosome 1, whole genome shotgun sequence	169442249	169443182	933	909	162	181	0.178218
negative_515	CM142247.1 Homo sapiens isolate H9_T2T chromosome 1, whole genome shotgun sequence	227835380	227836359	979	955	186	211	0.194764
negative_516	CM142247.1 Homo sapiens isolate H9_T2T chromosome 1, whole genome shotgun sequence	213312028	213312913	885	861	151	166	0.175377
negative_517	CM142247.1 Homo sapiens isolate H9_T2T chromosome 1, whole genome shotgun sequence	60335933	60336801	868	844	159	174	0.188389
negative_518	CM142247.1 Homo sapiens isolate H9_T2T chromosome 1, whole genome shotgun sequence	213741912	213742797	885	861	128	145	0.148664
negative_519	CM142247.1 Homo sapiens isolate H9_T2T chromosome 1, whole genome shotgun sequence	78598917	78599819	902	878	165	176	0.187927
negative_520	CM142247.1 Homo sapiens isolate H9_T2T chromosome 1, whole genome shotgun sequence	66634114	66634989	875	851	133	151	0.156287
negative_521	CM142247.1 Homo sapiens isolate H9_T2T chromosome 1, whole genome shotgun sequence	78062501	78063417	916	892	168	192	0.188341
negative_522	CM142247.1 Homo sapiens isolate H9_T2T chromosome 1, whole genome shotgun sequence	242734422	242735373	951	927	165	180	0.177994
negative_523	CM142247.1 Homo sapiens isolate H9_T2T chromosome 1, whole genome shotgun sequence	173784203	173785180	977	953	158	180	0.165792
negative_524	CM142247.1 Homo sapiens isolate H9_T2T chromosome 1, whole genome shotgun sequence	31196826	31197760	934	910	162	183	0.178022
negative_525	CM142247.1 Homo sapiens isolate H9_T2T chromosome 1, whole genome shotgun sequence	101410309	101411187	878	854	144	160	0.168618
negative_526	CM142247.1 Homo sapiens isolate H9_T2T chromosome 1, whole genome shotgun sequence	11967207	11968068	861	837	160	179	0.191159
negative_527	CM142247.1 Homo sapiens isolate H9_T2T chromosome 1, whole genome shotgun sequence	162847021	162847928	907	883	170	188	0.192525
negative_528	CM142247.1 Homo sapiens isolate H9_T2T chromosome 1, whole genome shotgun sequence	216155183	216156155	972	948	180	209	0.189873
negative_529	CM142247.1 Homo sapiens isolate H9_T2T chromosome 1, whole genome shotgun sequence	228899501	228900437	936	912	150	169	0.164474
negative_530	CM142247.1 Homo sapiens isolate H9_T2T chromosome 1, whole genome shotgun sequence	17326252	17327181	929	905	156	175	0.172376
negative_531	CM142247.1 Homo sapiens isolate H9_T2T chromosome 1, whole genome shotgun sequence	12376697	12377612	915	891	167	188	0.187430
negative_532	CM142247.1 Homo sapiens isolate H9_T2T chromosome 1, whole genome shotgun sequence	69697441	69698423	982	958	201	217	0.209812
negative_533	CM142247.1 Homo sapiens isolate H9_T2T chromosome 1, whole genome shotgun sequence	130270165	130271021	856	832	153	169	0.183894
negative_534	CM142247.1 Homo sapiens isolate H9_T2T chromosome 1, whole genome shotgun sequence	54552577	54553538	961	937	173	189	0.184632
negative_535	CM142247.1 Homo sapiens isolate H9_T2T chromosome 1, whole genome shotgun sequence	15780452	15781372	920	896	162	176	0.180804
negative_536	CM142247.1 Homo sapiens isolate H9_T2T chromosome 1, whole genome shotgun sequence	113047678	113048620	942	918	177	194	0.192810
negative_537	CM142247.1 Homo sapiens isolate H9_T2T chromosome 1, whole genome shotgun sequence	219434738	219435589	851	827	147	167	0.177751
negative_538	CM142247.1 Homo sapiens isolate H9_T2T chromosome 1, whole genome shotgun sequence	152279105	152279964	859	835	141	169	0.168862
negative_539	CM142247.1 Homo sapiens isolate H9_T2T chromosome 1, whole genome shotgun sequence	2930655	2931534	879	855	150	171	0.175439
negative_540	CM142247.1 Homo sapiens isolate H9_T2T chromosome 1, whole genome shotgun sequence	248260480	248261359	879	855	165	193	0.192982
negative_541	CM142247.1 Homo sapiens isolate H9_T2T chromosome 1, whole genome shotgun sequence	190451491	190452447	956	932	155	171	0.166309
negative_542	CM142247.1 Homo sapiens isolate H9_T2T chromosome 1, whole genome shotgun sequence	215854475	215855408	933	909	170	202	0.187019
negative_543	CM142247.1 Homo sapiens isolate H9_T2T chromosome 1, whole genome shotgun sequence	20366382	20367348	966	942	169	186	0.179406
negative_544	CM142247.1 Homo sapiens isolate H9_T2T chromosome 1, whole genome shotgun sequence	47357895	47358768	873	849	159	182	0.187279
negative_545	CM142247.1 Homo sapiens isolate H9_T2T chromosome 1, whole genome shotgun sequence	57412513	57413387	874	850	152	175	0.178824
negative_546	CM142247.1 Homo sapiens isolate H9_T2T chromosome 1, whole genome shotgun sequence	2728323	2729298	975	951	177	191	0.186120
negative_547	CM142247.1 Homo sapiens isolate H9_T2T chromosome 1, whole genome shotgun sequence	43812893	43813873	980	956	198	226	0.207113
negative_548	CM142247.1 Homo sapiens isolate H9_T2T chromosome 1, whole genome shotgun sequence	61897464	61898363	899	875	162	173	0.185143
negative_549	CM142247.1 Homo sapiens isolate H9_T2T chromosome 1, whole genome shotgun sequence	190710862	190711752	890	866	164	181	0.189376
negative_550	CM142247.1 Homo sapiens isolate H9_T2T chromosome 1, whole genome shotgun sequence	108071750	108072647	897	873	162	187	0.185567
negative_551	CM142247.1 Homo sapiens isolate H9_T2T chromosome 1, whole genome shotgun sequence	209587935	209588848	913	889	165	180	0.185602
negative_552	CM142247.1 Homo sapiens isolate H9_T2T chromosome 1, whole genome shotgun sequence	110858027	110859027	1000	976	189	213	0.193648
negative_553	CM142247.1 Homo sapiens isolate H9_T2T chromosome 1, whole genome shotgun sequence	10502296	10503151	855	831	145	161	0.174489
negative_554	CM142247.1 Homo sapiens isolate H9_T2T chromosome 1, whole genome shotgun sequence	102291964	102292857	893	869	139	155	0.159954
negative_555	CM142247.1 Homo sapiens isolate H9_T2T chromosome 1, whole genome shotgun sequence	78677733	78678667	934	910	160	175	0.175824
negative_556	CM142247.1 Homo sapiens isolate H9_T2T chromosome 1, whole genome shotgun sequence	127211321	127212259	938	914	158	182	0.172867
negative_557	CM142247.1 Homo sapiens isolate H9_T2T chromosome 1, whole genome shotgun sequence	150681803	150682693	890	866	145	165	0.167436
negative_558	CM142247.1 Homo sapiens isolate H9_T2T chromosome 1, whole genome shotgun sequence	163429419	163430301	882	858	167	198	0.194639
negative_559	CM142247.1 Homo sapiens isolate H9_T2T chromosome 1, whole genome shotgun sequence	131112175	131113173	998	974	189	216	0.194045
negative_560	CM142247.1 Homo sapiens isolate H9_T2T chromosome 1, whole genome shotgun sequence	157204146	157204996	850	826	151	173	0.182809
negative_561	CM142247.1 Homo sapiens isolate H9_T2T chromosome 1, whole genome shotgun sequence	123789985	123790849	864	840	150	177	0.178571
negative_562	CM142247.1 Homo sapiens isolate H9_T2T chromosome 1, whole genome shotgun sequence	56650010	56650929	919	895	166	186	0.185475
negative_563	CM142247.1 Homo sapiens isolate H9_T2T chromosome 1, whole genome shotgun sequence	54505589	54506446	857	833	153	169	0.183673
negative_564	CM142247.1 Homo sapiens isolate H9_T2T chromosome 1, whole genome shotgun sequence	241354444	241355344	900	876	155	165	0.176941
negative_565	CM142247.1 Homo sapiens isolate H9_T2T chromosome 1, whole genome shotgun sequence	209549256	209550162	906	882	161	181	0.182540
negative_566	CM142247.1 Homo sapiens isolate H9_T2T chromosome 1, whole genome shotgun sequence	65446186	65447064	878	854	175	192	0.204918
negative_567	CM142247.1 Homo sapiens isolate H9_T2T chromosome 1, whole genome shotgun sequence	147694760	147695649	889	865	168	195	0.194220
negative_568	CM142247.1 Homo sapiens isolate H9_T2T chromosome 1, whole genome shotgun sequence	120175660	120176546	886	862	184	205	0.213457
negative_569	CM142247.1 Homo sapiens isolate H9_T2T chromosome 1, whole genome shotgun sequence	43239944	43240932	988	964	203	229	0.210581
negative_570	CM142247.1 Homo sapiens isolate H9_T2T chromosome 1, whole genome shotgun sequence	21325400	21326281	881	857	143	156	0.166861
negative_571	CM142247.1 Homo sapiens isolate H9_T2T chromosome 1, whole genome shotgun sequence	74453686	74454651	965	941	168	183	0.178533
negative_572	CM142247.1 Homo sapiens isolate H9_T2T chromosome 1, whole genome shotgun sequence	40890706	40891623	917	893	174	197	0.194849
negative_573	CM142247.1 Homo sapiens isolate H9_T2T chromosome 1, whole genome shotgun sequence	57860254	57861230	976	952	186	204	0.195378
negative_574	CM142247.1 Homo sapiens isolate H9_T2T chromosome 1, whole genome shotgun sequence	222765179	222766178	999	975	185	207	0.189744
negative_575	CM142247.1 Homo sapiens isolate H9_T2T chromosome 1, whole genome shotgun sequence	153174389	153175244	855	831	135	161	0.162455
negative_576	CM142247.1 Homo sapiens isolate H9_T2T chromosome 1, whole genome shotgun sequence	98168671	98169644	973	949	188	219	0.198103
negative_577	CM142247.1 Homo sapiens isolate H9_T2T chromosome 1, whole genome shotgun sequence	1173490	1174423	933	909	180	201	0.198020
negative_578	CM142247.1 Homo sapiens isolate H9_T2T chromosome 1, whole genome shotgun sequence	122566243	122567116	873	849	151	183	0.177856
negative_579	CM142247.1 Homo sapiens isolate H9_T2T chromosome 1, whole genome shotgun sequence	175207144	175208134	990	966	172	188	0.178054
negative_580	CM142247.1 Homo sapiens isolate H9_T2T chromosome 1, whole genome shotgun sequence	211275976	211276868	892	868	180	191	0.207373
negative_581	CM142247.1 Homo sapiens isolate H9_T2T chromosome 1, whole genome shotgun sequence	123768338	123769271	933	909	165	184	0.181518
negative_582	CM142247.1 Homo sapiens isolate H9_T2T chromosome 1, whole genome shotgun sequence	216472318	216473277	959	935	178	197	0.190374
negative_583	CM142247.1 Homo sapiens isolate H9_T2T chromosome 1, whole genome shotgun sequence	32279063	32280024	961	937	175	194	0.186766
negative_584	CM142247.1 Homo sapiens isolate H9_T2T chromosome 1, whole genome shotgun sequence	242988994	242989852	858	834	141	155	0.169065
negative_585	CM142247.1 Homo sapiens isolate H9_T2T chromosome 1, whole genome shotgun sequence	15128527	15129489	962	938	165	189	0.175906
negative_586	CM142247.1 Homo sapiens isolate H9_T2T chromosome 1, whole genome shotgun sequence	112668220	112669176	956	932	172	199	0.184549
negative_587	CM142247.1 Homo sapiens isolate H9_T2T chromosome 1, whole genome shotgun sequence	179709001	179709960	959	935	172	192	0.183957
negative_588	CM142247.1 Homo sapiens isolate H9_T2T chromosome 1, whole genome shotgun sequence	44764443	44765301	858	834	151	167	0.181055
negative_589	CM142247.1 Homo sapiens isolate H9_T2T chromosome 1, whole genome shotgun sequence	235947925	235948880	955	931	170	184	0.182599
negative_590	CM142247.1 Homo sapiens isolate H9_T2T chromosome 1, whole genome shotgun sequence	42261115	42262088	973	949	184	208	0.193888
negative_591	CM142247.1 Homo sapiens isolate H9_T2T chromosome 1, whole genome shotgun sequence	104597845	104598744	899	875	152	171	0.173714
negative_592	CM142247.1 Homo sapiens isolate H9_T2T chromosome 1, whole genome shotgun sequence	176297275	176298174	899	875	162	179	0.185143
negative_593	CM142247.1 Homo sapiens isolate H9_T2T chromosome 1, whole genome shotgun sequence	83307218	83308116	898	874	180	198	0.205950
negative_594	CM142247.1 Homo sapiens isolate H9_T2T chromosome 1, whole genome shotgun sequence	20247569	20248436	867	843	148	170	0.175563
negative_595	CM142247.1 Homo sapiens isolate H9_T2T chromosome 1, whole genome shotgun sequence	46804507	46805425	918	894	172	187	0.192394
negative_596	CM142247.1 Homo sapiens isolate H9_T2T chromosome 1, whole genome shotgun sequence	99801096	99802015	919	895	170	192	0.189944
negative_597	CM142247.1 Homo sapiens isolate H9_T2T chromosome 1, whole genome shotgun sequence	149523700	149524616	916	892	167	192	0.187220
negative_598	CM142247.1 Homo sapiens isolate H9_T2T chromosome 1, whole genome shotgun sequence	34216334	34217313	979	955	195	219	0.204188
negative_599	CM142247.1 Homo sapiens isolate H9_T2T chromosome 1, whole genome shotgun sequence	88931074	88931991	917	893	160	176	0.179171
negative_600	CM142247.1 Homo sapiens isolate H9_T2T chromosome 1, whole genome shotgun sequence	65205276	65206176	900	876	147	163	0.167808
negative_601	CM142247.1 Homo sapiens isolate H9_T2T chromosome 1, whole genome shotgun sequence	150711151	150712057	906	882	156	178	0.176871
negative_602	CM142247.1 Homo sapiens isolate H9_T2T chromosome 1, whole genome shotgun sequence	178936141	178937031	890	866	178	200	0.205543
negative_603	CM142247.1 Homo sapiens isolate H9_T2T chromosome 1, whole genome shotgun sequence	55242451	55243397	946	922	182	212	0.197397
negative_604	CM142247.1 Homo sapiens isolate H9_T2T chromosome 1, whole genome shotgun sequence	53348781	53349652	871	847	135	155	0.159386
negative_605	CM142247.1 Homo sapiens isolate H9_T2T chromosome 1, whole genome shotgun sequence	130252163	130253137	974	950	186	206	0.195789
negative_606	CM142247.1 Homo sapiens isolate H9_T2T chromosome 1, whole genome shotgun sequence	33235604	33236515	911	887	153	166	0.172492
negative_607	CM142247.1 Homo sapiens isolate H9_T2T chromosome 1, whole genome shotgun sequence	110487978	110488859	881	857	164	182	0.191365
negative_608	CM142247.1 Homo sapiens isolate H9_T2T chromosome 1, whole genome shotgun sequence	9610924	9611784	860	836	169	186	0.202153
negative_609	CM142247.1 Homo sapiens isolate H9_T2T chromosome 1, whole genome shotgun sequence	86315529	86316522	993	969	184	207	0.189886
negative_610	CM142247.1 Homo sapiens isolate H9_T2T chromosome 1, whole genome shotgun sequence	143537200	143538109	909	885	171	192	0.193220
negative_611	CM142247.1 Homo sapiens isolate H9_T2T chromosome 1, whole genome shotgun sequence	129433796	129434787	991	967	186	212	0.192347
negative_612	CM142247.1 Homo sapiens isolate H9_T2T chromosome 1, whole genome shotgun sequence	213246065	213247040	975	951	198	223	0.208202
negative_613	CM142247.1 Homo sapiens isolate H9_T2T chromosome 1, whole genome shotgun sequence	151696408	151697320	912	888	173	200	0.194820
negative_614	CM142247.1 Homo sapiens isolate H9_T2T chromosome 1, whole genome shotgun sequence	163679154	163680148	994	970	175	200	0.180412
negative_615	CM142247.1 Homo sapiens isolate H9_T2T chromosome 1, whole genome shotgun sequence	119242008	119242973	965	941	173	192	0.183847
negative_616	CM142247.1 Homo sapiens isolate H9_T2T chromosome 1, whole genome shotgun sequence	115254265	115255210	945	921	182	196	0.197611
negative_617	CM142247.1 Homo sapiens isolate H9_T2T chromosome 1, whole genome shotgun sequence	134544821	134545821	1000	976	178	201	0.182377
negative_618	CM142247.1 Homo sapiens isolate H9_T2T chromosome 1, whole genome shotgun sequence	183449377	183450332	955	931	180	203	0.193340
negative_619	CM142247.1 Homo sapiens isolate H9_T2T chromosome 1, whole genome shotgun sequence	81188995	81189954	959	935	146	163	0.156150
negative_620	CM142247.1 Homo sapiens isolate H9_T2T chromosome 1, whole genome shotgun sequence	243717134	243718085	951	927	182	204	0.196332
negative_621	CM142247.1 Homo sapiens isolate H9_T2T chromosome 1, whole genome shotgun sequence	12184559	12185412	853	829	148	166	0.178528
negative_622	CM142247.1 Homo sapiens isolate H9_T2T chromosome 1, whole genome shotgun sequence	212988847	212989817	970	946	167	190	0.176533
negative_623	CM142247.1 Homo sapiens isolate H9_T2T chromosome 1, whole genome shotgun sequence	195630034	195631013	979	955	189	203	0.197906
negative_624	CM142247.1 Homo sapiens isolate H9_T2T chromosome 1, whole genome shotgun sequence	136863228	136864095	867	843	151	171	0.179122
negative_625	CM142247.1 Homo sapiens isolate H9_T2T chromosome 1, whole genome shotgun sequence	100322948	100323918	970	946	183	210	0.193446
negative_626	CM142247.1 Homo sapiens isolate H9_T2T chromosome 1, whole genome shotgun sequence	199600026	199601025	999	975	154	175	0.157949
negative_627	CM142247.1 Homo sapiens isolate H9_T2T chromosome 1, whole genome shotgun sequence	39266101	39266972	871	847	115	130	0.135773
negative_628	CM142247.1 Homo sapiens isolate H9_T2T chromosome 1, whole genome shotgun sequence	22807918	22808783	865	841	154	178	0.183115
negative_629	CM142247.1 Homo sapiens isolate H9_T2T chromosome 1, whole genome shotgun sequence	43840601	43841581	980	956	179	214	0.187238
negative_630	CM142247.1 Homo sapiens isolate H9_T2T chromosome 1, whole genome shotgun sequence	240410297	240411214	917	893	186	210	0.208287
negative_631	CM142247.1 Homo sapiens isolate H9_T2T chromosome 1, whole genome shotgun sequence	160389457	160390388	931	907	173	189	0.190739
negative_632	CM142247.1 Homo sapiens isolate H9_T2T chromosome 1, whole genome shotgun sequence	168167996	168168993	997	973	187	208	0.192189
negative_633	CM142247.1 Homo sapiens isolate H9_T2T chromosome 1, whole genome shotgun sequence	221082117	221083006	889	865	169	190	0.195376
negative_634	CM142247.1 Homo sapiens isolate H9_T2T chromosome 1, whole genome shotgun sequence	67002749	67003724	975	951	184	204	0.193481
negative_635	CM142247.1 Homo sapiens isolate H9_T2T chromosome 1, whole genome shotgun sequence	230564934	230565830	896	872	144	168	0.165138
negative_636	CM142247.1 Homo sapiens isolate H9_T2T chromosome 1, whole genome shotgun sequence	85876298	85877248	950	926	177	194	0.191145
negative_637	CM142247.1 Homo sapiens isolate H9_T2T chromosome 1, whole genome shotgun sequence	130952125	130952996	871	847	136	160	0.160567
negative_638	CM142247.1 Homo sapiens isolate H9_T2T chromosome 1, whole genome shotgun sequence	186556653	186557608	955	931	179	198	0.192266
negative_639	CM142247.1 Homo sapiens isolate H9_T2T chromosome 1, whole genome shotgun sequence	115442880	115443825	945	921	223	247	0.242128
negative_640	CM142247.1 Homo sapiens isolate H9_T2T chromosome 1, whole genome shotgun sequence	61531178	61532052	874	850	157	173	0.184706
negative_641	CM142247.1 Homo sapiens isolate H9_T2T chromosome 1, whole genome shotgun sequence	119705022	119706019	997	973	180	213	0.184995
negative_642	CM142247.1 Homo sapiens isolate H9_T2T chromosome 1, whole genome shotgun sequence	127590147	127591021	874	850	162	183	0.190588
negative_643	CM142247.1 Homo sapiens isolate H9_T2T chromosome 1, whole genome shotgun sequence	238307948	238308880	932	908	174	189	0.191630
negative_644	CM142247.1 Homo sapiens isolate H9_T2T chromosome 1, whole genome shotgun sequence	145331370	145332276	906	882	163	183	0.184807
negative_645	CM142247.1 Homo sapiens isolate H9_T2T chromosome 1, whole genome shotgun sequence	183181565	183182422	857	833	165	183	0.198079
negative_646	CM142247.1 Homo sapiens isolate H9_T2T chromosome 1, whole genome shotgun sequence	159428122	159429049	927	903	171	195	0.189369
negative_647	CM142247.1 Homo sapiens isolate H9_T2T chromosome 1, whole genome shotgun sequence	208200568	208201430	862	838	151	172	0.180191
negative_648	CM142247.1 Homo sapiens isolate H9_T2T chromosome 1, whole genome shotgun sequence	22755767	22756766	999	975	179	197	0.183590
negative_649	CM142247.1 Homo sapiens isolate H9_T2T chromosome 1, whole genome shotgun sequence	12802647	12803542	895	871	148	166	0.169920
negative_650	CM142247.1 Homo sapiens isolate H9_T2T chromosome 1, whole genome shotgun sequence	9946528	9947447	919	895	145	167	0.162011
negative_651	CM142247.1 Homo sapiens isolate H9_T2T chromosome 1, whole genome shotgun sequence	144609707	144610557	850	826	147	163	0.177966
negative_652	CM142247.1 Homo sapiens isolate H9_T2T chromosome 1, whole genome shotgun sequence	163864707	163865607	900	876	170	202	0.194064
negative_653	CM142247.1 Homo sapiens isolate H9_T2T chromosome 1, whole genome shotgun sequence	8832660	8833660	1000	976	190	207	0.194672
negative_654	CM142247.1 Homo sapiens isolate H9_T2T chromosome 1, whole genome shotgun sequence	91968673	91969533	860	836	167	185	0.199761
negative_655	CM142247.1 Homo sapiens isolate H9_T2T chromosome 1, whole genome shotgun sequence	143735672	143736558	886	862	144	153	0.167053
negative_656	CM142247.1 Homo sapiens isolate H9_T2T chromosome 1, whole genome shotgun sequence	217374230	217375149	919	895	167	194	0.186592
negative_657	CM142247.1 Homo sapiens isolate H9_T2T chromosome 1, whole genome shotgun sequence	158377931	158378903	972	948	167	185	0.176160
negative_658	CM142247.1 Homo sapiens isolate H9_T2T chromosome 1, whole genome shotgun sequence	137725688	137726566	878	854	140	157	0.163934
negative_659	CM142247.1 Homo sapiens isolate H9_T2T chromosome 1, whole genome shotgun sequence	241830438	241831316	878	854	154	175	0.180328
negative_660	CM142247.1 Homo sapiens isolate H9_T2T chromosome 1, whole genome shotgun sequence	104247114	104247978	864	840	156	174	0.185714
negative_661	CM142247.1 Homo sapiens isolate H9_T2T chromosome 1, whole genome shotgun sequence	164608476	164609343	867	843	148	170	0.175563
negative_662	CM142247.1 Homo sapiens isolate H9_T2T chromosome 1, whole genome shotgun sequence	35606148	35607105	957	933	155	181	0.166131
negative_663	CM142247.1 Homo sapiens isolate H9_T2T chromosome 1, whole genome shotgun sequence	220329888	220330803	915	891	160	178	0.179574
negative_664	CM142247.1 Homo sapiens isolate H9_T2T chromosome 1, whole genome shotgun sequence	249147682	249148542	860	836	146	159	0.174641
negative_665	CM142247.1 Homo sapiens isolate H9_T2T chromosome 1, whole genome shotgun sequence	180034296	180035153	857	833	146	168	0.175270
negative_666	CM142247.1 Homo sapiens isolate H9_T2T chromosome 1, whole genome shotgun sequence	203680627	203681565	938	914	157	170	0.171772
negative_667	CM142247.1 Homo sapiens isolate H9_T2T chromosome 1, whole genome shotgun sequence	196263364	196264364	1000	976	174	190	0.178279
negative_668	CM142247.1 Homo sapiens isolate H9_T2T chromosome 1, whole genome shotgun sequence	29310256	29311227	971	947	179	206	0.189018
negative_669	CM142247.1 Homo sapiens isolate H9_T2T chromosome 1, whole genome shotgun sequence	112188201	112189123	922	898	183	207	0.203786
negative_670	CM142247.1 Homo sapiens isolate H9_T2T chromosome 1, whole genome shotgun sequence	125829561	125830537	976	952	174	192	0.182773
negative_671	CM142247.1 Homo sapiens isolate H9_T2T chromosome 1, whole genome shotgun sequence	198038224	198039192	968	944	167	188	0.176907
negative_672	CM142247.1 Homo sapiens isolate H9_T2T chromosome 1, whole genome shotgun sequence	181623550	181624413	863	839	152	172	0.181168
negative_673	CM142247.1 Homo sapiens isolate H9_T2T chromosome 1, whole genome shotgun sequence	167862976	167863837	861	837	131	148	0.156511
negative_674	CM142247.1 Homo sapiens isolate H9_T2T chromosome 1, whole genome shotgun sequence	85531617	85532519	902	878	166	184	0.189066
negative_675	CM142247.1 Homo sapiens isolate H9_T2T chromosome 1, whole genome shotgun sequence	17120083	17120968	885	861	162	186	0.188153
negative_676	CM142247.1 Homo sapiens isolate H9_T2T chromosome 1, whole genome shotgun sequence	109850	110822	972	948	159	177	0.167722
negative_677	CM142247.1 Homo sapiens isolate H9_T2T chromosome 1, whole genome shotgun sequence	50536026	50536970	944	920	178	205	0.193478
negative_678	CM142247.1 Homo sapiens isolate H9_T2T chromosome 1, whole genome shotgun sequence	48056913	48057850	937	913	150	166	0.164294
negative_679	CM142247.1 Homo sapiens isolate H9_T2T chromosome 1, whole genome shotgun sequence	182320834	182321723	889	865	135	142	0.156069
negative_680	CM142247.1 Homo sapiens isolate H9_T2T chromosome 1, whole genome shotgun sequence	120709888	120710844	956	932	174	201	0.186695
negative_681	CM142247.1 Homo sapiens isolate H9_T2T chromosome 1, whole genome shotgun sequence	78432763	78433648	885	861	172	190	0.199768
negative_682	CM142247.1 Homo sapiens isolate H9_T2T chromosome 1, whole genome shotgun sequence	209832819	209833739	920	896	176	194	0.196429
negative_683	CM142247.1 Homo sapiens isolate H9_T2T chromosome 1, whole genome shotgun sequence	48389043	48389943	900	876	136	154	0.155251
negative_684	CM142247.1 Homo sapiens isolate H9_T2T chromosome 1, whole genome shotgun sequence	94315331	94316280	949	925	166	194	0.179459
negative_685	CM142247.1 Homo sapiens isolate H9_T2T chromosome 1, whole genome shotgun sequence	81854672	81855575	903	879	159	187	0.180887
negative_686	CM142247.1 Homo sapiens isolate H9_T2T chromosome 1, whole genome shotgun sequence	140226334	140227186	852	828	167	194	0.201691
negative_687	CM142247.1 Homo sapiens isolate H9_T2T chromosome 1, whole genome shotgun sequence	232069477	232070445	968	944	175	197	0.185381
negative_688	CM142247.1 Homo sapiens isolate H9_T2T chromosome 1, whole genome shotgun sequence	188553335	188554249	914	890	179	197	0.201124
negative_689	CM142247.1 Homo sapiens isolate H9_T2T chromosome 1, whole genome shotgun sequence	33963944	33964890	946	922	162	189	0.175705
negative_690	CM142247.1 Homo sapiens isolate H9_T2T chromosome 1, whole genome shotgun sequence	175928076	175929001	925	901	184	203	0.204218
negative_691	CM142247.1 Homo sapiens isolate H9_T2T chromosome 1, whole genome shotgun sequence	82526993	82527911	918	894	179	205	0.200224
negative_692	CM142247.1 Homo sapiens isolate H9_T2T chromosome 1, whole genome shotgun sequence	158023833	158024812	979	955	172	188	0.180105
negative_693	CM142247.1 Homo sapiens isolate H9_T2T chromosome 1, whole genome shotgun sequence	151218359	151219231	872	848	168	186	0.198113
negative_694	CM142247.1 Homo sapiens isolate H9_T2T chromosome 1, whole genome shotgun sequence	113783673	113784654	981	957	178	194	0.185998
negative_695	CM142247.1 Homo sapiens isolate H9_T2T chromosome 1, whole genome shotgun sequence	66717355	66718321	966	942	166	192	0.176221
negative_696	CM142247.1 Homo sapiens isolate H9_T2T chromosome 1, whole genome shotgun sequence	79770364	79771323	959	935	176	201	0.188235
negative_697	CM142247.1 Homo sapiens isolate H9_T2T chromosome 1, whole genome shotgun sequence	19725580	19726552	972	948	154	171	0.162447
negative_698	CM142247.1 Homo sapiens isolate H9_T2T chromosome 1, whole genome shotgun sequence	177303394	177304379	985	961	174	192	0.181061
negative_699	CM142247.1 Homo sapiens isolate H9_T2T chromosome 1, whole genome shotgun sequence	170654676	170655582	906	882	156	172	0.176871
negative_700	CM142247.1 Homo sapiens isolate H9_T2T chromosome 1, whole genome shotgun sequence	49029916	49030813	897	873	152	166	0.174112
negative_701	CM142247.1 Homo sapiens isolate H9_T2T chromosome 1, whole genome shotgun sequence	215774666	215775607	941	917	188	209	0.205016
negative_702	CM142247.1 Homo sapiens isolate H9_T2T chromosome 1, whole genome shotgun sequence	131532711	131533566	855	831	178	198	0.214200
negative_703	CM142247.1 Homo sapiens isolate H9_T2T chromosome 1, whole genome shotgun sequence	113891269	113892268	999	975	162	179	0.166154
negative_704	CM142247.1 Homo sapiens isolate H9_T2T chromosome 1, whole genome shotgun sequence	92144350	92145284	934	910	152	176	0.167033
negative_705	CM142247.1 Homo sapiens isolate H9_T2T chromosome 1, whole genome shotgun sequence	124834070	124834980	910	886	153	174	0.172686
negative_706	CM142247.1 Homo sapiens isolate H9_T2T chromosome 1, whole genome shotgun sequence	215580160	215581136	976	952	156	180	0.163866
negative_707	CM142247.1 Homo sapiens isolate H9_T2T chromosome 1, whole genome shotgun sequence	66849514	66850389	875	851	164	188	0.192714
negative_708	CM142247.1 Homo sapiens isolate H9_T2T chromosome 1, whole genome shotgun sequence	165626691	165627661	970	946	186	210	0.196617
negative_709	CM142247.1 Homo sapiens isolate H9_T2T chromosome 1, whole genome shotgun sequence	229738990	229739893	903	879	170	179	0.193402
negative_710	CM142247.1 Homo sapiens isolate H9_T2T chromosome 1, whole genome shotgun sequence	90655100	90656061	961	937	168	192	0.179296
negative_711	CM142247.1 Homo sapiens isolate H9_T2T chromosome 1, whole genome shotgun sequence	79265122	79266011	889	865	165	185	0.190751
negative_712	CM142247.1 Homo sapiens isolate H9_T2T chromosome 1, whole genome shotgun sequence	144698483	144699482	999	975	176	193	0.180513
negative_713	CM142247.1 Homo sapiens isolate H9_T2T chromosome 1, whole genome shotgun sequence	16037715	16038636	921	897	169	194	0.188406
negative_714	CM142247.1 Homo sapiens isolate H9_T2T chromosome 1, whole genome shotgun sequence	134076027	134076975	948	924	179	195	0.193723
negative_715	CM142247.1 Homo sapiens isolate H9_T2T chromosome 1, whole genome shotgun sequence	108141634	108142522	888	864	158	179	0.182870
negative_716	CM142247.1 Homo sapiens isolate H9_T2T chromosome 1, whole genome shotgun sequence	216706659	216707643	984	960	183	215	0.190625
negative_717	CM142247.1 Homo sapiens isolate H9_T2T chromosome 1, whole genome shotgun sequence	233032742	233033641	899	875	162	169	0.185143
negative_718	CM142247.1 Homo sapiens isolate H9_T2T chromosome 1, whole genome shotgun sequence	172037267	172038165	898	874	156	169	0.178490
negative_719	CM142247.1 Homo sapiens isolate H9_T2T chromosome 1, whole genome shotgun sequence	87034746	87035736	990	966	187	208	0.193582
negative_720	CM142247.1 Homo sapiens isolate H9_T2T chromosome 1, whole genome shotgun sequence	56948928	56949809	881	857	164	182	0.191365
negative_721	CM142247.1 Homo sapiens isolate H9_T2T chromosome 1, whole genome shotgun sequence	7178613	7179531	918	894	152	171	0.170022
negative_722	CM142247.1 Homo sapiens isolate H9_T2T chromosome 1, whole genome shotgun sequence	106029057	106029930	873	849	153	170	0.180212
negative_723	CM142247.1 Homo sapiens isolate H9_T2T chromosome 1, whole genome shotgun sequence	188106574	188107487	913	889	168	179	0.188976
negative_724	CM142247.1 Homo sapiens isolate H9_T2T chromosome 1, whole genome shotgun sequence	46297466	46298321	855	831	164	181	0.197353
negative_725	CM142247.1 Homo sapiens isolate H9_T2T chromosome 1, whole genome shotgun sequence	196123547	196124510	963	939	181	196	0.192758
negative_726	CM142247.1 Homo sapiens isolate H9_T2T chromosome 1, whole genome shotgun sequence	201141679	201142650	971	947	200	237	0.211193
negative_727	CM142247.1 Homo sapiens isolate H9_T2T chromosome 1, whole genome shotgun sequence	245139400	245140393	993	969	162	175	0.167183
negative_728	CM142247.1 Homo sapiens isolate H9_T2T chromosome 1, whole genome shotgun sequence	195174923	195175841	918	894	175	204	0.195749
negative_729	CM142247.1 Homo sapiens isolate H9_T2T chromosome 1, whole genome shotgun sequence	237631891	237632876	985	961	156	168	0.162331
negative_730	CM142247.1 Homo sapiens isolate H9_T2T chromosome 1, whole genome shotgun sequence	200548347	200549319	972	948	158	180	0.166667
negative_731	CM142247.1 Homo sapiens isolate H9_T2T chromosome 1, whole genome shotgun sequence	195383054	195383979	925	901	168	185	0.186459
negative_732	CM142247.1 Homo sapiens isolate H9_T2T chromosome 1, whole genome shotgun sequence	209352457	209353417	960	936	164	185	0.175214
negative_733	CM142247.1 Homo sapiens isolate H9_T2T chromosome 1, whole genome shotgun sequence	195463491	195464458	967	943	184	213	0.195122
negative_734	CM142247.1 Homo sapiens isolate H9_T2T chromosome 1, whole genome shotgun sequence	73264628	73265523	895	871	172	183	0.197474
negative_735	CM142247.1 Homo sapiens isolate H9_T2T chromosome 1, whole genome shotgun sequence	62843050	62843989	939	915	158	178	0.172678
negative_736	CM142247.1 Homo sapiens isolate H9_T2T chromosome 1, whole genome shotgun sequence	47538526	47539397	871	847	159	185	0.187721
negative_737	CM142247.1 Homo sapiens isolate H9_T2T chromosome 1, whole genome shotgun sequence	181531385	181532342	957	933	178	203	0.190782
negative_738	CM142247.1 Homo sapiens isolate H9_T2T chromosome 1, whole genome shotgun sequence	203764728	203765638	910	886	201	231	0.226862
negative_739	CM142247.1 Homo sapiens isolate H9_T2T chromosome 1, whole genome shotgun sequence	121865885	121866835	950	926	153	175	0.165227
negative_740	CM142247.1 Homo sapiens isolate H9_T2T chromosome 1, whole genome shotgun sequence	115996756	115997664	908	884	172	190	0.194570
negative_741	CM142247.1 Homo sapiens isolate H9_T2T chromosome 1, whole genome shotgun sequence	160124526	160125438	912	888	154	170	0.173423
negative_742	CM142247.1 Homo sapiens isolate H9_T2T chromosome 1, whole genome shotgun sequence	154618320	154619181	861	837	149	169	0.178017
negative_743	CM142247.1 Homo sapiens isolate H9_T2T chromosome 1, whole genome shotgun sequence	129311387	129312306	919	895	159	180	0.177654
negative_744	CM142247.1 Homo sapiens isolate H9_T2T chromosome 1, whole genome shotgun sequence	163155547	163156443	896	872	161	183	0.184633
negative_745	CM142247.1 Homo sapiens isolate H9_T2T chromosome 1, whole genome shotgun sequence	248097119	248098075	956	932	173	206	0.185622
negative_746	CM142247.1 Homo sapiens isolate H9_T2T chromosome 1, whole genome shotgun sequence	204694600	204695473	873	849	153	177	0.180212
negative_747	CM142247.1 Homo sapiens isolate H9_T2T chromosome 1, whole genome shotgun sequence	19116804	19117751	947	923	174	190	0.188516
negative_748	CM142247.1 Homo sapiens isolate H9_T2T chromosome 1, whole genome shotgun sequence	83557071	83558052	981	957	162	193	0.169279
negative_749	CM142247.1 Homo sapiens isolate H9_T2T chromosome 1, whole genome shotgun sequence	59879323	59880181	858	834	147	174	0.176259
negative_750	CM142247.1 Homo sapiens isolate H9_T2T chromosome 1, whole genome shotgun sequence	245327837	245328799	962	938	173	195	0.184435
negative_751	CM142247.1 Homo sapiens isolate H9_T2T chromosome 1, whole genome shotgun sequence	124551110	124552022	912	888	170	188	0.191441
negative_752	CM142247.1 Homo sapiens isolate H9_T2T chromosome 1, whole genome shotgun sequence	35609702	35610693	991	967	176	190	0.182006
negative_753	CM142247.1 Homo sapiens isolate H9_T2T chromosome 1, whole genome shotgun sequence	218322051	218323018	967	943	180	197	0.190880
negative_754	CM142247.1 Homo sapiens isolate H9_T2T chromosome 1, whole genome shotgun sequence	210978073	210978940	867	843	162	188	0.192171
negative_755	CM142247.1 Homo sapiens isolate H9_T2T chromosome 1, whole genome shotgun sequence	16878444	16879363	919	895	163	181	0.182123
negative_756	CM142247.1 Homo sapiens isolate H9_T2T chromosome 1, whole genome shotgun sequence	161189994	161190985	991	967	186	207	0.192347
negative_757	CM142247.1 Homo sapiens isolate H9_T2T chromosome 1, whole genome shotgun sequence	214220123	214221059	936	912	183	213	0.200658
negative_758	CM142247.1 Homo sapiens isolate H9_T2T chromosome 1, whole genome shotgun sequence	174483475	174484475	1000	976	178	191	0.182377
negative_759	CM142247.1 Homo sapiens isolate H9_T2T chromosome 1, whole genome shotgun sequence	161099413	161100315	902	878	166	184	0.189066
negative_760	CM142247.1 Homo sapiens isolate H9_T2T chromosome 1, whole genome shotgun sequence	139448823	139449798	975	951	173	194	0.181914
negative_761	CM142247.1 Homo sapiens isolate H9_T2T chromosome 1, whole genome shotgun sequence	172104089	172105019	930	906	176	189	0.194260
negative_762	CM142247.1 Homo sapiens isolate H9_T2T chromosome 1, whole genome shotgun sequence	194223369	194224288	919	895	186	198	0.207821
negative_763	CM142247.1 Homo sapiens isolate H9_T2T chromosome 1, whole genome shotgun sequence	37285391	37286273	882	858	152	168	0.177156
negative_764	CM142247.1 Homo sapiens isolate H9_T2T chromosome 1, whole genome shotgun sequence	126823402	126824276	874	850	170	195	0.200000
negative_765	CM142247.1 Homo sapiens isolate H9_T2T chromosome 1, whole genome shotgun sequence	176074017	176074882	865	841	139	157	0.165279
negative_766	CM142247.1 Homo sapiens isolate H9_T2T chromosome 1, whole genome shotgun sequence	133346800	133347761	961	937	173	196	0.184632
negative_767	CM142247.1 Homo sapiens isolate H9_T2T chromosome 1, whole genome shotgun sequence	120264859	120265851	992	968	189	215	0.195248
negative_768	CM142247.1 Homo sapiens isolate H9_T2T chromosome 1, whole genome shotgun sequence	146457209	146458169	960	936	197	224	0.210470
negative_769	CM142247.1 Homo sapiens isolate H9_T2T chromosome 1, whole genome shotgun sequence	82225493	82226367	874	850	147	164	0.172941
negative_770	CM142247.1 Homo sapiens isolate H9_T2T chromosome 1, whole genome shotgun sequence	186252732	186253695	963	939	166	192	0.176784
negative_771	CM142247.1 Homo sapiens isolate H9_T2T chromosome 1, whole genome shotgun sequence	150084086	150085006	920	896	167	189	0.186384
negative_772	CM142247.1 Homo sapiens isolate H9_T2T chromosome 1, whole genome shotgun sequence	228515951	228516939	988	964	167	185	0.173237
negative_773	CM142247.1 Homo sapiens isolate H9_T2T chromosome 1, whole genome shotgun sequence	89995875	89996807	932	908	169	190	0.186123
negative_774	CM142247.1 Homo sapiens isolate H9_T2T chromosome 1, whole genome shotgun sequence	123148169	123149124	955	931	174	192	0.186896
negative_775	CM142247.1 Homo sapiens isolate H9_T2T chromosome 1, whole genome shotgun sequence	157115307	157116198	891	867	139	156	0.160323
negative_776	CM142247.1 Homo sapiens isolate H9_T2T chromosome 1, whole genome shotgun sequence	34156423	34157345	922	898	183	202	0.203786
negative_777	CM142247.1 Homo sapiens isolate H9_T2T chromosome 1, whole genome shotgun sequence	31939970	31940825	855	831	168	197	0.202166
negative_778	CM142247.1 Homo sapiens isolate H9_T2T chromosome 1, whole genome shotgun sequence	61389143	61390136	993	969	175	201	0.180599
negative_779	CM142247.1 Homo sapiens isolate H9_T2T chromosome 1, whole genome shotgun sequence	165065132	165066009	877	853	158	182	0.185229
negative_780	CM142247.1 Homo sapiens isolate H9_T2T chromosome 1, whole genome shotgun sequence	158354143	158355007	864	840	158	182	0.188095
negative_781	CM142247.1 Homo sapiens isolate H9_T2T chromosome 1, whole genome shotgun sequence	229492515	229493369	854	830	155	171	0.186747
negative_782	CM142247.1 Homo sapiens isolate H9_T2T chromosome 1, whole genome shotgun sequence	180538480	180539363	883	859	144	157	0.167637
negative_783	CM142247.1 Homo sapiens isolate H9_T2T chromosome 1, whole genome shotgun sequence	185316164	185317159	995	971	189	220	0.194645
negative_784	CM142247.1 Homo sapiens isolate H9_T2T chromosome 1, whole genome shotgun sequence	98359336	98360256	920	896	162	184	0.180804
negative_785	CM142247.1 Homo sapiens isolate H9_T2T chromosome 1, whole genome shotgun sequence	216681130	216682124	994	970	190	222	0.195876
negative_786	CM142247.1 Homo sapiens isolate H9_T2T chromosome 1, whole genome shotgun sequence	124414949	124415832	883	859	143	160	0.166473
negative_787	CM142247.1 Homo sapiens isolate H9_T2T chromosome 1, whole genome shotgun sequence	248196058	248196934	876	852	144	167	0.169014
negative_788	CM142247.1 Homo sapiens isolate H9_T2T chromosome 1, whole genome shotgun sequence	81737705	81738602	897	873	153	179	0.175258
negative_789	CM142247.1 Homo sapiens isolate H9_T2T chromosome 1, whole genome shotgun sequence	127783395	127784258	863	839	130	145	0.154946
negative_790	CM142247.1 Homo sapiens isolate H9_T2T chromosome 1, whole genome shotgun sequence	186182401	186183375	974	950	158	186	0.166316
negative_791	CM142247.1 Homo sapiens isolate H9_T2T chromosome 1, whole genome shotgun sequence	25252450	25253375	925	901	158	170	0.175361
negative_792	CM142247.1 Homo sapiens isolate H9_T2T chromosome 1, whole genome shotgun sequence	62804844	62805726	882	858	151	174	0.175991
negative_793	CM142247.1 Homo sapiens isolate H9_T2T chromosome 1, whole genome shotgun sequence	170894258	170895109	851	827	162	177	0.195889
negative_794	CM142247.1 Homo sapiens isolate H9_T2T chromosome 1, whole genome shotgun sequence	50328563	50329504	941	917	180	202	0.196292
negative_795	CM142247.1 Homo sapiens isolate H9_T2T chromosome 1, whole genome shotgun sequence	90123565	90124528	963	939	164	184	0.174654
negative_796	CM142247.1 Homo sapiens isolate H9_T2T chromosome 1, whole genome shotgun sequence	27295796	27296675	879	855	152	175	0.177778
negative_797	CM142247.1 Homo sapiens isolate H9_T2T chromosome 1, whole genome shotgun sequence	181978220	181979070	850	826	142	153	0.171913
negative_798	CM142247.1 Homo sapiens isolate H9_T2T chromosome 1, whole genome shotgun sequence	83719614	83720576	962	938	180	202	0.191898
negative_799	CM142247.1 Homo sapiens isolate H9_T2T chromosome 1, whole genome shotgun sequence	242998538	242999505	967	943	191	213	0.202545
negative_800	CM142247.1 Homo sapiens isolate H9_T2T chromosome 1, whole genome shotgun sequence	168114891	168115882	991	967	188	217	0.194416
negative_801	CM142247.1 Homo sapiens isolate H9_T2T chromosome 1, whole genome shotgun sequence	118531476	118532442	966	942	179	200	0.190021
negative_802	CM142247.1 Homo sapiens isolate H9_T2T chromosome 1, whole genome shotgun sequence	155663951	155664810	859	835	157	174	0.188024
negative_803	CM142247.1 Homo sapiens isolate H9_T2T chromosome 1, whole genome shotgun sequence	204419577	204420537	960	936	177	216	0.189103
negative_804	CM142247.1 Homo sapiens isolate H9_T2T chromosome 1, whole genome shotgun sequence	105112977	105113883	906	882	153	171	0.173469
negative_805	CM142247.1 Homo sapiens isolate H9_T2T chromosome 1, whole genome shotgun sequence	206588312	206589169	857	833	151	172	0.181273
negative_806	CM142247.1 Homo sapiens isolate H9_T2T chromosome 1, whole genome shotgun sequence	203188072	203189046	974	950	182	203	0.191579
negative_807	CM142247.1 Homo sapiens isolate H9_T2T chromosome 1, whole genome shotgun sequence	99189683	99190555	872	848	132	150	0.155660
negative_808	CM142247.1 Homo sapiens isolate H9_T2T chromosome 1, whole genome shotgun sequence	55488310	55489277	967	943	133	154	0.141039
negative_809	CM142247.1 Homo sapiens isolate H9_T2T chromosome 1, whole genome shotgun sequence	141029351	141030332	981	957	175	200	0.182863
negative_810	CM142247.1 Homo sapiens isolate H9_T2T chromosome 1, whole genome shotgun sequence	77510173	77511096	923	899	157	180	0.174638
negative_811	CM142247.1 Homo sapiens isolate H9_T2T chromosome 1, whole genome shotgun sequence	11173365	11174215	850	826	148	163	0.179177
negative_812	CM142247.1 Homo sapiens isolate H9_T2T chromosome 1, whole genome shotgun sequence	243160887	243161828	941	917	151	172	0.164667
negative_813	CM142247.1 Homo sapiens isolate H9_T2T chromosome 1, whole genome shotgun sequence	213975998	213976873	875	851	154	167	0.180964
negative_814	CM142247.1 Homo sapiens isolate H9_T2T chromosome 1, whole genome shotgun sequence	117148293	117149155	862	838	158	188	0.188544
negative_815	CM142247.1 Homo sapiens isolate H9_T2T chromosome 1, whole genome shotgun sequence	225929466	225930338	872	848	152	165	0.179245
negative_816	CM142247.1 Homo sapiens isolate H9_T2T chromosome 1, whole genome shotgun sequence	66774400	66775281	881	857	151	172	0.176196
negative_817	CM142247.1 Homo sapiens isolate H9_T2T chromosome 1, whole genome shotgun sequence	31195251	31196119	868	844	142	153	0.168246
negative_818	CM142247.1 Homo sapiens isolate H9_T2T chromosome 1, whole genome shotgun sequence	71386684	71387667	983	959	174	192	0.181439
negative_819	CM142247.1 Homo sapiens isolate H9_T2T chromosome 1, whole genome shotgun sequence	233879209	233880076	867	843	143	159	0.169632
negative_820	CM142247.1 Homo sapiens isolate H9_T2T chromosome 1, whole genome shotgun sequence	47423563	47424492	929	905	165	180	0.182320
negative_821	CM142247.1 Homo sapiens isolate H9_T2T chromosome 1, whole genome shotgun sequence	233067968	233068964	996	972	166	188	0.170782
negative_822	CM142247.1 Homo sapiens isolate H9_T2T chromosome 1, whole genome shotgun sequence	2313042	2314031	989	965	167	185	0.173057
negative_823	CM142247.1 Homo sapiens isolate H9_T2T chromosome 1, whole genome shotgun sequence	550456	551326	870	846	153	168	0.180851
negative_824	CM142247.1 Homo sapiens isolate H9_T2T chromosome 1, whole genome shotgun sequence	229740705	229741667	962	938	174	189	0.185501
negative_825	CM142247.1 Homo sapiens isolate H9_T2T chromosome 1, whole genome shotgun sequence	26561901	26562767	866	842	150	168	0.178147
negative_826	CM142247.1 Homo sapiens isolate H9_T2T chromosome 1, whole genome shotgun sequence	134469468	134470354	886	862	152	170	0.176334
negative_827	CM142247.1 Homo sapiens isolate H9_T2T chromosome 1, whole genome shotgun sequence	119765045	119765898	853	829	160	175	0.193004
negative_828	CM142247.1 Homo sapiens isolate H9_T2T chromosome 1, whole genome shotgun sequence	208453357	208454225	868	844	160	184	0.189573
negative_829	CM142247.1 Homo sapiens isolate H9_T2T chromosome 1, whole genome shotgun sequence	136399365	136400353	988	964	173	196	0.179461
negative_830	CM142247.1 Homo sapiens isolate H9_T2T chromosome 1, whole genome shotgun sequence	168943558	168944540	982	958	152	170	0.158664
negative_831	CM142247.1 Homo sapiens isolate H9_T2T chromosome 1, whole genome shotgun sequence	128163334	128164292	958	934	164	181	0.175589
negative_832	CM142247.1 Homo sapiens isolate H9_T2T chromosome 1, whole genome shotgun sequence	36012663	36013547	884	860	167	192	0.194186
negative_833	CM142247.1 Homo sapiens isolate H9_T2T chromosome 1, whole genome shotgun sequence	151895593	151896560	967	943	168	192	0.178155
negative_834	CM142247.1 Homo sapiens isolate H9_T2T chromosome 1, whole genome shotgun sequence	148406016	148406875	859	835	146	166	0.174850
negative_835	CM142247.1 Homo sapiens isolate H9_T2T chromosome 1, whole genome shotgun sequence	182593614	182594597	983	959	182	208	0.189781
negative_836	CM142247.1 Homo sapiens isolate H9_T2T chromosome 1, whole genome shotgun sequence	24987843	24988711	868	844	152	164	0.180095
negative_837	CM142247.1 Homo sapiens isolate H9_T2T chromosome 1, whole genome shotgun sequence	187242877	187243783	906	882	177	194	0.200680
negative_838	CM142247.1 Homo sapiens isolate H9_T2T chromosome 1, whole genome shotgun sequence	8607436	8608374	938	914	169	195	0.184902
negative_839	CM142247.1 Homo sapiens isolate H9_T2T chromosome 1, whole genome shotgun sequence	62043522	62044412	890	866	159	180	0.183603
negative_840	CM142247.1 Homo sapiens isolate H9_T2T chromosome 1, whole genome shotgun sequence	122910967	122911841	874	850	163	188	0.191765
negative_841	CM142247.1 Homo sapiens isolate H9_T2T chromosome 1, whole genome shotgun sequence	102516698	102517568	870	846	164	196	0.193853
negative_842	CM142247.1 Homo sapiens isolate H9_T2T chromosome 1, whole genome shotgun sequence	9195854	9196714	860	836	166	193	0.198565
negative_843	CM142247.1 Homo sapiens isolate H9_T2T chromosome 1, whole genome shotgun sequence	27611089	27612050	961	937	175	191	0.186766
negative_844	CM142247.1 Homo sapiens isolate H9_T2T chromosome 1, whole genome shotgun sequence	31367758	31368679	921	897	168	191	0.187291
negative_845	CM142247.1 Homo sapiens isolate H9_T2T chromosome 1, whole genome shotgun sequence	162825161	162826106	945	921	172	198	0.186754
negative_846	CM142247.1 Homo sapiens isolate H9_T2T chromosome 1, whole genome shotgun sequence	100554848	100555749	901	877	165	185	0.188141
negative_847	CM142247.1 Homo sapiens isolate H9_T2T chromosome 1, whole genome shotgun sequence	140249729	140250656	927	903	179	201	0.198228
negative_848	CM142247.1 Homo sapiens isolate H9_T2T chromosome 1, whole genome shotgun sequence	179216320	179217229	909	885	156	175	0.176271
negative_849	CM142247.1 Homo sapiens isolate H9_T2T chromosome 1, whole genome shotgun sequence	150544736	150545733	997	973	181	206	0.186023
negative_850	CM142247.1 Homo sapiens isolate H9_T2T chromosome 1, whole genome shotgun sequence	193835337	193836271	934	910	190	214	0.208791
negative_851	CM142247.1 Homo sapiens isolate H9_T2T chromosome 1, whole genome shotgun sequence	22197250	22198151	901	877	148	170	0.168757
negative_852	CM142247.1 Homo sapiens isolate H9_T2T chromosome 1, whole genome shotgun sequence	147818758	147819711	953	929	174	192	0.187298
negative_853	CM142247.1 Homo sapiens isolate H9_T2T chromosome 1, whole genome shotgun sequence	5406325	5407316	991	967	174	192	0.179938
negative_854	CM142247.1 Homo sapiens isolate H9_T2T chromosome 1, whole genome shotgun sequence	179421180	179422158	978	954	168	190	0.176101
negative_855	CM142247.1 Homo sapiens isolate H9_T2T chromosome 1, whole genome shotgun sequence	23149621	23150605	984	960	172	189	0.179167
negative_856	CM142247.1 Homo sapiens isolate H9_T2T chromosome 1, whole genome shotgun sequence	86135830	86136818	988	964	178	196	0.184647
negative_857	CM142247.1 Homo sapiens isolate H9_T2T chromosome 1, whole genome shotgun sequence	228550148	228551072	924	900	157	173	0.174444
negative_858	CM142247.1 Homo sapiens isolate H9_T2T chromosome 1, whole genome shotgun sequence	23535952	23536863	911	887	150	177	0.169109
negative_859	CM142247.1 Homo sapiens isolate H9_T2T chromosome 1, whole genome shotgun sequence	4779052	4780004	952	928	180	197	0.193966
negative_860	CM142247.1 Homo sapiens isolate H9_T2T chromosome 1, whole genome shotgun sequence	62509726	62510634	908	884	174	196	0.196833
negative_861	CM142247.1 Homo sapiens isolate H9_T2T chromosome 1, whole genome shotgun sequence	124514099	124515063	964	940	172	186	0.182979
negative_862	CM142247.1 Homo sapiens isolate H9_T2T chromosome 1, whole genome shotgun sequence	3181055	3181926	871	847	170	186	0.200708
negative_863	CM142247.1 Homo sapiens isolate H9_T2T chromosome 1, whole genome shotgun sequence	241791404	241792302	898	874	166	185	0.189931
negative_864	CM142247.1 Homo sapiens isolate H9_T2T chromosome 1, whole genome shotgun sequence	221885998	221886964	966	942	183	196	0.194268
negative_865	CM142247.1 Homo sapiens isolate H9_T2T chromosome 1, whole genome shotgun sequence	218574472	218575454	982	958	173	192	0.180585
negative_866	CM142247.1 Homo sapiens isolate H9_T2T chromosome 1, whole genome shotgun sequence	216787743	216788655	912	888	182	206	0.204955
negative_867	CM142247.1 Homo sapiens isolate H9_T2T chromosome 1, whole genome shotgun sequence	235202608	235203464	856	832	155	177	0.186298
negative_868	CM142247.1 Homo sapiens isolate H9_T2T chromosome 1, whole genome shotgun sequence	22782741	22783703	962	938	169	191	0.180171
negative_869	CM142247.1 Homo sapiens isolate H9_T2T chromosome 1, whole genome shotgun sequence	16366257	16367170	913	889	152	163	0.170979
negative_870	CM142247.1 Homo sapiens isolate H9_T2T chromosome 1, whole genome shotgun sequence	137461009	137461892	883	859	156	174	0.181607
negative_871	CM142247.1 Homo sapiens isolate H9_T2T chromosome 1, whole genome shotgun sequence	145987066	145988065	999	975	187	213	0.191795
negative_872	CM142247.1 Homo sapiens isolate H9_T2T chromosome 1, whole genome shotgun sequence	69545896	69546801	905	881	166	189	0.188422
negative_873	CM142247.1 Homo sapiens isolate H9_T2T chromosome 1, whole genome shotgun sequence	207336313	207337230	917	893	166	187	0.185890
negative_874	CM142247.1 Homo sapiens isolate H9_T2T chromosome 1, whole genome shotgun sequence	94668394	94669245	851	827	165	181	0.199516
negative_875	CM142247.1 Homo sapiens isolate H9_T2T chromosome 1, whole genome shotgun sequence	109536179	109537077	898	874	138	153	0.157895
negative_876	CM142247.1 Homo sapiens isolate H9_T2T chromosome 1, whole genome shotgun sequence	176290164	176291032	868	844	133	151	0.157583
negative_877	CM142247.1 Homo sapiens isolate H9_T2T chromosome 1, whole genome shotgun sequence	201061992	201062895	903	879	146	167	0.166098
negative_878	CM142247.1 Homo sapiens isolate H9_T2T chromosome 1, whole genome shotgun sequence	140166217	140167122	905	881	181	202	0.205448
negative_879	CM142247.1 Homo sapiens isolate H9_T2T chromosome 1, whole genome shotgun sequence	137221964	137222850	886	862	158	174	0.183295
negative_880	CM142247.1 Homo sapiens isolate H9_T2T chromosome 1, whole genome shotgun sequence	55569342	55570211	869	845	159	176	0.188166
negative_881	CM142247.1 Homo sapiens isolate H9_T2T chromosome 1, whole genome shotgun sequence	39232915	39233796	881	857	152	178	0.177363
negative_882	CM142247.1 Homo sapiens isolate H9_T2T chromosome 1, whole genome shotgun sequence	38328319	38329173	854	830	144	159	0.173494
negative_883	CM142247.1 Homo sapiens isolate H9_T2T chromosome 1, whole genome shotgun sequence	201787163	201788051	888	864	173	193	0.200231
negative_884	CM142247.1 Homo sapiens isolate H9_T2T chromosome 1, whole genome shotgun sequence	58037421	58038402	981	957	176	196	0.183908
negative_885	CM142247.1 Homo sapiens isolate H9_T2T chromosome 1, whole genome shotgun sequence	153009266	153010170	904	880	150	168	0.170455
negative_886	CM142247.1 Homo sapiens isolate H9_T2T chromosome 1, whole genome shotgun sequence	223996509	223997410	901	877	157	181	0.179019
negative_887	CM142247.1 Homo sapiens isolate H9_T2T chromosome 1, whole genome shotgun sequence	77652156	77653105	949	925	178	201	0.192432
negative_888	CM142247.1 Homo sapiens isolate H9_T2T chromosome 1, whole genome shotgun sequence	58809816	58810679	863	839	185	209	0.220501
negative_889	CM142247.1 Homo sapiens isolate H9_T2T chromosome 1, whole genome shotgun sequence	84752202	84753143	941	917	178	201	0.194111
negative_890	CM142247.1 Homo sapiens isolate H9_T2T chromosome 1, whole genome shotgun sequence	112250771	112251723	952	928	171	194	0.184267
negative_891	CM142247.1 Homo sapiens isolate H9_T2T chromosome 1, whole genome shotgun sequence	219986551	219987550	999	975	169	190	0.173333
negative_892	CM142247.1 Homo sapiens isolate H9_T2T chromosome 1, whole genome shotgun sequence	209997640	209998568	928	904	150	173	0.165929
negative_893	CM142247.1 Homo sapiens isolate H9_T2T chromosome 1, whole genome shotgun sequence	194133504	194134461	957	933	140	164	0.150054
negative_894	CM142247.1 Homo sapiens isolate H9_T2T chromosome 1, whole genome shotgun sequence	18827438	18828392	954	930	193	208	0.207527
negative_895	CM142247.1 Homo sapiens isolate H9_T2T chromosome 1, whole genome shotgun sequence	46338708	46339603	895	871	159	178	0.182549
negative_896	CM142247.1 Homo sapiens isolate H9_T2T chromosome 1, whole genome shotgun sequence	225165539	225166463	924	900	176	196	0.195556
negative_897	CM142247.1 Homo sapiens isolate H9_T2T chromosome 1, whole genome shotgun sequence	61044101	61045045	944	920	166	186	0.180435
negative_898	CM142247.1 Homo sapiens isolate H9_T2T chromosome 1, whole genome shotgun sequence	7325774	7326733	959	935	171	183	0.182888
negative_899	CM142247.1 Homo sapiens isolate H9_T2T chromosome 1, whole genome shotgun sequence	113309020	113309968	948	924	180	197	0.194805
negative_900	CM142247.1 Homo sapiens isolate H9_T2T chromosome 1, whole genome shotgun sequence	135001406	135002387	981	957	156	181	0.163009
negative_901	CM142247.1 Homo sapiens isolate H9_T2T chromosome 1, whole genome shotgun sequence	85367151	85368039	888	864	164	184	0.189815
negative_902	CM142247.1 Homo sapiens isolate H9_T2T chromosome 1, whole genome shotgun sequence	164452334	164453209	875	851	157	177	0.184489
negative_903	CM142247.1 Homo sapiens isolate H9_T2T chromosome 1, whole genome shotgun sequence	195407566	195408529	963	939	148	163	0.157614
negative_904	CM142247.1 Homo sapiens isolate H9_T2T chromosome 1, whole genome shotgun sequence	124316136	124317036	900	876	159	179	0.181507
negative_905	CM142247.1 Homo sapiens isolate H9_T2T chromosome 1, whole genome shotgun sequence	96941026	96941885	859	835	162	183	0.194012
negative_906	CM142247.1 Homo sapiens isolate H9_T2T chromosome 1, whole genome shotgun sequence	85454950	85455913	963	939	169	191	0.179979
negative_907	CM142247.1 Homo sapiens isolate H9_T2T chromosome 1, whole genome shotgun sequence	171973591	171974548	957	933	179	204	0.191854
negative_908	CM142247.1 Homo sapiens isolate H9_T2T chromosome 1, whole genome shotgun sequence	175261755	175262642	887	863	168	188	0.194670
negative_909	CM142247.1 Homo sapiens isolate H9_T2T chromosome 1, whole genome shotgun sequence	230970186	230971145	959	935	163	192	0.174332
negative_910	CM142247.1 Homo sapiens isolate H9_T2T chromosome 1, whole genome shotgun sequence	194614745	194615678	933	909	159	187	0.174917
negative_911	CM142247.1 Homo sapiens isolate H9_T2T chromosome 1, whole genome shotgun sequence	168334188	168335062	874	850	158	172	0.185882
negative_912	CM142247.1 Homo sapiens isolate H9_T2T chromosome 1, whole genome shotgun sequence	66680939	66681916	977	953	173	196	0.181532
negative_913	CM142247.1 Homo sapiens isolate H9_T2T chromosome 1, whole genome shotgun sequence	4664669	4665592	923	899	165	191	0.183537
negative_914	CM142247.1 Homo sapiens isolate H9_T2T chromosome 1, whole genome shotgun sequence	37999197	38000179	982	958	175	197	0.182672
negative_915	CM142247.1 Homo sapiens isolate H9_T2T chromosome 1, whole genome shotgun sequence	192120731	192121612	881	857	172	186	0.200700
negative_916	CM142247.1 Homo sapiens isolate H9_T2T chromosome 1, whole genome shotgun sequence	26387380	26388266	886	862	164	183	0.190255
negative_917	CM142247.1 Homo sapiens isolate H9_T2T chromosome 1, whole genome shotgun sequence	118702244	118703150	906	882	174	206	0.197279
negative_918	CM142247.1 Homo sapiens isolate H9_T2T chromosome 1, whole genome shotgun sequence	208466340	208467281	941	917	152	177	0.165758
negative_919	CM142247.1 Homo sapiens isolate H9_T2T chromosome 1, whole genome shotgun sequence	10796162	10797137	975	951	183	204	0.192429
negative_920	CM142247.1 Homo sapiens isolate H9_T2T chromosome 1, whole genome shotgun sequence	139363357	139364219	862	838	161	180	0.192124
negative_921	CM142247.1 Homo sapiens isolate H9_T2T chromosome 1, whole genome shotgun sequence	137745716	137746593	877	853	150	162	0.175850
negative_922	CM142247.1 Homo sapiens isolate H9_T2T chromosome 1, whole genome shotgun sequence	232494258	232495255	997	973	178	204	0.182939
negative_923	CM142247.1 Homo sapiens isolate H9_T2T chromosome 1, whole genome shotgun sequence	224753181	224754112	931	907	172	195	0.189636
negative_924	CM142247.1 Homo sapiens isolate H9_T2T chromosome 1, whole genome shotgun sequence	102750851	102751761	910	886	176	189	0.198646
negative_925	CM142247.1 Homo sapiens isolate H9_T2T chromosome 1, whole genome shotgun sequence	9081981	9082969	988	964	163	180	0.169087
negative_926	CM142247.1 Homo sapiens isolate H9_T2T chromosome 1, whole genome shotgun sequence	237321328	237322216	888	864	162	177	0.187500
negative_927	CM142247.1 Homo sapiens isolate H9_T2T chromosome 1, whole genome shotgun sequence	111493724	111494691	967	943	185	208	0.196182
negative_928	CM142247.1 Homo sapiens isolate H9_T2T chromosome 1, whole genome shotgun sequence	135657514	135658409	895	871	169	200	0.194030
negative_929	CM142247.1 Homo sapiens isolate H9_T2T chromosome 1, whole genome shotgun sequence	10840755	10841668	913	889	170	194	0.191226
negative_930	CM142247.1 Homo sapiens isolate H9_T2T chromosome 1, whole genome shotgun sequence	175781395	175782340	945	921	188	215	0.204126
negative_931	CM142247.1 Homo sapiens isolate H9_T2T chromosome 1, whole genome shotgun sequence	79166129	79167100	971	947	167	190	0.176346
negative_932	CM142247.1 Homo sapiens isolate H9_T2T chromosome 1, whole genome shotgun sequence	31411558	31412447	889	865	156	169	0.180347
negative_933	CM142247.1 Homo sapiens isolate H9_T2T chromosome 1, whole genome shotgun sequence	213769158	213770109	951	927	158	178	0.170442
negative_934	CM142247.1 Homo sapiens isolate H9_T2T chromosome 1, whole genome shotgun sequence	72060600	72061464	864	840	140	159	0.166667
negative_935	CM142247.1 Homo sapiens isolate H9_T2T chromosome 1, whole genome shotgun sequence	65310796	65311682	886	862	152	169	0.176334
negative_936	CM142247.1 Homo sapiens isolate H9_T2T chromosome 1, whole genome shotgun sequence	1216326	1217195	869	845	156	171	0.184615
negative_937	CM142247.1 Homo sapiens isolate H9_T2T chromosome 1, whole genome shotgun sequence	48648945	48649812	867	843	147	164	0.174377
negative_938	CM142247.1 Homo sapiens isolate H9_T2T chromosome 1, whole genome shotgun sequence	22404562	22405463	901	877	176	204	0.200684
negative_939	CM142247.1 Homo sapiens isolate H9_T2T chromosome 1, whole genome shotgun sequence	209247691	209248666	975	951	173	195	0.181914
negative_940	CM142247.1 Homo sapiens isolate H9_T2T chromosome 1, whole genome shotgun sequence	226994819	226995710	891	867	164	180	0.189158
negative_941	CM142247.1 Homo sapiens isolate H9_T2T chromosome 1, whole genome shotgun sequence	170937646	170938630	984	960	174	192	0.181250
negative_942	CM142247.1 Homo sapiens isolate H9_T2T chromosome 1, whole genome shotgun sequence	69781798	69782765	967	943	177	199	0.187699
negative_943	CM142247.1 Homo sapiens isolate H9_T2T chromosome 1, whole genome shotgun sequence	118268640	118269497	857	833	132	151	0.158463
negative_944	CM142247.1 Homo sapiens isolate H9_T2T chromosome 1, whole genome shotgun sequence	199572450	199573371	921	897	166	181	0.185061
negative_945	CM142247.1 Homo sapiens isolate H9_T2T chromosome 1, whole genome shotgun sequence	89455061	89456005	944	920	170	188	0.184783
negative_946	CM142247.1 Homo sapiens isolate H9_T2T chromosome 1, whole genome shotgun sequence	62437328	62438299	971	947	183	198	0.193242
negative_947	CM142247.1 Homo sapiens isolate H9_T2T chromosome 1, whole genome shotgun sequence	221737635	221738487	852	828	146	164	0.176329
negative_948	CM142247.1 Homo sapiens isolate H9_T2T chromosome 1, whole genome shotgun sequence	158186895	158187763	868	844	153	178	0.181280
negative_949	CM142247.1 Homo sapiens isolate H9_T2T chromosome 1, whole genome shotgun sequence	59114198	59115185	987	963	157	173	0.163032
negative_950	CM142247.1 Homo sapiens isolate H9_T2T chromosome 1, whole genome shotgun sequence	166445002	166445899	897	873	177	197	0.202749
negative_951	CM142247.1 Homo sapiens isolate H9_T2T chromosome 1, whole genome shotgun sequence	171576874	171577791	917	893	175	201	0.195969
negative_952	CM142247.1 Homo sapiens isolate H9_T2T chromosome 1, whole genome shotgun sequence	13003469	13004372	903	879	176	197	0.200228
negative_953	CM142247.1 Homo sapiens isolate H9_T2T chromosome 1, whole genome shotgun sequence	23606401	23607336	935	911	159	176	0.174533
negative_954	CM142247.1 Homo sapiens isolate H9_T2T chromosome 1, whole genome shotgun sequence	49319999	49320872	873	849	139	158	0.163722
negative_955	CM142247.1 Homo sapiens isolate H9_T2T chromosome 1, whole genome shotgun sequence	208785203	208786157	954	930	161	185	0.173118
negative_956	CM142247.1 Homo sapiens isolate H9_T2T chromosome 1, whole genome shotgun sequence	138505645	138506622	977	953	163	178	0.171039
negative_957	CM142247.1 Homo sapiens isolate H9_T2T chromosome 1, whole genome shotgun sequence	41281741	41282661	920	896	154	179	0.171875
negative_958	CM142247.1 Homo sapiens isolate H9_T2T chromosome 1, whole genome shotgun sequence	73557007	73557858	851	827	160	173	0.193470
negative_959	CM142247.1 Homo sapiens isolate H9_T2T chromosome 1, whole genome shotgun sequence	198980212	198981147	935	911	146	171	0.160263
negative_960	CM142247.1 Homo sapiens isolate H9_T2T chromosome 1, whole genome shotgun sequence	245980375	245981346	971	947	188	210	0.198522
negative_961	CM142247.1 Homo sapiens isolate H9_T2T chromosome 1, whole genome shotgun sequence	104365054	104365911	857	833	159	179	0.190876
negative_962	CM142247.1 Homo sapiens isolate H9_T2T chromosome 1, whole genome shotgun sequence	45260975	45261877	902	878	167	189	0.190205
negative_963	CM142247.1 Homo sapiens isolate H9_T2T chromosome 1, whole genome shotgun sequence	182272243	182273126	883	859	191	218	0.222352
negative_964	CM142247.1 Homo sapiens isolate H9_T2T chromosome 1, whole genome shotgun sequence	77812725	77813617	892	868	167	193	0.192396
negative_965	CM142247.1 Homo sapiens isolate H9_T2T chromosome 1, whole genome shotgun sequence	226547116	226548043	927	903	159	169	0.176080
negative_966	CM142247.1 Homo sapiens isolate H9_T2T chromosome 1, whole genome shotgun sequence	163034047	163034898	851	827	135	152	0.163241
negative_967	CM142247.1 Homo sapiens isolate H9_T2T chromosome 1, whole genome shotgun sequence	151136923	151137862	939	915	190	220	0.207650
negative_968	CM142247.1 Homo sapiens isolate H9_T2T chromosome 1, whole genome shotgun sequence	163635552	163636465	913	889	159	173	0.178853
negative_969	CM142247.1 Homo sapiens isolate H9_T2T chromosome 1, whole genome shotgun sequence	26120834	26121751	917	893	163	184	0.182531
negative_970	CM142247.1 Homo sapiens isolate H9_T2T chromosome 1, whole genome shotgun sequence	188867371	188868273	902	878	154	172	0.175399
negative_971	CM142247.1 Homo sapiens isolate H9_T2T chromosome 1, whole genome shotgun sequence	2414366	2415329	963	939	152	167	0.161874
negative_972	CM142247.1 Homo sapiens isolate H9_T2T chromosome 1, whole genome shotgun sequence	119610718	119611622	904	880	159	185	0.180682
negative_973	CM142247.1 Homo sapiens isolate H9_T2T chromosome 1, whole genome shotgun sequence	114996818	114997672	854	830	140	159	0.168675
negative_974	CM142247.1 Homo sapiens isolate H9_T2T chromosome 1, whole genome shotgun sequence	162522270	162523204	934	910	172	195	0.189011
negative_975	CM142247.1 Homo sapiens isolate H9_T2T chromosome 1, whole genome shotgun sequence	7844234	7845211	977	953	164	187	0.172088
negative_976	CM142247.1 Homo sapiens isolate H9_T2T chromosome 1, whole genome shotgun sequence	190370093	190371048	955	931	166	186	0.178303
negative_977	CM142247.1 Homo sapiens isolate H9_T2T chromosome 1, whole genome shotgun sequence	223907519	223908414	895	871	168	183	0.192882
negative_978	CM142247.1 Homo sapiens isolate H9_T2T chromosome 1, whole genome shotgun sequence	34163176	34164127	951	927	158	179	0.170442
negative_979	CM142247.1 Homo sapiens isolate H9_T2T chromosome 1, whole genome shotgun sequence	49840208	49841087	879	855	172	193	0.201170
negative_980	CM142247.1 Homo sapiens isolate H9_T2T chromosome 1, whole genome shotgun sequence	4741554	4742408	854	830	167	192	0.201205
negative_981	CM142247.1 Homo sapiens isolate H9_T2T chromosome 1, whole genome shotgun sequence	26532881	26533782	901	877	146	167	0.166477
negative_982	CM142247.1 Homo sapiens isolate H9_T2T chromosome 1, whole genome shotgun sequence	32760016	32760999	983	959	160	172	0.166840
negative_983	CM142247.1 Homo sapiens isolate H9_T2T chromosome 1, whole genome shotgun sequence	90607528	90608458	930	906	165	191	0.182119
negative_984	CM142247.1 Homo sapiens isolate H9_T2T chromosome 1, whole genome shotgun sequence	141805967	141806850	883	859	168	194	0.195576
negative_985	CM142247.1 Homo sapiens isolate H9_T2T chromosome 1, whole genome shotgun sequence	59837070	59837999	929	905	167	195	0.184530
negative_986	CM142247.1 Homo sapiens isolate H9_T2T chromosome 1, whole genome shotgun sequence	62750013	62750932	919	895	173	190	0.193296
negative_987	CM142247.1 Homo sapiens isolate H9_T2T chromosome 1, whole genome shotgun sequence	30079825	30080743	918	894	172	191	0.192394
negative_988	CM142247.1 Homo sapiens isolate H9_T2T chromosome 1, whole genome shotgun sequence	245242774	245243725	951	927	174	188	0.187702
negative_989	CM142247.1 Homo sapiens isolate H9_T2T chromosome 1, whole genome shotgun sequence	166256084	166256960	876	852	166	190	0.194836
negative_990	CM142247.1 Homo sapiens isolate H9_T2T chromosome 1, whole genome shotgun sequence	94849836	94850755	919	895	159	178	0.177654
negative_991	CM142247.1 Homo sapiens isolate H9_T2T chromosome 1, whole genome shotgun sequence	140121826	140122816	990	966	159	179	0.164596
negative_992	CM142247.1 Homo sapiens isolate H9_T2T chromosome 1, whole genome shotgun sequence	18089344	18090343	999	975	203	225	0.208205
negative_993	CM142247.1 Homo sapiens isolate H9_T2T chromosome 1, whole genome shotgun sequence	127881427	127882406	979	955	168	187	0.175916
negative_994	CM142247.1 Homo sapiens isolate H9_T2T chromosome 1, whole genome shotgun sequence	60116961	60117882	921	897	175	198	0.195095
negative_995	CM142247.1 Homo sapiens isolate H9_T2T chromosome 1, whole genome shotgun sequence	213326065	213326934	869	845	129	142	0.152663
negative_996	CM142247.1 Homo sapiens isolate H9_T2T chromosome 1, whole genome shotgun sequence	148546510	148547463	953	929	155	169	0.166846
negative_997	CM142247.1 Homo sapiens isolate H9_T2T chromosome 1, whole genome shotgun sequence	80102296	80103209	913	889	146	160	0.164229
negative_998	CM142247.1 Homo sapiens isolate H9_T2T chromosome 1, whole genome shotgun sequence	58909511	58910411	900	876	155	181	0.176941
negative_999	CM142247.1 Homo sapiens isolate H9_T2T chromosome 1, whole genome shotgun sequence	96706893	96707770	877	853	174	195	0.203986
