transcript_name	transcript_id	k_size	total_kmer_windows	matched_kmer_windows	matched_kmer_ratio	unique_kmers	unique_kmers_found	unique_kmer_ratio	reference_hit_sum
HAR1A-201	ENST00000433161.2	35	1883	1606	0.852894	1883	1606	0.852894	1606
HAR1A-202	ENST00000806886.1	35	924	789	0.853896	924	789	0.853896	789
HAR1A-203	ENST00000806887.1	35	843	704	0.835113	843	704	0.835113	704
