transcript_name	transcript_id	k_size	total_kmer_windows	matched_kmer_windows	matched_kmer_ratio	unique_kmers	unique_kmers_found	unique_kmer_ratio	reference_hit_sum
HAR1A-201	ENST00000433161.2	35	1883	1655	0.878917	1883	1655	0.878917	1655
HAR1A-202	ENST00000806886.1	35	924	859	0.929654	924	859	0.929654	859
HAR1A-203	ENST00000806887.1	35	843	774	0.918149	843	774	0.918149	774
