transcript_name	transcript_id	k_size	total_kmer_windows	matched_kmer_windows	matched_kmer_ratio	unique_kmers	unique_kmers_found	unique_kmer_ratio	reference_hit_sum
HAR1A-201	ENST00000433161.2	35	1883	158	0.0839087	1883	158	0.0839087	158
HAR1A-202	ENST00000806886.1	35	924	158	0.170996	924	158	0.170996	158
HAR1A-203	ENST00000806887.1	35	843	154	0.182681	843	154	0.182681	154
