transcript_name	transcript_id	k_size	total_kmer_windows	matched_kmer_windows	matched_kmer_ratio	unique_kmers	unique_kmers_found	unique_kmer_ratio	reference_hit_sum
HAR1A-201	ENST00000433161.2	35	1883	599	0.318109	1883	599	0.318109	599
HAR1A-202	ENST00000806886.1	35	924	464	0.502165	924	464	0.502165	464
HAR1A-203	ENST00000806887.1	35	843	463	0.549229	843	463	0.549229	463
