transcript_name	transcript_id	k_size	total_kmer_windows	matched_kmer_windows	matched_kmer_ratio	unique_kmers	unique_kmers_found	unique_kmer_ratio	reference_hit_sum
HAR1A-201	ENST00000433161.2	35	1883	1348	0.715879	1883	1348	0.715879	1348
HAR1A-202	ENST00000806886.1	35	924	614	0.664502	924	614	0.664502	614
HAR1A-203	ENST00000806887.1	35	843	510	0.604982	843	510	0.604982	510
