transcript_name	transcript_id	k_size	total_kmer_windows	matched_kmer_windows	matched_kmer_ratio	unique_kmers	unique_kmers_found	unique_kmer_ratio	reference_hit_sum
HAR1A-201	ENST00000433161.2	35	1883	155	0.0823155	1883	155	0.0823155	155
HAR1A-202	ENST00000806886.1	35	924	155	0.167749	924	155	0.167749	155
HAR1A-203	ENST00000806887.1	35	843	151	0.179122	843	151	0.179122	151
