transcript_name	transcript_id	k_size	total_kmer_windows	matched_kmer_windows	matched_kmer_ratio	unique_kmers	unique_kmers_found	unique_kmer_ratio	reference_hit_sum
HAR1A-201	ENST00000433161.2	35	1883	618	0.3282	1883	618	0.3282	618
HAR1A-202	ENST00000806886.1	35	924	488	0.528139	924	488	0.528139	488
HAR1A-203	ENST00000806887.1	35	843	487	0.577699	843	487	0.577699	487
