transcript_name	transcript_id	k_size	total_kmer_windows	matched_kmer_windows	matched_kmer_ratio	unique_kmers	unique_kmers_found	unique_kmer_ratio	reference_hit_sum
HAR1A-201	ENST00000433161.2	33	1885	1728	0.916711	1885	1728	0.916711	1728
HAR1A-202	ENST00000806886.1	33	926	898	0.969762	926	898	0.969762	898
HAR1A-203	ENST00000806887.1	33	845	813	0.96213	845	813	0.96213	813
