transcript_name	transcript_id	k_size	total_kmer_windows	matched_kmer_windows	matched_kmer_ratio	unique_kmers	unique_kmers_found	unique_kmer_ratio	reference_hit_sum
HAR1A-201	ENST00000433161.2	33	1885	628	0.333156	1885	628	0.333156	628
HAR1A-202	ENST00000806886.1	33	926	483	0.521598	926	483	0.521598	483
HAR1A-203	ENST00000806887.1	33	845	479	0.566864	845	479	0.566864	479
