transcript_name	transcript_id	k_size	total_kmer_windows	matched_kmer_windows	matched_kmer_ratio	unique_kmers	unique_kmers_found	unique_kmer_ratio	reference_hit_sum
HAR1A-201	ENST00000433161.2	33	1885	165	0.0875332	1885	165	0.0875332	165
HAR1A-202	ENST00000806886.1	33	926	165	0.178186	926	165	0.178186	165
HAR1A-203	ENST00000806887.1	33	845	159	0.188166	845	159	0.188166	159
