transcript_name	transcript_id	k_size	total_kmer_windows	matched_kmer_windows	matched_kmer_ratio	unique_kmers	unique_kmers_found	unique_kmer_ratio	reference_hit_sum
HAR1A-201	ENST00000433161.2	33	1885	170	0.0901857	1885	170	0.0901857	170
HAR1A-202	ENST00000806886.1	33	926	170	0.183585	926	170	0.183585	170
HAR1A-203	ENST00000806887.1	33	845	164	0.194083	845	164	0.194083	164
