transcript_name	transcript_id	k_size	total_kmer_windows	matched_kmer_windows	matched_kmer_ratio	unique_kmers	unique_kmers_found	unique_kmer_ratio	reference_hit_sum
HAR1A-201	ENST00000433161.2	33	1885	1378	0.731034	1885	1378	0.731034	1378
HAR1A-202	ENST00000806886.1	33	926	630	0.680346	926	630	0.680346	630
HAR1A-203	ENST00000806887.1	33	845	528	0.624852	845	528	0.624852	528
